segment_id,road_type,rainfall_mm,rainfall_prev_6h_mm,rainfall_rate_change_mm_per_h,slope_degrees,river_distance_km,historical_closure_count,active_weather_warning,disrupted
SEG_HWY_NH27,highway,31.38,21.79,27.74,0.0,4.609,1,0,0
SEG_HWY_NH37,highway,53.8,4.63,53.03,0.21,3.264,4,0,1
SEG_DIST_AR1,district,34.31,7.8,33.0,25.93,0.985,8,0,0
SEG_STATE_MN2,state,29.58,12.41,27.52,25.16,1.563,1,0,0
SEG_STATE_MN2,state,4.52,13.51,2.27,25.56,2.238,1,0,1
SEG_STATE_AS1,state,35.92,20.83,32.45,18.79,1.688,1,1,0
SEG_HWY_NH27,highway,16.97,17.67,14.02,11.33,4.97,1,0,0
SEG_HWY_NH27,highway,11.25,32.08,5.9,11.69,4.72,2,0,0
SEG_RURAL_NL1,rural,6.15,6.83,5.01,40.11,0.781,1,0,1
SEG_HWY_NH37,highway,65.39,6.03,64.39,3.05,2.587,4,0,0
SEG_HWY_NH37,highway,2.27,4.9,1.45,1.94,2.958,4,0,0
SEG_HWY_NH27,highway,49.27,2.98,48.77,4.37,5.639,2,0,0
SEG_STATE_MN2,state,34.67,13.63,32.4,22.8,1.964,3,0,0
SEG_STATE_MN2,state,6.76,41.94,-0.23,20.08,2.438,2,0,0
SEG_HWY_NH37,highway,26.8,0.58,26.7,0.78,2.634,2,0,0
SEG_STATE_MN2,state,19.18,18.5,16.09,21.23,1.791,1,0,0
SEG_RURAL_NL1,rural,81.8,8.83,80.33,37.05,0.395,8,0,1
SEG_STATE_MN2,state,93.06,3.38,92.49,36.53,1.649,2,0,1
SEG_RURAL_TR1,rural,22.5,9.28,20.95,46.16,0.05,5,0,1
SEG_DIST_AR1,district,69.52,5.21,68.65,31.31,0.466,9,0,0
SEG_HWY_NH37,highway,0.96,13.68,-1.32,3.14,2.473,3,0,0
SEG_STATE_AS1,state,38.07,29.56,33.14,26.72,1.632,6,0,0
SEG_RURAL_NL1,rural,41.99,10.96,40.16,37.41,0.753,3,0,0
SEG_DIST_MZ1,district,38.74,15.27,36.19,37.07,0.985,3,0,0
SEG_DIST_AR1,district,29.82,4.61,29.05,29.24,0.915,10,0,1
SEG_STATE_AS1,state,70.71,12.87,68.57,9.99,1.125,0,0,1
SEG_STATE_MN2,state,16.93,5.88,15.95,25.8,2.069,2,0,1
SEG_DIST_MZ1,district,22.79,1.86,22.48,31.61,0.725,2,0,0
SEG_HWY_NH27,highway,12.04,1.87,11.73,6.21,5.241,5,1,0
SEG_HWY_NH27,highway,14.35,9.74,12.73,9.81,5.396,3,0,0
SEG_RURAL_NL1,rural,90.65,13.48,88.4,35.77,0.4,2,1,1
SEG_HWY_NH27,highway,84.41,4.05,83.73,5.96,4.915,4,0,0
SEG_DIST_MZ1,district,38.02,9.92,36.36,37.15,0.245,1,0,1
SEG_DIST_MZ1,district,3.66,33.47,-1.92,31.4,0.05,9,0,0
SEG_DIST_AR1,district,23.37,15.8,20.74,26.56,1.069,7,0,1
SEG_HWY_NH37,highway,17.28,1.61,17.01,2.31,3.344,0,0,0
SEG_RURAL_TR1,rural,20.41,14.0,18.07,48.53,0.399,7,0,1
SEG_HWY_NH27,highway,32.05,5.2,31.18,11.7,4.952,1,1,0
SEG_RURAL_NL1,rural,28.86,32.87,23.38,38.74,0.409,0,0,0
SEG_HWY_NH27,highway,29.84,2.82,29.37,17.11,4.504,2,0,0
SEG_DIST_AR1,district,58.69,6.05,57.68,33.81,0.934,0,0,0
SEG_DIST_MZ1,district,12.41,21.2,8.87,31.93,0.935,2,0,0
SEG_STATE_MN2,state,9.78,39.15,3.25,19.97,1.419,2,0,0
SEG_HWY_NH27,highway,89.54,8.39,88.14,11.08,4.481,2,1,1
SEG_HWY_NH37,highway,11.66,30.28,6.62,0.0,2.995,1,0,0
SEG_STATE_MN2,state,30.65,2.44,30.25,23.75,2.715,8,0,0
SEG_DIST_AR1,district,17.64,9.21,16.11,18.74,0.552,0,0,0
SEG_HWY_NH27,highway,20.55,11.06,18.7,3.12,4.727,1,0,1
SEG_STATE_MN2,state,21.14,1.62,20.87,20.25,1.693,2,0,0
SEG_HWY_NH27,highway,8.78,17.2,5.92,10.74,4.944,1,0,0
SEG_RURAL_NL1,rural,55.77,0.9,55.62,44.65,0.839,6,0,0
SEG_DIST_AR1,district,34.59,19.96,31.26,33.18,0.902,0,0,0
SEG_RURAL_TR1,rural,61.64,33.18,56.11,46.01,0.05,1,1,1
SEG_DIST_MZ1,district,25.22,12.15,23.2,29.59,0.455,1,0,0
SEG_STATE_AS1,state,51.63,12.09,49.62,12.58,1.603,5,0,1
SEG_DIST_MZ1,district,14.7,7.84,13.4,36.37,0.158,2,0,0
SEG_DIST_MZ1,district,25.6,30.31,20.55,36.98,0.968,2,0,1
SEG_STATE_MN2,state,83.01,42.71,75.89,22.66,2.11,14,0,1
SEG_DIST_AR1,district,25.61,11.82,23.64,32.12,0.219,4,0,0
SEG_HWY_NH27,highway,24.11,3.82,23.47,8.32,4.432,0,0,0
SEG_STATE_AS1,state,48.21,3.03,47.7,19.44,1.873,3,0,0
SEG_STATE_MN2,state,14.06,17.64,11.12,23.95,2.031,2,0,0
SEG_STATE_AS1,state,13.09,18.76,9.96,22.94,1.847,8,0,1
SEG_RURAL_TR1,rural,25.12,29.32,20.23,46.55,0.377,0,0,1
SEG_RURAL_NL1,rural,35.76,15.08,33.25,41.68,0.05,3,1,0
SEG_DIST_AR1,district,98.44,16.65,95.67,30.66,0.499,2,0,1
SEG_STATE_MN2,state,23.0,19.68,19.72,16.79,2.331,2,0,0
SEG_DIST_MZ1,district,39.34,15.62,36.74,38.02,0.409,3,0,1
SEG_HWY_NH37,highway,27.62,11.04,25.78,2.93,3.19,3,0,0
SEG_STATE_MN2,state,4.69,3.75,4.07,20.63,1.899,6,0,0
SEG_HWY_NH37,highway,29.14,17.73,26.18,4.99,3.296,2,0,0
SEG_DIST_MZ1,district,11.78,18.56,8.69,37.19,0.127,2,0,1
SEG_RURAL_NL1,rural,34.64,35.47,28.73,45.66,0.107,3,0,0
SEG_DIST_AR1,district,11.16,32.5,5.74,27.07,1.231,4,0,0
SEG_HWY_NH27,highway,15.14,22.53,11.39,4.72,5.368,6,0,0
SEG_STATE_MN2,state,59.69,36.24,53.65,16.24,1.928,1,0,1
SEG_DIST_MZ1,district,25.06,9.3,23.51,33.65,1.031,4,0,1
SEG_STATE_MN2,state,25.73,11.71,23.78,10.4,1.4,0,1,1
SEG_RURAL_TR1,rural,50.73,25.46,46.48,42.19,0.409,3,0,0
SEG_RURAL_NL1,rural,10.36,63.43,-0.21,37.94,0.191,0,0,0
SEG_RURAL_TR1,rural,12.96,16.09,10.28,38.4,0.456,0,0,0
SEG_STATE_AS1,state,38.85,37.27,32.64,16.72,1.725,6,0,1
SEG_DIST_AR1,district,13.59,57.74,3.96,34.43,0.653,0,0,0
SEG_STATE_AS1,state,8.26,11.19,6.4,20.05,1.735,1,0,1
SEG_STATE_MN2,state,8.95,12.63,6.85,18.04,2.008,3,0,0
SEG_DIST_AR1,district,17.84,9.91,16.19,34.84,1.255,1,0,1
SEG_RURAL_NL1,rural,16.78,12.75,14.65,37.76,0.285,3,0,0
SEG_RURAL_NL1,rural,14.76,6.31,13.71,41.82,0.235,2,0,0
SEG_DIST_MZ1,district,87.33,13.6,85.06,33.03,0.05,5,1,1
SEG_STATE_MN2,state,20.45,3.87,19.8,8.11,1.896,1,0,1
SEG_STATE_AS1,state,33.01,29.83,28.04,15.2,1.493,0,0,1
SEG_RURAL_TR1,rural,42.3,3.48,41.72,46.35,0.324,9,0,0
SEG_HWY_NH27,highway,20.42,2.54,19.99,11.61,5.574,4,0,1
SEG_HWY_NH37,highway,33.03,32.71,27.58,9.8,2.546,8,0,0
SEG_HWY_NH27,highway,26.87,3.43,26.3,3.42,4.798,7,1,1
SEG_STATE_AS1,state,15.36,14.65,12.91,17.96,1.654,3,0,0
SEG_STATE_AS1,state,25.55,9.55,23.96,25.01,1.554,0,0,0
SEG_RURAL_NL1,rural,10.98,1.42,10.74,39.58,0.168,4,0,0
SEG_HWY_NH27,highway,15.18,18.09,12.17,6.02,5.44,3,0,0
SEG_RURAL_NL1,rural,49.45,2.56,49.02,32.86,0.05,4,0,1
SEG_RURAL_NL1,rural,34.77,12.95,32.61,43.89,0.057,3,0,1
SEG_RURAL_TR1,rural,9.14,3.13,8.61,39.09,0.05,0,0,1
SEG_DIST_AR1,district,24.17,13.16,21.98,32.74,1.069,1,0,0
SEG_HWY_NH37,highway,7.61,9.32,6.05,2.88,3.324,6,0,0
SEG_HWY_NH27,highway,10.97,9.07,9.45,9.18,4.969,4,1,0
SEG_DIST_AR1,district,6.7,5.43,5.79,34.05,0.756,2,0,1
SEG_DIST_MZ1,district,41.96,11.94,39.97,36.71,0.496,0,0,1
SEG_HWY_NH27,highway,55.84,18.68,52.72,7.4,4.514,0,0,0
SEG_DIST_AR1,district,21.78,16.24,19.08,31.6,0.872,5,0,0
SEG_RURAL_NL1,rural,18.28,9.15,16.76,40.39,0.097,2,0,0
SEG_STATE_AS1,state,55.37,28.66,50.59,25.95,1.613,9,0,1
SEG_RURAL_TR1,rural,5.81,10.43,4.07,44.11,0.05,3,0,0
SEG_HWY_NH37,highway,27.57,3.36,27.01,13.99,3.357,1,0,0
SEG_DIST_AR1,district,27.71,9.38,26.15,34.94,0.909,0,0,0
SEG_STATE_AS1,state,14.55,6.76,13.42,17.29,1.762,2,0,0
SEG_HWY_NH27,highway,17.02,1.16,16.83,2.36,4.852,4,0,0
SEG_DIST_AR1,district,39.58,3.79,38.95,27.08,0.641,1,1,1
SEG_STATE_MN2,state,26.94,6.83,25.8,22.19,1.973,3,0,1
SEG_STATE_AS1,state,18.2,18.04,15.2,21.36,1.268,1,0,0
SEG_DIST_MZ1,district,15.57,19.86,12.26,46.34,0.191,2,0,1
SEG_STATE_AS1,state,45.11,75.93,32.46,16.45,1.365,5,0,0
SEG_HWY_NH37,highway,40.82,28.22,36.12,6.51,3.305,0,0,1
SEG_DIST_MZ1,district,19.18,6.58,18.09,34.8,0.633,3,0,0
SEG_RURAL_TR1,rural,2.95,11.59,1.02,42.69,0.399,7,0,0
SEG_HWY_NH37,highway,42.44,3.28,41.9,7.89,3.026,3,0,0
SEG_HWY_NH27,highway,2.66,3.28,2.11,11.31,4.808,1,0,0
SEG_DIST_MZ1,district,33.42,20.28,30.04,42.06,0.807,3,0,0
SEG_DIST_AR1,district,8.27,0.97,8.11,39.04,1.228,0,0,0
SEG_STATE_MN2,state,30.53,13.96,28.2,24.71,2.307,0,1,0
SEG_HWY_NH37,highway,34.84,3.48,34.26,10.36,3.181,1,0,0
SEG_STATE_MN2,state,12.73,18.7,9.61,27.95,1.086,0,0,0
SEG_HWY_NH27,highway,3.2,11.08,1.35,5.08,4.695,6,0,0
SEG_HWY_NH27,highway,7.55,8.03,6.21,4.24,4.727,1,0,0
SEG_RURAL_TR1,rural,9.95,2.9,9.46,42.07,0.249,0,0,1
SEG_HWY_NH27,highway,23.32,22.56,19.56,6.47,5.031,3,0,0
SEG_STATE_AS1,state,25.61,5.07,24.76,18.99,1.27,2,0,1
SEG_STATE_AS1,state,31.36,6.82,30.22,15.74,1.3,2,0,1
SEG_RURAL_TR1,rural,7.64,20.33,4.25,45.8,0.192,3,0,0
SEG_STATE_AS1,state,37.62,14.03,35.28,24.54,1.352,3,0,1
SEG_DIST_AR1,district,40.08,5.21,39.22,25.03,0.998,1,0,1
SEG_RURAL_NL1,rural,32.79,7.11,31.6,36.99,0.05,0,0,1
SEG_STATE_MN2,state,48.72,18.39,45.65,20.29,1.578,0,0,0
SEG_STATE_MN2,state,26.06,4.31,25.34,23.94,1.654,5,0,0
SEG_DIST_AR1,district,26.88,23.83,22.91,20.96,1.263,1,0,0
SEG_RURAL_NL1,rural,9.71,14.1,7.36,42.48,0.573,4,0,1
SEG_DIST_MZ1,district,26.33,13.88,24.02,32.38,0.627,8,0,1
SEG_RURAL_TR1,rural,33.44,5.66,32.49,49.68,0.091,4,0,0
SEG_RURAL_TR1,rural,13.18,19.11,10.0,48.17,0.381,8,0,1
SEG_HWY_NH27,highway,18.44,14.39,16.05,2.99,4.478,2,0,0
SEG_STATE_MN2,state,25.72,0.91,25.57,22.07,1.935,2,0,0
SEG_STATE_MN2,state,34.47,7.58,33.21,26.9,2.388,10,0,0
SEG_HWY_NH27,highway,30.76,3.47,30.19,15.91,4.723,1,0,0
SEG_DIST_MZ1,district,6.56,17.83,3.59,27.09,0.277,4,0,0
SEG_HWY_NH37,highway,52.43,0.22,52.4,5.69,2.942,4,1,1
SEG_STATE_MN2,state,27.54,2.59,27.11,19.27,1.405,7,0,0
SEG_STATE_MN2,state,17.62,24.83,13.48,18.25,1.848,2,0,0
SEG_HWY_NH37,highway,25.26,14.72,22.81,6.4,3.411,3,0,0
SEG_HWY_NH27,highway,54.22,0.22,54.18,0.0,5.441,2,1,0
SEG_HWY_NH37,highway,126.01,27.07,121.49,12.4,2.943,0,0,1
SEG_STATE_MN2,state,66.83,20.21,63.46,21.81,2.059,1,1,0
SEG_HWY_NH27,highway,10.23,17.66,7.28,15.4,5.336,1,0,1
SEG_HWY_NH37,highway,18.74,18.01,15.74,5.21,2.974,2,0,0
SEG_DIST_MZ1,district,53.66,0.72,53.55,26.7,0.593,0,0,0
SEG_HWY_NH27,highway,17.32,14.97,14.82,3.67,4.506,3,0,0
SEG_STATE_MN2,state,61.55,6.08,60.54,10.36,1.442,0,1,1
SEG_DIST_AR1,district,15.41,44.49,8.0,35.14,0.495,2,0,1
SEG_RURAL_TR1,rural,22.57,18.99,19.41,48.7,0.446,15,1,0
SEG_STATE_MN2,state,17.86,26.07,13.52,12.79,1.425,0,0,0
SEG_STATE_AS1,state,17.4,20.38,14.01,15.69,1.37,5,0,0
SEG_RURAL_TR1,rural,24.31,10.47,22.57,49.24,0.613,1,0,1
SEG_STATE_MN2,state,22.71,6.69,21.59,24.77,2.075,6,1,0
SEG_RURAL_TR1,rural,27.47,11.79,25.51,47.78,0.05,1,1,1
SEG_RURAL_NL1,rural,40.68,8.1,39.33,37.29,0.644,3,0,1
SEG_STATE_MN2,state,39.32,16.65,36.55,25.94,1.986,1,0,0
SEG_HWY_NH27,highway,17.51,16.39,14.78,0.0,5.252,10,1,0
SEG_HWY_NH27,highway,23.61,4.89,22.79,14.33,5.412,3,0,0
SEG_RURAL_NL1,rural,39.14,53.96,30.15,43.56,0.05,1,0,0
SEG_DIST_MZ1,district,23.34,29.6,18.4,30.04,0.441,6,0,0
SEG_RURAL_NL1,rural,13.95,37.4,7.72,37.24,0.253,10,0,0
SEG_RURAL_NL1,rural,38.22,4.02,37.55,47.24,0.253,7,0,1
SEG_RURAL_TR1,rural,21.67,3.81,21.04,43.26,0.05,2,0,1
SEG_HWY_NH37,highway,17.04,9.27,15.5,12.83,3.153,0,0,0
SEG_HWY_NH27,highway,5.86,1.12,5.67,14.43,4.427,3,0,0
SEG_HWY_NH37,highway,11.75,3.31,11.2,10.93,3.063,4,0,0
SEG_RURAL_NL1,rural,26.33,13.5,24.08,34.57,0.353,10,0,0
SEG_DIST_MZ1,district,20.72,34.09,15.04,38.24,0.251,1,0,0
SEG_HWY_NH27,highway,9.66,7.91,8.34,8.57,5.324,0,0,0
SEG_STATE_MN2,state,4.94,24.15,0.92,18.53,1.454,8,0,1
SEG_STATE_MN2,state,14.26,27.38,9.7,22.47,2.003,5,0,0
SEG_STATE_MN2,state,20.34,6.0,19.34,26.85,2.262,0,0,1
SEG_RURAL_TR1,rural,6.7,8.16,5.34,42.33,0.202,1,0,1
SEG_STATE_AS1,state,40.51,11.77,38.55,27.21,2.077,0,0,0
SEG_RURAL_NL1,rural,37.34,29.95,32.35,39.16,0.629,4,0,1
SEG_STATE_AS1,state,61.97,11.02,60.13,16.3,1.233,1,0,1
SEG_DIST_AR1,district,67.85,19.0,64.68,26.61,0.478,1,0,1
SEG_RURAL_TR1,rural,31.4,21.83,27.76,44.99,0.291,3,1,0
SEG_STATE_MN2,state,8.12,12.54,6.03,26.04,1.832,0,0,0
SEG_HWY_NH27,highway,25.39,18.58,22.29,17.44,5.0,0,0,1
SEG_RURAL_TR1,rural,47.15,14.26,44.77,41.78,0.05,5,0,1
SEG_HWY_NH27,highway,4.02,7.85,2.71,16.21,5.38,6,0,0
SEG_HWY_NH37,highway,2.29,18.4,-0.78,5.92,3.585,1,0,0
SEG_HWY_NH37,highway,13.99,11.32,12.1,4.73,2.991,3,0,0
SEG_HWY_NH27,highway,23.3,9.68,21.69,1.39,4.866,3,0,0
SEG_STATE_MN2,state,12.9,59.3,3.02,20.33,2.375,6,0,0
SEG_STATE_AS1,state,27.37,6.55,26.28,23.29,1.614,5,0,0
SEG_RURAL_NL1,rural,37.79,15.96,35.13,42.43,0.342,3,0,1
SEG_RURAL_TR1,rural,35.62,24.14,31.6,49.98,0.05,2,0,1
SEG_RURAL_TR1,rural,55.47,63.91,44.82,43.55,0.201,3,0,0
SEG_STATE_MN2,state,11.8,1.19,11.6,27.24,1.86,0,0,0
SEG_RURAL_NL1,rural,11.25,25.58,6.98,36.67,0.581,4,0,0
SEG_HWY_NH37,highway,51.43,12.16,49.4,5.66,2.612,0,0,1
SEG_STATE_AS1,state,42.49,10.09,40.8,11.76,1.6,1,0,0
SEG_RURAL_NL1,rural,13.41,20.48,10.0,40.26,0.113,2,0,0
SEG_HWY_NH37,highway,12.58,14.65,10.14,6.86,3.251,2,0,0
SEG_RURAL_NL1,rural,12.78,9.05,11.27,36.51,0.285,5,0,1
SEG_DIST_AR1,district,49.08,22.23,45.38,34.32,0.853,3,1,0
SEG_RURAL_TR1,rural,13.45,2.27,13.07,40.89,0.226,2,0,0
SEG_DIST_AR1,district,54.98,28.12,50.29,28.29,0.944,3,1,1
SEG_RURAL_NL1,rural,7.19,56.26,-2.19,47.13,0.326,0,0,1
SEG_RURAL_TR1,rural,38.92,7.46,37.67,39.62,0.461,1,1,1
SEG_STATE_AS1,state,11.86,14.68,9.41,19.68,1.247,0,0,1
SEG_STATE_MN2,state,48.76,15.76,46.14,30.22,1.737,2,0,1
SEG_DIST_AR1,district,24.25,4.87,23.44,28.37,0.747,0,0,0
SEG_STATE_MN2,state,18.03,22.09,14.35,28.52,1.778,4,0,1
SEG_HWY_NH37,highway,39.04,11.02,37.2,5.76,3.165,7,0,0
SEG_HWY_NH37,highway,22.0,28.73,17.21,0.0,2.906,6,0,0
SEG_DIST_MZ1,district,26.1,9.2,24.57,29.61,0.05,4,0,1
SEG_HWY_NH37,highway,26.28,23.05,22.44,3.27,2.189,1,1,0
SEG_HWY_NH37,highway,10.99,2.58,10.56,3.58,3.091,3,1,0
SEG_RURAL_TR1,rural,10.58,14.28,8.2,54.39,0.05,4,0,1
SEG_STATE_AS1,state,38.09,4.37,37.37,8.71,1.352,8,0,1
SEG_HWY_NH37,highway,2.03,13.12,-0.15,0.0,3.02,2,0,0
SEG_HWY_NH27,highway,33.12,45.96,25.46,0.0,5.421,1,0,0
SEG_STATE_AS1,state,83.88,12.18,81.85,16.13,1.832,1,1,1
SEG_HWY_NH27,highway,84.57,35.65,78.62,9.18,4.717,2,0,0
SEG_HWY_NH27,highway,61.75,34.73,55.97,0.27,4.909,11,0,0
SEG_STATE_MN2,state,20.68,4.09,20.0,23.21,2.432,0,0,0
SEG_RURAL_NL1,rural,60.34,2.95,59.85,48.24,0.246,2,1,0
SEG_HWY_NH27,highway,22.6,8.68,21.15,7.7,5.004,0,0,0
SEG_STATE_MN2,state,69.32,2.41,68.92,21.44,2.468,1,0,1
SEG_HWY_NH37,highway,45.72,13.69,43.43,4.23,3.121,0,0,0
SEG_HWY_NH27,highway,13.2,26.77,8.74,12.63,4.924,2,0,0
SEG_RURAL_NL1,rural,62.42,21.26,58.88,42.45,0.555,3,1,0
SEG_DIST_MZ1,district,37.43,20.11,34.07,35.39,0.482,5,0,1
SEG_DIST_AR1,district,111.01,6.52,109.92,36.98,1.09,3,0,1
SEG_STATE_MN2,state,15.37,0.92,15.22,27.96,1.79,12,0,0
SEG_DIST_MZ1,district,20.24,14.42,17.83,27.22,0.999,3,0,0
SEG_STATE_MN2,state,30.31,21.28,26.76,23.74,1.93,7,0,1
SEG_DIST_AR1,district,35.69,18.93,32.53,23.19,1.392,2,0,0
SEG_RURAL_NL1,rural,9.68,2.86,9.2,53.13,0.705,4,0,0
SEG_STATE_AS1,state,24.04,5.35,23.14,20.61,1.43,4,1,1
SEG_DIST_AR1,district,43.05,17.31,40.16,30.23,1.009,2,0,1
SEG_RURAL_TR1,rural,13.29,12.45,11.21,42.56,0.663,2,0,1
SEG_DIST_MZ1,district,4.62,5.44,3.71,33.59,0.31,5,0,1
SEG_HWY_NH27,highway,42.78,19.27,39.56,13.85,5.277,2,1,1
SEG_HWY_NH37,highway,10.9,17.37,8.0,0.0,3.113,0,0,0
SEG_RURAL_TR1,rural,25.83,7.11,24.65,52.74,0.088,5,0,1
SEG_HWY_NH27,highway,31.3,13.47,29.05,10.02,5.08,2,0,0
SEG_HWY_NH27,highway,69.02,25.39,64.79,7.68,4.937,3,0,0
SEG_STATE_MN2,state,12.8,14.98,10.3,21.31,1.904,1,0,0
SEG_DIST_AR1,district,23.22,23.75,19.27,32.96,0.577,1,1,1
SEG_STATE_AS1,state,33.45,21.2,29.92,26.21,0.985,0,0,1
SEG_DIST_MZ1,district,9.93,2.86,9.45,37.01,0.163,2,1,1
SEG_HWY_NH27,highway,26.1,7.75,24.81,4.37,4.635,0,0,0
SEG_STATE_MN2,state,31.75,20.39,28.35,20.84,1.515,7,0,1
SEG_DIST_MZ1,district,16.87,0.35,16.81,33.42,0.305,1,0,1
SEG_DIST_AR1,district,46.45,2.06,46.11,26.22,0.483,8,0,1
SEG_STATE_AS1,state,57.42,32.26,52.04,17.72,1.488,0,1,0
SEG_RURAL_TR1,rural,12.98,6.11,11.97,51.55,0.602,5,0,1
SEG_DIST_AR1,district,74.52,15.17,71.99,28.73,1.023,4,1,1
SEG_HWY_NH37,highway,11.22,3.68,10.6,1.55,3.181,2,0,0
SEG_DIST_AR1,district,98.25,8.65,96.8,32.35,0.549,8,0,1
SEG_HWY_NH27,highway,5.45,4.04,4.77,11.17,4.949,2,0,0
SEG_STATE_AS1,state,24.66,9.89,23.01,17.24,1.491,1,0,0
SEG_DIST_AR1,district,46.48,16.53,43.73,32.86,0.913,1,0,1
SEG_HWY_NH27,highway,14.7,16.75,11.91,7.63,4.972,0,0,0
SEG_HWY_NH27,highway,12.19,7.2,10.99,5.45,5.332,7,0,0
SEG_STATE_AS1,state,37.28,18.68,34.17,20.18,1.434,1,0,1
SEG_DIST_AR1,district,58.76,11.99,56.76,32.79,0.607,2,0,0
SEG_DIST_AR1,district,42.04,15.96,39.38,29.56,1.103,2,0,0
SEG_STATE_MN2,state,14.96,13.98,12.63,23.53,1.956,3,0,1
SEG_DIST_MZ1,district,33.01,5.72,32.06,36.81,0.901,9,0,0
SEG_STATE_MN2,state,13.16,6.97,11.99,23.68,1.37,0,0,1
SEG_DIST_AR1,district,33.21,8.13,31.85,40.61,1.101,4,0,0
SEG_RURAL_TR1,rural,2.88,52.82,-5.93,43.71,0.203,6,0,0
SEG_DIST_AR1,district,75.25,39.44,68.68,46.36,0.442,0,0,0
SEG_HWY_NH37,highway,54.94,4.06,54.27,11.15,3.18,2,1,1
SEG_HWY_NH27,highway,9.7,14.23,7.32,9.08,5.15,1,0,0
SEG_RURAL_NL1,rural,49.22,28.38,44.49,38.15,0.388,4,0,1
SEG_DIST_AR1,district,7.58,16.47,4.83,31.97,0.684,5,0,0
SEG_HWY_NH37,highway,14.01,16.73,11.22,0.0,2.74,4,0,0
SEG_HWY_NH37,highway,15.16,11.67,13.22,15.46,3.101,0,0,1
SEG_DIST_MZ1,district,24.45,19.62,21.18,30.26,1.407,0,0,1
SEG_STATE_AS1,state,51.19,18.95,48.03,27.18,1.142,4,0,0
SEG_DIST_AR1,district,23.46,6.6,22.36,25.53,0.123,2,0,0
SEG_STATE_AS1,state,45.16,7.47,43.92,19.76,1.602,3,0,0
SEG_RURAL_TR1,rural,15.23,43.17,8.03,33.99,0.05,2,0,1
SEG_RURAL_NL1,rural,18.33,19.59,15.07,47.99,0.355,5,0,1
SEG_HWY_NH37,highway,13.93,10.8,12.13,2.33,3.073,1,0,0
SEG_HWY_NH27,highway,11.69,15.36,9.13,14.79,5.347,6,0,0
SEG_HWY_NH27,highway,33.06,23.43,29.15,12.09,4.581,1,0,1
SEG_STATE_AS1,state,34.15,34.27,28.44,14.16,1.426,2,0,1
SEG_HWY_NH37,highway,33.14,27.77,28.51,9.93,3.162,2,0,0
SEG_DIST_MZ1,district,14.03,14.68,11.58,38.79,0.617,5,0,0
SEG_STATE_AS1,state,11.27,4.01,10.6,11.13,1.356,0,0,1
SEG_RURAL_NL1,rural,43.83,38.92,37.34,34.96,0.05,3,0,0
SEG_STATE_AS1,state,19.81,3.57,19.22,17.31,1.522,3,0,1
SEG_HWY_NH37,highway,5.76,16.09,3.08,6.5,2.668,4,0,0
SEG_DIST_AR1,district,27.74,26.05,23.4,26.56,0.908,8,0,1
SEG_DIST_MZ1,district,0.22,20.07,-3.12,30.51,0.634,2,0,0
SEG_HWY_NH37,highway,11.33,7.23,10.12,3.23,3.24,4,0,0
SEG_DIST_MZ1,district,68.47,8.78,67.01,36.82,0.727,5,0,1
SEG_STATE_MN2,state,9.6,3.18,9.07,22.49,2.597,2,0,0
SEG_STATE_MN2,state,9.12,12.41,7.05,31.2,2.117,0,0,0
SEG_HWY_NH27,highway,11.35,15.39,8.78,0.0,4.687,1,0,0
SEG_DIST_MZ1,district,12.06,5.2,11.19,33.82,0.217,2,0,1
SEG_RURAL_NL1,rural,10.8,8.21,9.44,36.53,1.056,6,1,0
SEG_STATE_AS1,state,33.15,4.18,32.46,26.07,1.53,0,0,0
SEG_STATE_MN2,state,21.41,28.18,16.71,23.33,1.777,1,0,0
SEG_STATE_AS1,state,16.66,14.81,14.19,20.88,1.627,4,0,1
SEG_STATE_AS1,state,18.69,13.42,16.45,13.47,1.485,2,0,1
SEG_RURAL_NL1,rural,19.76,11.63,17.83,44.5,0.544,3,0,1
SEG_HWY_NH37,highway,9.67,23.75,5.72,7.53,2.571,8,0,0
SEG_STATE_AS1,state,5.76,13.96,3.44,27.19,1.398,6,0,0
SEG_DIST_MZ1,district,5.35,11.8,3.38,37.9,0.05,5,0,1
SEG_RURAL_NL1,rural,24.72,7.35,23.5,49.88,0.119,2,0,1
SEG_STATE_MN2,state,81.97,19.13,78.79,19.64,1.798,10,0,1
SEG_DIST_AR1,district,56.2,13.81,53.89,22.32,0.458,1,0,1
SEG_STATE_AS1,state,21.3,1.11,21.12,24.06,1.06,1,0,1
SEG_HWY_NH27,highway,11.65,4.4,10.92,18.77,5.029,0,0,0
SEG_RURAL_NL1,rural,47.89,18.28,44.84,37.29,0.382,2,0,1
SEG_HWY_NH37,highway,37.47,3.35,36.91,0.73,2.973,8,0,1
SEG_RURAL_TR1,rural,12.79,15.96,10.13,50.98,0.231,1,0,1
SEG_STATE_MN2,state,53.65,15.51,51.06,27.28,2.205,1,0,0
SEG_STATE_MN2,state,41.14,16.14,38.45,20.68,1.773,1,0,1
SEG_RURAL_TR1,rural,12.13,0.98,11.96,55.33,0.224,0,0,1
SEG_DIST_MZ1,district,16.69,13.08,14.51,29.45,0.4,5,0,0
SEG_DIST_AR1,district,38.17,1.23,37.96,22.81,0.926,5,0,0
SEG_STATE_MN2,state,43.37,4.44,42.63,20.5,1.791,4,0,0
SEG_STATE_MN2,state,73.46,7.7,72.18,19.45,1.643,8,0,1
SEG_HWY_NH37,highway,23.99,1.9,23.68,1.14,2.505,1,0,0
SEG_STATE_MN2,state,46.9,11.63,44.96,24.1,2.044,0,0,0
SEG_RURAL_NL1,rural,26.44,3.61,25.84,35.12,0.235,3,0,0
SEG_DIST_MZ1,district,20.0,12.09,17.99,35.35,0.754,0,1,0
SEG_DIST_AR1,district,59.73,5.4,58.83,40.15,0.891,1,1,1
SEG_HWY_NH27,highway,10.78,4.52,10.03,13.21,4.959,3,0,0
SEG_DIST_AR1,district,43.78,19.2,40.58,29.0,0.588,4,0,1
SEG_DIST_MZ1,district,26.61,11.8,24.64,28.16,0.338,2,0,1
SEG_RURAL_NL1,rural,52.26,12.93,50.1,36.2,0.301,0,0,0
SEG_DIST_MZ1,district,11.59,17.87,8.61,24.41,0.484,1,0,0
SEG_HWY_NH37,highway,50.3,21.4,46.73,2.84,2.713,5,0,1
SEG_HWY_NH27,highway,29.7,11.65,27.76,2.78,5.032,2,0,1
SEG_DIST_AR1,district,20.98,7.23,19.78,24.06,0.305,1,0,0
SEG_STATE_AS1,state,15.8,18.49,12.72,14.09,1.859,4,0,0
SEG_DIST_AR1,district,32.8,23.78,28.84,27.29,1.413,0,0,0
SEG_HWY_NH37,highway,45.3,22.43,41.57,10.27,3.042,17,0,1
SEG_HWY_NH27,highway,65.95,2.68,65.5,1.79,4.554,3,1,0
SEG_RURAL_NL1,rural,42.26,23.86,38.28,36.9,0.477,1,0,1
SEG_DIST_MZ1,district,33.17,24.48,29.09,36.9,0.217,1,0,1
SEG_DIST_MZ1,district,27.04,5.36,26.14,38.1,0.619,2,0,1
SEG_RURAL_NL1,rural,61.35,3.95,60.69,42.46,0.247,5,0,1
SEG_HWY_NH27,highway,71.63,4.9,70.81,10.79,5.116,2,1,1
SEG_RURAL_NL1,rural,53.93,13.97,51.61,29.91,0.276,0,0,1
SEG_STATE_MN2,state,31.19,4.82,30.38,26.34,1.419,2,0,0
SEG_DIST_AR1,district,86.94,44.29,79.56,38.91,1.025,2,0,1
SEG_HWY_NH37,highway,49.56,5.84,48.59,6.9,3.458,3,0,0
SEG_RURAL_NL1,rural,30.99,17.06,28.14,42.92,0.653,0,0,0
SEG_HWY_NH37,highway,29.86,1.55,29.6,0.0,3.152,6,1,1
SEG_STATE_MN2,state,21.7,21.23,18.16,18.58,2.03,3,0,1
SEG_DIST_MZ1,district,23.55,17.71,20.6,28.35,0.718,5,0,0
SEG_RURAL_NL1,rural,13.42,0.91,13.27,43.12,0.57,6,1,0
SEG_HWY_NH27,highway,35.34,14.82,32.87,3.59,5.191,6,1,1
SEG_DIST_MZ1,district,20.39,9.57,18.79,38.92,0.606,1,0,1
SEG_DIST_MZ1,district,13.2,4.14,12.51,28.87,0.551,3,1,1
SEG_HWY_NH27,highway,26.48,22.82,22.68,11.39,5.192,0,0,1
SEG_DIST_AR1,district,20.85,5.5,19.93,29.78,0.85,6,0,1
SEG_DIST_AR1,district,75.06,15.7,72.44,33.59,0.753,4,0,1
SEG_RURAL_NL1,rural,34.7,5.15,33.85,46.71,0.05,3,0,0
SEG_DIST_MZ1,district,16.89,26.64,12.45,37.45,0.951,1,1,0
SEG_RURAL_NL1,rural,26.3,24.95,22.14,42.31,0.396,3,0,1
SEG_DIST_AR1,district,7.67,12.8,5.53,32.35,1.076,2,0,0
SEG_STATE_AS1,state,35.32,13.84,33.01,9.57,1.355,10,0,1
SEG_STATE_MN2,state,38.12,0.9,37.97,30.75,2.339,3,0,1
SEG_RURAL_NL1,rural,3.06,11.75,1.1,41.89,0.373,3,0,0
SEG_RURAL_NL1,rural,33.25,8.68,31.8,37.46,0.05,2,0,0
SEG_STATE_AS1,state,4.21,33.63,-1.39,13.52,2.043,2,0,1
SEG_DIST_AR1,district,3.58,28.91,-1.24,30.1,0.502,4,0,0
SEG_RURAL_NL1,rural,20.61,7.35,19.39,42.36,0.346,2,0,1
SEG_HWY_NH37,highway,7.03,12.02,5.03,5.21,2.899,0,0,0
SEG_DIST_AR1,district,53.96,20.25,50.59,34.34,0.254,0,1,1
SEG_DIST_AR1,district,54.49,14.44,52.08,29.06,0.897,1,1,1
SEG_STATE_MN2,state,23.02,30.1,18.01,21.73,2.333,9,0,0
SEG_RURAL_NL1,rural,5.48,6.92,4.33,48.85,0.461,3,0,1
SEG_DIST_MZ1,district,99.89,5.13,99.03,32.65,0.082,2,1,1
SEG_RURAL_TR1,rural,82.46,19.01,79.29,48.86,0.076,1,0,1
SEG_RURAL_TR1,rural,21.25,18.05,18.24,57.64,0.083,2,0,0
SEG_RURAL_TR1,rural,12.85,2.05,12.51,43.6,0.197,3,0,1
SEG_STATE_MN2,state,39.78,4.73,38.99,25.9,1.994,5,1,0
SEG_RURAL_TR1,rural,60.43,49.85,52.12,57.24,0.253,0,1,0
SEG_STATE_AS1,state,54.8,8.18,53.44,17.7,1.735,5,1,0
SEG_HWY_NH27,highway,21.03,40.7,14.25,10.27,5.015,2,1,0
SEG_DIST_AR1,district,11.71,33.53,6.12,31.02,0.972,4,0,0
SEG_DIST_MZ1,district,8.18,4.08,7.5,39.48,0.677,4,0,1
SEG_HWY_NH27,highway,38.8,1.86,38.49,0.0,5.367,0,0,0
SEG_STATE_MN2,state,41.03,6.2,40.0,20.97,2.039,2,0,1
SEG_DIST_AR1,district,83.12,4.99,82.29,30.61,1.258,3,1,1
SEG_STATE_MN2,state,6.49,36.49,0.41,21.62,2.211,0,0,0
SEG_STATE_MN2,state,30.01,4.03,29.34,23.12,2.484,7,0,1
SEG_STATE_AS1,state,41.28,12.18,39.25,13.1,1.808,2,0,0
SEG_HWY_NH37,highway,7.02,12.65,4.91,9.27,2.339,2,0,0
SEG_HWY_NH37,highway,12.4,53.2,3.53,0.0,2.597,2,0,0
SEG_STATE_MN2,state,23.18,19.74,19.89,19.32,1.684,0,0,0
SEG_RURAL_TR1,rural,26.78,39.93,20.13,48.22,0.416,1,0,1
SEG_HWY_NH27,highway,0.9,4.43,0.17,0.75,4.756,0,0,0
SEG_RURAL_TR1,rural,13.93,2.55,13.51,42.41,0.339,6,0,0
SEG_RURAL_NL1,rural,108.58,5.48,107.66,38.93,0.344,1,0,1
SEG_STATE_MN2,state,87.1,25.13,82.92,20.57,1.564,3,1,0
SEG_RURAL_NL1,rural,42.13,3.56,41.54,39.32,0.734,10,0,0
SEG_RURAL_TR1,rural,77.06,1.35,76.83,39.83,0.497,5,1,1
SEG_RURAL_NL1,rural,3.58,2.91,3.09,41.22,0.07,3,0,0
SEG_STATE_MN2,state,29.71,41.71,22.75,21.14,2.256,2,0,1
SEG_STATE_AS1,state,13.12,36.31,7.07,18.73,1.442,2,0,0
SEG_HWY_NH37,highway,49.61,21.97,45.95,4.96,2.802,6,0,1
SEG_HWY_NH27,highway,25.2,10.62,23.43,7.22,4.929,2,1,1
SEG_RURAL_NL1,rural,68.68,4.67,67.9,49.07,0.372,2,0,0
SEG_STATE_MN2,state,9.03,6.58,7.94,20.39,1.805,2,0,1
SEG_STATE_AS1,state,36.9,10.39,35.17,21.72,1.994,6,0,1
SEG_RURAL_TR1,rural,15.84,12.82,13.7,39.27,0.05,1,0,1
SEG_HWY_NH37,highway,9.38,52.15,0.69,3.27,3.379,0,1,0
SEG_STATE_MN2,state,76.95,11.01,75.12,17.4,2.293,0,0,0
SEG_HWY_NH27,highway,22.72,26.43,18.31,15.2,5.049,3,0,0
SEG_RURAL_TR1,rural,11.96,4.96,11.13,50.94,0.306,1,0,0
SEG_STATE_AS1,state,68.86,22.74,65.07,23.73,1.248,2,0,1
SEG_RURAL_TR1,rural,70.97,52.82,62.16,45.63,0.05,4,0,1
SEG_DIST_MZ1,district,90.53,1.79,90.23,37.11,0.479,1,0,1
SEG_RURAL_TR1,rural,9.91,27.72,5.29,45.12,0.05,3,0,0
SEG_RURAL_NL1,rural,10.18,1.52,9.93,46.8,0.257,6,0,1
SEG_RURAL_TR1,rural,11.26,9.61,9.66,46.7,0.262,3,0,0
SEG_STATE_AS1,state,24.84,35.68,18.9,19.58,1.403,1,0,0
SEG_RURAL_TR1,rural,59.18,8.93,57.7,45.39,0.05,4,0,1
SEG_RURAL_TR1,rural,24.09,6.72,22.97,43.92,0.05,3,0,0
SEG_DIST_AR1,district,17.72,11.21,15.85,20.14,0.788,4,0,0
SEG_STATE_MN2,state,27.14,16.51,24.39,18.57,2.124,2,0,0
SEG_DIST_AR1,district,42.6,19.55,39.34,35.5,1.076,3,0,1
SEG_RURAL_TR1,rural,8.48,9.31,6.93,37.21,0.395,8,0,1
SEG_STATE_MN2,state,39.24,7.42,38.01,21.96,1.478,4,0,1
SEG_DIST_AR1,district,66.28,7.38,65.05,32.93,0.272,0,0,1
SEG_RURAL_TR1,rural,22.35,23.37,18.46,41.76,0.211,1,0,1
SEG_HWY_NH27,highway,22.32,31.38,17.09,6.47,5.193,4,0,0
SEG_DIST_AR1,district,26.26,19.16,23.06,29.84,1.131,2,0,0
SEG_STATE_MN2,state,36.23,6.79,35.09,23.69,1.893,3,0,0
SEG_DIST_AR1,district,20.62,3.63,20.02,30.1,0.564,4,1,1
SEG_DIST_MZ1,district,21.05,1.0,20.89,47.22,0.05,1,1,0
SEG_DIST_MZ1,district,21.81,2.98,21.31,44.96,0.307,3,0,1
SEG_HWY_NH27,highway,4.28,3.43,3.71,17.1,4.926,3,1,0
SEG_STATE_AS1,state,12.67,2.41,12.27,12.92,1.5,1,1,0
SEG_STATE_AS1,state,12.71,3.15,12.18,19.25,0.926,1,0,1
SEG_STATE_MN2,state,53.25,24.66,49.14,20.34,1.589,10,0,0
SEG_RURAL_NL1,rural,24.7,20.91,21.22,36.01,0.48,2,0,0
SEG_STATE_AS1,state,19.62,8.25,18.25,27.36,1.486,14,0,0
SEG_STATE_MN2,state,6.09,21.7,2.47,23.78,1.783,3,0,1
SEG_HWY_NH27,highway,38.81,7.43,37.57,4.21,5.233,2,1,1
SEG_RURAL_NL1,rural,23.95,6.2,22.92,34.97,1.004,9,1,1
SEG_RURAL_NL1,rural,62.49,43.24,55.28,43.71,0.282,4,1,1
SEG_DIST_MZ1,district,24.66,7.7,23.38,29.96,0.995,11,0,1
SEG_RURAL_TR1,rural,8.11,4.53,7.35,45.01,0.236,0,0,1
SEG_RURAL_NL1,rural,22.64,11.28,20.76,34.74,0.188,1,0,0
SEG_HWY_NH37,highway,9.85,3.52,9.27,1.33,3.14,0,0,0
SEG_STATE_MN2,state,39.3,20.74,35.85,13.85,1.747,1,0,1
SEG_RURAL_NL1,rural,51.21,3.96,50.55,38.85,0.073,1,0,0
SEG_RURAL_NL1,rural,13.41,9.71,11.8,35.85,0.05,0,0,1
SEG_HWY_NH37,highway,62.47,41.6,55.53,9.76,3.212,2,1,0
SEG_RURAL_NL1,rural,20.97,35.56,15.04,47.22,0.05,13,0,0
SEG_RURAL_TR1,rural,3.47,18.41,0.4,37.09,0.683,2,0,0
SEG_HWY_NH37,highway,8.1,15.69,5.48,5.17,3.209,1,0,0
SEG_DIST_MZ1,district,13.5,5.23,12.63,26.97,0.05,1,0,1
SEG_DIST_AR1,district,14.25,17.77,11.29,30.47,0.837,2,0,1
SEG_RURAL_NL1,rural,20.26,9.82,18.62,40.39,0.178,1,0,1
SEG_RURAL_NL1,rural,54.54,49.86,46.23,40.71,0.471,4,1,1
SEG_STATE_MN2,state,15.45,11.96,13.45,18.56,2.188,4,0,0
SEG_RURAL_TR1,rural,25.96,0.3,25.91,43.33,0.05,2,0,0
SEG_STATE_MN2,state,14.61,11.22,12.74,13.58,2.25,1,0,0
SEG_DIST_AR1,district,57.49,18.97,54.33,29.07,0.759,3,1,0
SEG_RURAL_NL1,rural,22.84,3.16,22.32,32.95,0.482,5,0,1
SEG_RURAL_TR1,rural,21.49,8.27,20.11,41.15,0.05,0,1,0
SEG_HWY_NH37,highway,70.9,25.65,66.63,2.78,3.183,6,0,1
SEG_RURAL_NL1,rural,25.41,20.39,22.02,33.16,0.837,0,0,0
SEG_DIST_MZ1,district,34.63,19.71,31.35,34.05,0.601,2,1,0
SEG_RURAL_NL1,rural,16.09,26.43,11.69,36.51,0.677,0,0,1
SEG_STATE_AS1,state,36.92,6.87,35.78,24.45,1.729,0,0,1
SEG_RURAL_TR1,rural,10.72,1.62,10.45,44.57,0.05,3,0,0
SEG_STATE_AS1,state,47.33,27.32,42.78,14.61,1.614,4,0,0
SEG_HWY_NH37,highway,35.17,16.91,32.35,2.49,2.709,0,1,1
SEG_RURAL_NL1,rural,13.5,3.65,12.89,45.92,0.639,2,0,1
SEG_HWY_NH37,highway,35.29,20.54,31.87,7.3,2.695,2,1,0
SEG_HWY_NH27,highway,25.84,18.58,22.74,15.7,4.818,5,0,0
SEG_RURAL_NL1,rural,14.87,6.32,13.82,39.41,0.287,3,0,1
SEG_STATE_AS1,state,25.37,7.19,24.17,11.92,1.449,4,0,1
SEG_RURAL_TR1,rural,9.81,12.38,7.75,43.17,0.792,2,0,0
SEG_STATE_AS1,state,21.38,18.77,18.25,24.43,1.395,4,0,0
SEG_HWY_NH37,highway,6.97,6.58,5.87,2.69,3.371,2,0,0
SEG_DIST_AR1,district,6.67,9.59,5.07,24.68,0.238,1,0,0
SEG_RURAL_NL1,rural,22.0,14.0,19.67,39.55,0.05,0,0,1
SEG_DIST_MZ1,district,47.02,11.86,45.04,42.74,0.056,5,0,0
SEG_STATE_MN2,state,20.84,8.77,19.38,23.07,1.955,6,0,0
SEG_RURAL_TR1,rural,10.41,27.63,5.81,41.27,0.552,0,0,0
SEG_DIST_MZ1,district,29.32,28.69,24.53,23.32,0.168,2,0,1
SEG_DIST_MZ1,district,32.43,27.07,27.92,35.6,0.634,3,0,0
SEG_RURAL_NL1,rural,39.44,13.73,37.15,37.13,0.588,3,0,1
SEG_DIST_AR1,district,7.06,3.43,6.49,28.65,0.866,2,1,1
SEG_RURAL_NL1,rural,13.41,4.98,12.58,36.13,0.591,1,0,0
SEG_DIST_AR1,district,34.39,16.97,31.56,27.38,1.247,3,0,1
SEG_HWY_NH27,highway,34.84,15.54,32.25,7.02,4.708,1,0,0
SEG_RURAL_TR1,rural,42.73,14.91,40.24,45.67,0.401,7,0,1
SEG_HWY_NH37,highway,30.52,18.74,27.39,8.21,2.833,2,0,0
SEG_HWY_NH37,highway,47.98,1.05,47.8,2.71,3.215,1,0,0
SEG_DIST_MZ1,district,24.14,11.52,22.22,33.02,0.778,3,0,1
SEG_STATE_MN2,state,24.67,7.82,23.36,19.38,1.537,2,0,1
SEG_HWY_NH27,highway,31.93,11.72,29.98,0.0,4.943,3,0,1
SEG_HWY_NH37,highway,17.87,8.24,16.49,0.0,2.753,4,0,0
SEG_HWY_NH37,highway,39.38,3.32,38.82,5.17,3.069,2,0,0
SEG_STATE_MN2,state,47.56,14.08,45.22,27.18,1.818,2,0,0
SEG_STATE_MN2,state,19.84,10.42,18.11,18.27,1.544,3,0,1
SEG_HWY_NH37,highway,48.24,29.6,43.31,8.27,2.847,1,0,1
SEG_STATE_AS1,state,15.6,6.58,14.5,25.39,1.29,3,0,0
SEG_STATE_MN2,state,71.26,36.29,65.21,16.58,1.912,2,1,1
SEG_STATE_AS1,state,37.53,18.94,34.38,20.2,0.759,1,0,0
SEG_RURAL_TR1,rural,59.67,0.61,59.57,46.56,0.115,3,0,1
SEG_HWY_NH27,highway,24.27,1.99,23.94,7.7,5.369,3,1,1
SEG_STATE_MN2,state,30.55,9.78,28.92,16.42,2.645,5,0,0
SEG_RURAL_TR1,rural,11.33,4.57,10.56,49.85,0.156,2,0,0
SEG_DIST_AR1,district,10.93,21.22,7.39,16.25,0.995,0,1,0
SEG_DIST_MZ1,district,70.06,11.58,68.13,34.05,0.846,2,0,0
SEG_STATE_AS1,state,58.08,9.39,56.51,6.07,1.443,1,0,0
SEG_HWY_NH27,highway,39.28,7.95,37.95,8.86,5.004,3,0,0
SEG_STATE_AS1,state,12.65,11.04,10.81,17.02,1.493,3,0,0
SEG_DIST_AR1,district,26.2,6.2,25.17,23.09,0.986,2,0,1
SEG_HWY_NH27,highway,21.05,6.86,19.91,13.41,4.844,0,0,0
SEG_HWY_NH37,highway,38.39,10.0,36.73,0.0,2.857,2,0,0
SEG_DIST_AR1,district,18.78,11.83,16.81,20.23,1.321,2,0,0
SEG_RURAL_NL1,rural,38.34,10.72,36.55,43.73,0.36,1,0,0
SEG_RURAL_NL1,rural,72.26,15.44,69.69,31.66,0.258,5,1,1
SEG_STATE_MN2,state,12.24,12.5,10.16,20.66,2.198,10,0,1
SEG_HWY_NH27,highway,27.81,70.32,16.09,5.08,4.848,7,0,0
SEG_STATE_MN2,state,21.56,16.61,18.79,22.74,1.632,2,1,0
SEG_HWY_NH27,highway,42.41,4.23,41.71,12.72,5.275,4,0,0
SEG_DIST_AR1,district,30.75,7.26,29.54,33.78,0.18,3,0,1
SEG_HWY_NH27,highway,37.37,12.96,35.21,14.32,5.456,7,0,1
SEG_HWY_NH37,highway,71.75,2.2,71.39,15.7,2.739,4,0,0
SEG_DIST_MZ1,district,50.91,17.33,48.02,41.08,1.708,4,1,1
SEG_RURAL_NL1,rural,8.14,11.14,6.28,43.56,0.608,0,0,0
SEG_DIST_MZ1,district,37.03,2.31,36.65,36.26,0.777,1,0,0
SEG_HWY_NH27,highway,13.91,9.54,12.32,3.19,5.193,3,0,0
SEG_DIST_MZ1,district,7.44,11.25,5.57,37.22,0.69,5,0,1
SEG_HWY_NH37,highway,15.44,3.1,14.93,15.93,3.323,1,0,0
SEG_RURAL_NL1,rural,23.07,2.75,22.61,39.2,0.241,7,0,1
SEG_RURAL_TR1,rural,37.53,28.15,32.84,45.82,0.05,0,0,0
SEG_HWY_NH27,highway,58.87,3.25,58.33,3.42,5.381,1,0,0
SEG_RURAL_NL1,rural,9.18,18.31,6.12,36.9,0.05,5,0,0
SEG_DIST_MZ1,district,21.96,7.64,20.69,37.05,0.56,0,0,0
SEG_RURAL_TR1,rural,29.6,4.16,28.91,51.54,0.256,0,0,0
SEG_STATE_AS1,state,37.84,13.89,35.52,10.23,1.576,3,0,1
SEG_RURAL_NL1,rural,34.99,19.64,31.72,38.46,0.05,5,0,1
SEG_STATE_AS1,state,14.4,9.71,12.78,15.91,1.554,0,1,1
SEG_DIST_AR1,district,53.31,18.92,50.16,23.02,0.956,1,0,0
SEG_RURAL_TR1,rural,12.4,17.3,9.52,32.83,0.805,5,0,1
SEG_RURAL_TR1,rural,45.75,56.61,36.32,53.16,0.583,0,0,1
SEG_RURAL_NL1,rural,24.4,6.41,23.33,44.73,0.05,4,0,1
SEG_DIST_AR1,district,78.49,12.7,76.38,28.51,1.062,3,0,1
SEG_DIST_MZ1,district,27.55,9.94,25.89,26.04,0.359,1,0,0
SEG_STATE_MN2,state,31.99,38.07,25.65,28.64,1.892,1,0,1
SEG_HWY_NH27,highway,8.75,7.23,7.54,6.04,5.19,1,0,0
SEG_DIST_AR1,district,40.89,4.31,40.17,28.48,1.081,0,0,0
SEG_RURAL_TR1,rural,55.94,18.4,52.88,45.62,0.717,2,1,1
SEG_STATE_MN2,state,9.08,10.73,7.3,28.68,2.439,3,0,0
SEG_RURAL_TR1,rural,9.89,8.91,8.41,48.72,0.05,1,0,1
SEG_RURAL_NL1,rural,38.67,3.05,38.16,42.81,0.422,1,0,0
SEG_DIST_MZ1,district,7.44,9.39,5.87,35.97,0.842,0,1,0
SEG_HWY_NH37,highway,30.73,17.35,27.84,2.93,2.927,3,1,0
SEG_RURAL_TR1,rural,25.98,1.9,25.66,43.41,0.05,0,0,0
SEG_DIST_MZ1,district,25.06,16.6,22.3,30.41,0.498,2,0,0
SEG_STATE_AS1,state,42.01,13.89,39.69,15.12,1.598,12,0,0
SEG_RURAL_TR1,rural,9.84,24.6,5.74,42.53,0.503,4,0,0
SEG_STATE_MN2,state,34.89,3.8,34.26,24.1,1.459,3,0,0
SEG_DIST_MZ1,district,38.5,21.06,34.99,31.24,0.253,1,0,0
SEG_DIST_AR1,district,19.89,23.06,16.04,29.7,1.149,2,0,0
SEG_DIST_MZ1,district,18.49,8.47,17.07,17.35,0.517,3,0,0
SEG_DIST_AR1,district,21.58,13.73,19.29,26.26,1.114,0,0,0
SEG_DIST_AR1,district,46.22,6.43,45.14,32.5,0.701,1,0,1
SEG_HWY_NH37,highway,7.89,13.24,5.69,0.0,3.191,5,0,0
SEG_STATE_MN2,state,25.71,12.56,23.61,27.63,1.964,1,0,1
SEG_HWY_NH27,highway,41.04,11.39,39.14,9.16,4.607,1,0,0
SEG_STATE_MN2,state,44.23,29.35,39.34,28.01,1.591,0,0,0
SEG_RURAL_NL1,rural,21.05,7.23,19.84,33.27,0.128,8,0,0
SEG_RURAL_TR1,rural,59.95,15.46,57.37,48.33,0.193,2,0,1
SEG_STATE_MN2,state,34.34,5.1,33.49,29.04,2.11,2,0,1
SEG_RURAL_TR1,rural,26.09,8.31,24.7,52.09,0.214,2,0,0
SEG_RURAL_TR1,rural,17.37,9.61,15.77,36.6,0.05,1,0,1
SEG_RURAL_TR1,rural,0.68,16.89,-2.14,53.43,0.05,1,1,0
SEG_HWY_NH37,highway,56.56,17.33,53.67,8.84,3.245,6,0,0
SEG_HWY_NH27,highway,76.87,10.74,75.08,7.14,4.553,6,1,1
SEG_DIST_AR1,district,8.56,3.1,8.04,30.67,0.676,0,0,0
SEG_STATE_MN2,state,59.41,10.09,57.73,23.95,2.441,7,1,0
SEG_RURAL_NL1,rural,8.73,11.4,6.83,44.47,0.144,1,0,1
SEG_STATE_MN2,state,30.42,7.32,29.2,19.5,1.979,1,0,0
SEG_DIST_AR1,district,15.39,21.3,11.84,33.56,0.975,8,0,0
SEG_DIST_MZ1,district,5.41,18.15,2.39,34.21,0.671,3,1,0
SEG_RURAL_TR1,rural,24.97,8.76,23.51,49.44,0.05,1,0,1
SEG_DIST_MZ1,district,8.46,10.9,6.64,42.96,0.239,9,0,1
SEG_RURAL_NL1,rural,7.46,16.06,4.78,32.24,0.866,2,0,0
SEG_DIST_MZ1,district,8.51,40.0,1.85,36.04,0.05,1,0,1
SEG_DIST_MZ1,district,14.34,3.87,13.69,38.68,0.05,2,0,1
SEG_RURAL_TR1,rural,27.05,12.79,24.92,50.93,1.018,4,0,0
SEG_DIST_AR1,district,17.95,6.12,16.93,32.06,0.856,8,0,1
SEG_DIST_AR1,district,77.05,33.61,71.45,27.18,0.968,8,0,0
SEG_DIST_AR1,district,17.06,5.39,16.16,33.2,1.068,7,0,0
SEG_STATE_MN2,state,15.42,3.49,14.84,19.54,1.795,1,0,1
SEG_HWY_NH27,highway,15.23,1.59,14.97,8.92,5.323,0,0,0
SEG_STATE_MN2,state,34.96,13.47,32.71,24.1,2.155,0,0,0
SEG_DIST_MZ1,district,19.58,4.55,18.82,19.02,0.479,2,0,1
SEG_HWY_NH27,highway,24.37,25.28,20.16,3.93,4.863,1,0,0
SEG_STATE_AS1,state,36.5,1.04,36.33,23.42,1.679,3,0,0
SEG_STATE_MN2,state,29.09,40.83,22.29,28.41,1.78,1,0,0
SEG_STATE_MN2,state,9.6,14.01,7.26,33.79,2.07,2,0,0
SEG_RURAL_TR1,rural,12.82,18.93,9.66,43.66,0.463,1,0,1
SEG_DIST_AR1,district,72.1,3.56,71.51,25.2,0.707,5,0,0
SEG_DIST_AR1,district,6.41,2.06,6.07,30.75,0.649,1,0,0
SEG_HWY_NH27,highway,12.28,7.69,11.0,8.6,5.592,2,0,0
SEG_STATE_MN2,state,43.26,7.16,42.07,21.2,2.389,17,0,1
SEG_DIST_AR1,district,23.79,19.01,20.63,37.08,0.377,13,0,0
SEG_STATE_MN2,state,34.35,28.11,29.66,17.18,1.494,0,0,0
SEG_DIST_MZ1,district,28.22,3.68,27.61,34.99,0.294,1,0,0
SEG_STATE_AS1,state,11.08,10.48,9.33,19.93,1.48,0,0,0
SEG_DIST_AR1,district,26.48,3.75,25.85,33.67,0.856,3,0,0
SEG_HWY_NH37,highway,73.58,15.96,70.92,5.78,2.835,0,0,0
SEG_STATE_AS1,state,11.55,15.28,9.0,18.82,1.436,0,1,0
SEG_DIST_AR1,district,14.93,16.75,12.14,30.73,0.492,1,0,0
SEG_HWY_NH37,highway,137.23,0.55,137.14,8.8,3.401,1,0,0
SEG_HWY_NH37,highway,33.51,9.88,31.86,6.26,3.261,4,0,0
SEG_DIST_AR1,district,121.03,25.38,116.79,30.66,1.571,0,1,0
SEG_STATE_AS1,state,16.01,2.39,15.61,16.86,1.029,7,0,0
SEG_RURAL_TR1,rural,35.06,8.49,33.65,48.74,0.05,10,0,1
SEG_HWY_NH27,highway,29.4,2.02,29.06,1.61,5.392,5,0,0
SEG_HWY_NH37,highway,17.68,8.29,16.29,7.02,3.079,2,0,0
SEG_DIST_AR1,district,39.91,13.58,37.65,26.64,0.72,0,0,1
SEG_RURAL_TR1,rural,24.18,7.7,22.9,40.23,0.05,1,0,1
SEG_RURAL_TR1,rural,40.97,3.55,40.38,41.22,0.05,8,0,0
SEG_RURAL_TR1,rural,27.01,7.83,25.7,43.15,0.339,5,0,0
SEG_DIST_MZ1,district,20.98,39.12,14.46,38.22,1.206,4,0,0
SEG_STATE_AS1,state,17.05,28.88,12.23,15.67,1.375,5,0,0
SEG_HWY_NH37,highway,2.43,19.97,-0.89,9.61,2.41,0,0,0
SEG_DIST_AR1,district,18.53,3.63,17.92,33.76,0.349,3,0,1
SEG_RURAL_TR1,rural,24.44,10.8,22.64,42.78,0.058,0,0,0
SEG_HWY_NH27,highway,42.0,25.85,37.69,7.15,4.602,4,0,0
SEG_HWY_NH27,highway,29.32,17.54,26.4,12.68,4.183,2,0,1
SEG_RURAL_NL1,rural,24.94,6.94,23.78,42.64,0.303,1,0,1
SEG_RURAL_TR1,rural,5.73,25.31,1.51,47.74,0.685,8,0,0
SEG_HWY_NH27,highway,16.19,14.85,13.71,12.77,5.196,8,0,0
SEG_HWY_NH37,highway,54.36,1.24,54.15,0.0,2.91,2,0,1
SEG_STATE_AS1,state,48.48,41.82,41.51,25.04,1.678,1,0,0
SEG_STATE_AS1,state,4.52,2.76,4.06,21.24,1.752,0,1,0
SEG_DIST_AR1,district,2.61,6.77,1.48,29.21,1.169,0,0,1
SEG_HWY_NH27,highway,22.5,76.54,9.74,5.53,5.291,0,0,0
SEG_STATE_MN2,state,24.94,9.07,23.43,25.62,2.193,1,0,0
SEG_HWY_NH27,highway,0.21,28.08,-4.47,1.9,4.912,0,0,1
SEG_RURAL_NL1,rural,36.51,14.48,34.1,43.11,0.05,0,0,1
SEG_STATE_MN2,state,28.24,13.93,25.92,24.88,2.133,3,0,0
SEG_RURAL_NL1,rural,24.79,16.36,22.07,44.46,0.404,0,1,0
SEG_RURAL_TR1,rural,5.74,12.98,3.58,47.2,0.381,3,1,0
SEG_RURAL_TR1,rural,6.95,2.06,6.6,43.26,0.453,2,0,1
SEG_DIST_AR1,district,20.73,1.2,20.53,26.52,1.024,7,0,1
SEG_RURAL_NL1,rural,29.38,0.85,29.24,42.57,0.491,6,0,1
SEG_DIST_AR1,district,2.55,36.71,-3.57,31.17,0.608,2,0,1
SEG_HWY_NH37,highway,30.89,12.52,28.81,14.81,2.962,3,0,1
SEG_HWY_NH27,highway,23.89,2.77,23.43,6.06,4.791,4,0,0
SEG_STATE_MN2,state,10.86,23.83,6.88,20.23,2.384,3,0,0
SEG_STATE_MN2,state,43.54,1.95,43.21,17.95,1.603,2,0,1
SEG_DIST_AR1,district,51.12,26.55,46.7,38.67,0.991,11,0,1
SEG_HWY_NH27,highway,23.35,18.27,20.3,6.3,5.311,4,0,0
SEG_STATE_AS1,state,7.5,4.01,6.83,22.77,1.774,6,0,0
SEG_STATE_MN2,state,53.72,13.68,51.44,16.92,2.27,0,1,1
SEG_STATE_AS1,state,4.48,23.74,0.52,20.0,1.724,1,0,0
SEG_HWY_NH27,highway,34.0,6.71,32.88,5.3,4.912,0,0,0
SEG_STATE_AS1,state,91.14,1.46,90.89,14.48,1.208,1,0,0
SEG_HWY_NH37,highway,51.44,5.26,50.57,4.49,2.943,0,0,0
SEG_RURAL_NL1,rural,12.37,15.79,9.74,28.95,0.426,2,0,1
SEG_RURAL_TR1,rural,32.61,42.1,25.6,46.96,0.241,1,0,1
SEG_RURAL_TR1,rural,23.67,4.26,22.96,44.34,0.262,0,0,0
SEG_DIST_AR1,district,15.58,3.72,14.96,21.4,0.888,1,0,0
SEG_HWY_NH37,highway,22.2,4.57,21.44,9.12,2.854,12,1,1
SEG_STATE_MN2,state,3.59,3.83,2.95,22.6,2.074,3,0,1
SEG_DIST_AR1,district,34.77,26.52,30.35,33.84,0.864,7,0,0
SEG_DIST_AR1,district,16.94,12.1,14.92,29.66,0.782,1,1,1
SEG_RURAL_TR1,rural,6.09,10.6,4.32,46.66,0.05,1,0,0
SEG_HWY_NH27,highway,17.83,18.35,14.77,5.06,4.984,1,0,1
SEG_STATE_MN2,state,20.53,10.2,18.83,15.86,1.51,1,0,0
SEG_DIST_AR1,district,28.26,11.75,26.3,29.75,0.702,5,0,1
SEG_STATE_MN2,state,28.98,18.38,25.91,19.69,1.939,0,0,1
SEG_RURAL_NL1,rural,6.74,5.46,5.83,49.24,0.603,2,0,0
SEG_HWY_NH27,highway,23.93,16.94,21.11,10.65,5.133,2,1,0
SEG_STATE_MN2,state,77.88,8.35,76.49,19.06,1.876,4,1,0
SEG_STATE_AS1,state,28.55,7.99,27.22,13.97,1.428,5,0,0
SEG_DIST_AR1,district,14.35,28.56,9.59,25.79,1.176,2,0,1
SEG_STATE_AS1,state,8.35,8.21,6.98,17.15,1.749,2,0,0
SEG_HWY_NH27,highway,6.7,7.21,5.5,0.99,4.946,2,0,0
SEG_HWY_NH37,highway,15.98,9.41,14.42,4.54,3.308,8,0,0
SEG_STATE_AS1,state,14.95,19.93,11.62,13.12,1.773,0,0,1
SEG_DIST_AR1,district,14.09,12.53,12.0,33.95,1.073,5,0,0
SEG_DIST_AR1,district,20.13,7.8,18.83,36.55,0.843,8,0,1
SEG_RURAL_TR1,rural,9.08,3.3,8.53,41.17,0.234,3,0,0
SEG_HWY_NH27,highway,14.65,7.36,13.42,16.58,4.482,1,0,1
SEG_RURAL_TR1,rural,41.61,11.47,39.7,46.35,0.13,1,0,0
SEG_DIST_AR1,district,16.42,17.45,13.51,31.55,1.009,1,0,1
SEG_RURAL_NL1,rural,17.06,6.74,15.94,41.38,0.391,3,0,0
SEG_DIST_AR1,district,25.88,9.78,24.25,27.5,0.703,2,0,0
SEG_RURAL_TR1,rural,41.82,27.9,37.17,49.08,0.05,4,0,0
SEG_RURAL_TR1,rural,61.29,3.52,60.71,48.35,0.05,0,0,1
SEG_HWY_NH27,highway,2.3,34.92,-3.52,7.2,4.879,3,0,0
SEG_HWY_NH37,highway,9.77,4.11,9.09,0.0,3.164,2,0,0
SEG_RURAL_NL1,rural,15.51,5.51,14.59,28.34,0.132,1,0,1
SEG_DIST_MZ1,district,27.84,7.41,26.61,37.61,0.453,2,0,1
SEG_DIST_AR1,district,9.99,12.34,7.93,32.47,1.186,2,0,0
SEG_HWY_NH37,highway,8.86,8.16,7.5,9.32,3.292,5,1,0
SEG_HWY_NH27,highway,68.52,6.45,67.44,13.43,5.28,0,0,0
SEG_STATE_MN2,state,28.96,17.61,26.02,20.84,2.938,1,0,0
SEG_HWY_NH37,highway,58.0,13.51,55.74,11.91,3.096,1,1,1
SEG_DIST_AR1,district,44.79,18.44,41.72,32.51,0.891,3,0,0
SEG_HWY_NH37,highway,53.05,7.29,51.84,8.52,2.925,1,0,1
SEG_STATE_AS1,state,18.33,11.74,16.37,15.3,1.707,4,0,0
SEG_RURAL_TR1,rural,36.76,21.79,33.13,41.81,0.05,0,0,0
SEG_RURAL_TR1,rural,37.18,13.73,34.89,50.07,0.303,5,0,1
SEG_DIST_AR1,district,17.48,10.4,15.75,24.35,0.17,11,0,1
SEG_STATE_AS1,state,20.88,14.61,18.45,16.32,1.511,0,0,0
SEG_RURAL_NL1,rural,23.8,40.36,17.07,43.41,0.627,1,0,0
SEG_RURAL_TR1,rural,16.72,24.69,12.6,46.74,0.393,7,0,0
SEG_HWY_NH27,highway,50.48,7.86,49.17,6.36,5.027,2,0,0
SEG_RURAL_TR1,rural,9.84,11.96,7.85,42.41,0.05,1,0,0
SEG_DIST_MZ1,district,15.7,53.96,6.7,29.73,0.226,0,0,0
SEG_RURAL_NL1,rural,41.32,6.4,40.26,35.75,0.702,3,0,0
SEG_DIST_MZ1,district,34.12,7.38,32.89,42.43,0.253,1,0,1
SEG_DIST_MZ1,district,106.08,9.07,104.57,38.48,0.536,5,0,1
SEG_HWY_NH27,highway,40.31,6.87,39.17,6.92,5.252,3,0,1
SEG_STATE_AS1,state,11.1,9.31,9.55,9.45,1.297,4,1,0
SEG_DIST_MZ1,district,12.81,24.13,8.78,35.0,0.713,0,0,0
SEG_RURAL_NL1,rural,32.91,18.94,29.75,33.95,0.262,3,0,1
SEG_RURAL_TR1,rural,32.19,12.08,30.18,51.91,0.32,3,0,1
SEG_DIST_AR1,district,3.09,9.33,1.53,22.93,1.099,2,0,1
SEG_RURAL_NL1,rural,14.53,12.16,12.5,40.49,0.321,0,0,0
SEG_HWY_NH37,highway,14.31,5.67,13.36,10.15,3.45,7,0,0
SEG_RURAL_TR1,rural,81.7,14.98,79.2,48.21,0.728,0,1,1
SEG_HWY_NH27,highway,20.75,12.6,18.65,9.35,5.201,1,0,0
SEG_DIST_MZ1,district,49.17,6.47,48.09,34.18,0.509,0,0,1
SEG_DIST_AR1,district,83.88,7.4,82.65,27.32,1.223,14,0,1
SEG_DIST_MZ1,district,30.64,6.59,29.55,40.62,0.889,8,1,0
SEG_HWY_NH27,highway,51.87,7.93,50.55,15.71,5.092,2,1,0
SEG_RURAL_NL1,rural,64.23,5.44,63.33,37.71,0.177,1,0,1
SEG_HWY_NH37,highway,80.21,24.6,76.12,1.88,3.005,5,0,1
SEG_RURAL_TR1,rural,30.32,2.09,29.97,46.22,0.05,2,0,1
SEG_RURAL_NL1,rural,12.96,1.7,12.67,33.41,0.196,7,0,0
SEG_HWY_NH37,highway,6.46,4.35,5.74,2.46,3.119,2,0,0
SEG_STATE_MN2,state,11.14,1.71,10.85,15.26,2.077,4,0,0
SEG_DIST_MZ1,district,63.86,8.57,62.43,36.65,0.411,4,1,1
SEG_RURAL_TR1,rural,17.4,11.15,15.54,42.99,0.229,2,0,1
SEG_RURAL_TR1,rural,6.29,22.02,2.62,46.5,0.391,11,1,1
SEG_HWY_NH37,highway,5.65,12.84,3.51,3.49,2.891,3,0,0
SEG_STATE_MN2,state,36.63,0.44,36.56,15.83,2.019,1,0,1
SEG_DIST_AR1,district,3.94,9.4,2.37,27.47,0.879,1,1,1
SEG_STATE_AS1,state,1.73,7.71,0.44,22.48,1.297,3,0,0
SEG_DIST_AR1,district,22.58,9.88,20.94,35.13,0.963,7,0,1
SEG_RURAL_TR1,rural,61.4,17.44,58.49,42.21,0.05,8,1,1
SEG_RURAL_TR1,rural,77.3,21.01,73.8,42.45,0.225,0,0,1
SEG_HWY_NH27,highway,4.77,29.99,-0.23,9.39,4.736,3,0,1
SEG_HWY_NH37,highway,19.84,4.11,19.15,0.0,3.196,5,0,0
SEG_STATE_MN2,state,23.52,2.95,23.03,17.33,1.606,5,0,0
SEG_STATE_AS1,state,6.71,29.42,1.81,22.88,1.371,3,0,0
SEG_DIST_AR1,district,28.71,27.62,24.1,30.87,0.702,4,0,0
SEG_HWY_NH37,highway,8.74,0.71,8.62,5.6,3.474,3,0,0
SEG_RURAL_NL1,rural,41.02,15.67,38.41,45.75,0.287,5,1,0
SEG_HWY_NH27,highway,41.33,0.66,41.22,18.39,4.741,1,1,0
SEG_STATE_MN2,state,11.09,29.18,6.23,14.25,1.465,0,0,0
SEG_HWY_NH27,highway,74.2,9.95,72.54,6.81,5.12,3,0,0
SEG_RURAL_TR1,rural,9.1,26.1,4.75,49.27,0.312,1,0,1
SEG_HWY_NH27,highway,24.61,17.72,21.65,3.9,5.113,2,0,0
SEG_STATE_AS1,state,28.83,12.31,26.78,20.88,1.625,6,0,0
SEG_RURAL_TR1,rural,15.65,19.12,12.46,54.41,0.229,4,0,1
SEG_DIST_AR1,district,42.13,21.49,38.55,28.97,0.706,2,1,1
SEG_DIST_AR1,district,58.77,9.25,57.23,28.27,0.971,6,0,1
SEG_RURAL_NL1,rural,25.15,4.32,24.43,31.75,0.826,9,0,1
SEG_RURAL_TR1,rural,7.56,11.06,5.72,44.92,0.05,3,0,0
SEG_RURAL_TR1,rural,80.92,16.91,78.1,50.46,0.289,1,1,1
SEG_STATE_MN2,state,51.86,8.71,50.41,16.22,1.44,4,0,0
SEG_RURAL_TR1,rural,34.15,4.83,33.35,39.73,0.346,3,0,0
SEG_STATE_AS1,state,30.45,13.99,28.12,17.64,1.19,0,0,0
SEG_RURAL_NL1,rural,19.57,8.64,18.13,44.07,0.843,1,0,0
SEG_STATE_MN2,state,29.22,2.62,28.78,12.53,1.826,2,0,1
SEG_STATE_AS1,state,13.34,20.48,9.92,19.1,1.425,0,0,1
SEG_HWY_NH27,highway,12.12,18.89,8.97,7.57,4.563,13,0,0
SEG_DIST_AR1,district,30.79,7.82,29.49,25.07,0.811,1,0,0
SEG_RURAL_NL1,rural,42.4,41.76,35.44,47.85,0.538,4,0,0
SEG_DIST_MZ1,district,28.71,24.31,24.66,37.21,0.141,2,0,0
SEG_DIST_AR1,district,22.42,5.08,21.57,28.9,1.117,1,0,0
SEG_HWY_NH37,highway,58.7,1.39,58.47,6.13,2.862,2,1,1
SEG_DIST_AR1,district,16.77,22.23,13.06,29.86,0.708,5,1,1
SEG_DIST_AR1,district,114.17,15.52,111.59,30.97,0.78,1,0,1
SEG_RURAL_TR1,rural,61.07,2.85,60.6,42.48,0.3,4,0,1
SEG_STATE_AS1,state,19.86,22.55,16.1,13.9,1.935,3,0,0
SEG_RURAL_TR1,rural,29.8,11.76,27.84,45.59,0.236,2,0,1
SEG_RURAL_TR1,rural,19.75,8.62,18.31,43.12,0.694,6,1,1
SEG_DIST_MZ1,district,52.46,4.72,51.68,45.53,0.394,1,0,1
SEG_DIST_MZ1,district,53.04,27.84,48.4,46.63,0.596,1,0,1
SEG_RURAL_NL1,rural,23.61,8.3,22.23,40.48,0.177,5,0,0
SEG_RURAL_TR1,rural,17.68,20.75,14.22,42.16,0.05,2,0,1
SEG_DIST_MZ1,district,82.05,12.36,79.99,42.72,0.501,0,0,0
SEG_STATE_MN2,state,37.64,13.52,35.38,36.31,2.047,2,0,1
SEG_STATE_MN2,state,25.38,14.36,22.99,24.12,2.328,3,0,1
SEG_RURAL_NL1,rural,27.0,9.07,25.48,33.54,0.05,4,0,0
SEG_STATE_MN2,state,6.53,12.33,4.47,15.06,2.055,2,0,0
SEG_RURAL_NL1,rural,0.78,10.36,-0.95,31.05,0.284,0,0,0
SEG_HWY_NH37,highway,45.64,76.44,32.9,2.36,3.27,4,0,1
SEG_DIST_MZ1,district,37.8,16.08,35.12,34.72,0.446,2,0,0
SEG_RURAL_TR1,rural,47.74,7.37,46.51,47.76,0.05,8,0,1
SEG_RURAL_NL1,rural,63.34,4.44,62.6,38.16,0.103,0,1,1
SEG_RURAL_NL1,rural,7.61,14.08,5.27,37.23,0.16,3,0,1
SEG_STATE_AS1,state,28.41,18.75,25.28,18.05,1.915,17,0,1
SEG_RURAL_TR1,rural,29.26,10.16,27.57,45.54,0.375,1,0,0
SEG_HWY_NH37,highway,51.2,0.31,51.15,2.97,2.833,1,0,0
SEG_STATE_AS1,state,8.9,2.51,8.48,15.08,1.342,1,0,1
SEG_DIST_MZ1,district,46.45,11.6,44.52,29.74,0.578,1,0,1
SEG_HWY_NH27,highway,19.88,19.67,16.6,2.89,5.147,1,0,0
SEG_RURAL_TR1,rural,37.25,12.61,35.14,45.0,0.213,7,0,1
SEG_HWY_NH27,highway,16.82,11.15,14.96,2.69,5.026,5,0,0
SEG_RURAL_TR1,rural,52.67,6.92,51.52,49.05,0.244,2,0,0
SEG_HWY_NH37,highway,17.64,6.13,16.62,8.3,2.738,4,0,0
SEG_STATE_AS1,state,25.47,4.64,24.7,16.56,1.229,5,0,0
SEG_RURAL_NL1,rural,80.93,15.68,78.31,48.65,0.05,3,1,1
SEG_STATE_AS1,state,27.41,5.51,26.49,18.3,1.61,5,0,0
SEG_HWY_NH27,highway,33.08,5.82,32.11,8.08,4.988,2,0,1
SEG_RURAL_TR1,rural,12.19,47.35,4.3,49.51,0.408,5,0,0
SEG_DIST_AR1,district,43.79,0.78,43.66,30.79,0.942,2,0,0
SEG_DIST_MZ1,district,28.13,17.94,25.14,35.92,0.571,0,0,0
SEG_RURAL_NL1,rural,9.26,2.12,8.91,42.67,0.111,0,0,0
SEG_HWY_NH27,highway,21.24,13.57,18.98,5.83,5.18,4,0,0
SEG_DIST_MZ1,district,5.73,7.9,4.42,41.2,0.703,0,0,0
SEG_RURAL_NL1,rural,29.17,9.81,27.54,36.48,0.05,1,0,0
SEG_DIST_MZ1,district,2.28,12.7,0.16,35.9,0.551,0,0,1
SEG_RURAL_TR1,rural,45.47,19.1,42.29,46.21,0.05,3,0,0
SEG_HWY_NH37,highway,28.18,2.62,27.75,0.94,2.946,9,0,0
SEG_HWY_NH27,highway,42.07,7.32,40.85,8.11,5.232,2,0,0
SEG_STATE_MN2,state,9.35,15.38,6.78,20.88,2.279,1,0,0
SEG_DIST_AR1,district,15.23,7.47,13.99,21.69,0.793,6,0,1
SEG_STATE_MN2,state,36.69,2.0,36.36,26.06,1.934,4,0,1
SEG_HWY_NH27,highway,30.28,27.24,25.74,9.66,5.514,1,0,1
SEG_RURAL_NL1,rural,33.88,11.42,31.97,48.39,0.211,0,0,0
SEG_HWY_NH27,highway,36.73,22.96,32.9,6.11,5.031,5,0,0
SEG_HWY_NH27,highway,20.12,16.77,17.32,1.99,4.924,4,0,0
SEG_RURAL_TR1,rural,92.82,32.96,87.32,49.22,0.628,0,0,1
SEG_STATE_AS1,state,12.29,80.31,-1.09,10.8,1.667,4,0,0
SEG_DIST_AR1,district,23.3,10.86,21.49,26.52,0.858,1,0,0
SEG_HWY_NH37,highway,37.3,23.6,33.36,8.0,3.56,0,0,0
SEG_HWY_NH37,highway,3.03,9.05,1.53,8.74,2.934,1,0,0
SEG_DIST_MZ1,district,8.79,19.11,5.6,33.85,0.703,0,0,0
SEG_HWY_NH37,highway,68.41,33.13,62.89,2.44,2.696,2,1,0
SEG_DIST_AR1,district,21.35,26.62,16.91,24.29,0.726,4,0,0
SEG_DIST_MZ1,district,25.48,3.84,24.83,32.1,0.539,1,0,1
SEG_DIST_MZ1,district,26.14,4.81,25.34,45.34,0.549,14,0,0
SEG_RURAL_NL1,rural,11.77,28.82,6.97,37.57,0.05,0,1,1
SEG_STATE_AS1,state,24.31,6.44,23.24,10.57,1.053,2,0,0
SEG_STATE_MN2,state,11.24,4.36,10.51,22.54,1.895,0,0,0
SEG_RURAL_NL1,rural,14.95,3.18,14.42,40.24,0.373,2,0,1
SEG_STATE_AS1,state,3.24,9.6,1.64,25.35,1.348,4,0,0
SEG_STATE_AS1,state,6.39,10.86,4.58,15.29,1.364,1,0,0
SEG_STATE_AS1,state,5.42,36.02,-0.58,14.63,1.503,0,1,0
SEG_HWY_NH27,highway,19.39,6.52,18.3,10.01,5.117,4,0,0
SEG_RURAL_NL1,rural,3.63,40.01,-3.04,30.65,0.498,1,0,0
SEG_STATE_MN2,state,20.92,17.81,17.95,13.92,2.298,4,0,1
SEG_RURAL_TR1,rural,57.55,7.51,56.29,44.75,0.05,0,0,0
SEG_STATE_AS1,state,33.65,1.81,33.35,27.46,1.967,2,0,1
SEG_STATE_MN2,state,68.58,12.24,66.54,17.69,1.809,3,0,1
SEG_RURAL_TR1,rural,15.79,16.72,13.0,44.05,0.144,2,0,1
SEG_DIST_AR1,district,13.64,3.69,13.03,33.5,0.625,4,0,0
SEG_RURAL_TR1,rural,15.33,0.26,15.29,50.95,0.385,0,0,1
SEG_DIST_AR1,district,37.81,23.9,33.82,30.29,0.719,2,1,0
SEG_HWY_NH37,highway,17.3,5.18,16.44,1.0,2.671,7,0,0
SEG_RURAL_TR1,rural,5.01,25.45,0.77,44.82,0.05,6,1,1
SEG_DIST_AR1,district,18.65,8.09,17.3,31.63,1.254,2,0,0
SEG_STATE_AS1,state,43.7,23.93,39.71,22.43,1.805,1,1,0
SEG_HWY_NH27,highway,35.36,7.63,34.09,4.35,5.025,2,0,1
SEG_RURAL_TR1,rural,54.46,2.27,54.08,42.92,0.396,9,0,1
SEG_DIST_MZ1,district,22.9,1.34,22.68,29.52,0.412,1,0,0
SEG_DIST_AR1,district,40.66,7.18,39.46,28.79,1.361,1,0,1
SEG_RURAL_NL1,rural,15.22,3.61,14.62,47.0,0.35,9,0,0
SEG_DIST_AR1,district,87.81,16.06,85.14,32.69,0.662,1,1,1
SEG_RURAL_TR1,rural,37.17,13.79,34.87,35.91,0.406,3,0,0
SEG_DIST_AR1,district,7.5,16.72,4.71,28.5,1.04,3,0,0
SEG_STATE_MN2,state,26.7,8.07,25.36,24.39,2.038,1,0,1
SEG_RURAL_NL1,rural,10.91,3.35,10.35,36.93,0.816,0,0,0
SEG_RURAL_TR1,rural,52.95,12.61,50.85,41.47,0.372,2,1,0
SEG_HWY_NH27,highway,50.1,5.21,49.23,17.87,4.697,2,1,1
SEG_STATE_MN2,state,24.82,12.86,22.68,20.28,2.271,1,0,0
SEG_RURAL_NL1,rural,12.95,4.06,12.27,35.45,0.185,0,0,0
SEG_DIST_MZ1,district,11.82,7.42,10.58,36.04,0.974,5,0,0
SEG_DIST_AR1,district,3.63,2.59,3.19,31.03,0.916,6,1,1
SEG_DIST_AR1,district,16.09,14.29,13.71,29.33,1.166,9,0,0
SEG_HWY_NH37,highway,8.73,18.66,5.62,5.53,3.081,0,0,0
SEG_RURAL_NL1,rural,19.82,22.39,16.09,32.84,0.05,6,0,1
SEG_DIST_AR1,district,81.96,6.23,80.92,34.32,0.635,15,1,1
SEG_HWY_NH37,highway,20.89,22.89,17.07,4.92,2.648,2,0,1
SEG_HWY_NH37,highway,84.1,26.82,79.63,0.0,3.202,0,1,1
SEG_RURAL_TR1,rural,70.01,0.58,69.92,35.96,0.39,1,0,0
SEG_DIST_AR1,district,56.14,5.03,55.3,34.76,0.579,0,0,1
SEG_STATE_MN2,state,28.77,55.89,19.46,22.81,2.052,0,1,1
SEG_DIST_MZ1,district,11.98,24.55,7.89,41.17,0.05,3,0,0
SEG_STATE_MN2,state,37.18,36.58,31.09,17.86,1.954,3,0,0
SEG_STATE_MN2,state,3.99,16.9,1.18,20.71,1.605,4,0,0
SEG_DIST_AR1,district,9.63,62.53,-0.79,29.99,0.406,8,0,1
SEG_STATE_AS1,state,30.58,16.05,27.9,25.48,1.624,4,0,1
SEG_HWY_NH27,highway,54.7,1.87,54.39,5.27,5.173,3,0,0
SEG_HWY_NH37,highway,27.6,1.93,27.28,2.8,2.927,2,0,1
SEG_DIST_AR1,district,38.15,3.57,37.55,34.72,0.53,10,0,0
SEG_RURAL_TR1,rural,28.3,40.94,21.48,43.39,0.05,4,0,0
SEG_HWY_NH37,highway,45.46,9.98,43.79,4.88,3.48,1,0,0
SEG_DIST_MZ1,district,48.92,69.24,37.38,40.01,0.729,0,0,1
SEG_STATE_AS1,state,32.13,20.28,28.75,17.68,1.608,2,0,0
SEG_HWY_NH27,highway,17.52,24.29,13.47,6.81,4.828,4,0,0
SEG_DIST_AR1,district,16.3,2.02,15.97,29.46,0.633,4,0,0
SEG_DIST_MZ1,district,25.96,28.72,21.18,30.92,0.511,4,0,0
SEG_RURAL_NL1,rural,52.95,25.68,48.67,39.06,0.581,5,0,1
SEG_STATE_AS1,state,17.08,6.25,16.04,18.98,1.771,3,0,0
SEG_STATE_MN2,state,11.08,47.35,3.18,27.24,1.688,1,0,0
SEG_STATE_AS1,state,21.68,1.77,21.38,24.9,1.445,2,0,0
SEG_DIST_MZ1,district,24.77,45.34,17.22,40.1,0.62,3,0,0
SEG_DIST_AR1,district,13.59,9.97,11.93,33.7,0.292,4,0,1
SEG_STATE_AS1,state,17.28,10.52,15.53,9.44,1.493,2,0,0
SEG_DIST_AR1,district,91.92,15.77,89.29,35.08,0.401,3,1,0
SEG_RURAL_TR1,rural,16.05,31.3,10.83,44.89,0.05,14,0,1
SEG_DIST_AR1,district,57.55,4.28,56.83,29.92,1.212,1,1,0
SEG_DIST_MZ1,district,29.34,19.57,26.08,38.39,0.42,11,0,0
SEG_HWY_NH27,highway,30.22,9.02,28.72,6.47,4.901,2,0,0
SEG_RURAL_TR1,rural,37.26,26.09,32.92,60.0,0.05,0,0,0
SEG_HWY_NH27,highway,13.83,9.64,12.22,5.57,4.913,2,0,0
SEG_STATE_AS1,state,61.09,6.11,60.07,6.09,1.823,2,0,1
SEG_STATE_MN2,state,92.18,36.34,86.12,20.57,1.839,9,1,1
SEG_RURAL_NL1,rural,20.05,12.8,17.92,33.33,0.484,7,0,0
SEG_DIST_MZ1,district,17.29,5.56,16.36,35.28,0.315,6,0,1
SEG_HWY_NH27,highway,45.92,8.71,44.47,11.14,4.794,2,1,1
SEG_RURAL_NL1,rural,41.8,2.37,41.4,39.83,0.151,6,0,1
SEG_HWY_NH37,highway,11.73,16.03,9.05,4.7,3.153,5,0,0
SEG_DIST_AR1,district,62.68,10.36,60.95,33.87,0.455,1,0,1
SEG_HWY_NH27,highway,55.59,17.32,52.71,11.23,5.003,1,0,0
SEG_RURAL_TR1,rural,40.46,8.66,39.02,42.15,0.05,9,0,1
SEG_DIST_MZ1,district,20.58,3.67,19.97,38.18,0.887,1,0,1
SEG_DIST_AR1,district,26.95,27.47,22.37,30.9,0.798,4,0,1
SEG_RURAL_NL1,rural,48.59,10.53,46.84,40.01,0.409,3,0,1
SEG_DIST_MZ1,district,43.15,1.82,42.84,37.71,0.05,1,0,1
SEG_HWY_NH27,highway,12.41,15.83,9.77,4.48,4.403,2,0,0
SEG_STATE_MN2,state,41.28,21.6,37.68,22.23,2.389,0,0,0
SEG_RURAL_TR1,rural,1.77,15.33,-0.78,46.75,0.05,1,0,1
SEG_HWY_NH37,highway,36.85,11.85,34.88,5.67,2.875,4,0,0
SEG_DIST_MZ1,district,15.66,3.35,15.1,30.89,0.572,0,0,0
SEG_STATE_MN2,state,65.45,28.95,60.62,22.25,2.121,0,1,1
SEG_HWY_NH27,highway,31.51,17.23,28.64,4.65,5.163,6,0,0
SEG_RURAL_TR1,rural,43.14,13.08,40.97,45.8,0.05,6,0,0
SEG_DIST_AR1,district,35.3,10.23,33.59,34.59,0.699,8,0,1
SEG_RURAL_NL1,rural,30.62,5.79,29.65,44.07,0.112,4,0,1
SEG_HWY_NH27,highway,38.36,5.11,37.51,6.56,4.788,0,0,0
SEG_STATE_AS1,state,28.69,2.3,28.31,10.33,1.43,3,0,0
SEG_HWY_NH37,highway,108.08,31.89,102.77,2.82,2.892,2,0,0
SEG_HWY_NH37,highway,14.51,37.34,8.29,3.2,2.947,8,0,0
SEG_DIST_AR1,district,12.19,31.4,6.96,31.36,1.128,2,0,0
SEG_RURAL_TR1,rural,36.66,14.94,34.16,41.03,0.723,5,0,0
SEG_HWY_NH27,highway,33.62,13.23,31.42,5.36,4.502,1,0,1
SEG_HWY_NH27,highway,46.53,11.78,44.56,1.76,5.105,1,0,0
SEG_STATE_MN2,state,18.45,23.75,14.49,26.1,2.261,0,0,0
SEG_STATE_AS1,state,23.66,0.58,23.56,19.44,1.835,4,0,0
SEG_RURAL_NL1,rural,42.12,6.76,40.99,44.06,0.15,1,0,0
SEG_RURAL_TR1,rural,13.44,6.62,12.33,37.94,0.114,3,0,1
SEG_DIST_MZ1,district,39.04,70.16,27.35,33.97,0.16,2,0,0
SEG_RURAL_NL1,rural,19.0,2.96,18.51,42.98,0.05,0,0,0
SEG_STATE_AS1,state,8.09,9.85,6.45,20.38,1.707,2,0,1
SEG_RURAL_NL1,rural,53.8,6.48,52.72,35.17,0.617,2,0,0
SEG_HWY_NH27,highway,13.2,15.08,10.69,7.36,5.423,3,0,0
SEG_RURAL_TR1,rural,52.8,33.02,47.29,41.26,0.05,3,0,0
SEG_RURAL_NL1,rural,23.19,2.26,22.82,36.2,0.374,0,0,0
SEG_DIST_AR1,district,28.47,18.83,25.33,28.96,0.904,6,1,1
SEG_HWY_NH37,highway,44.41,6.71,43.29,0.0,3.498,6,0,1
SEG_DIST_MZ1,district,10.4,17.43,7.5,35.09,0.367,4,0,0
SEG_STATE_MN2,state,94.27,10.01,92.6,21.46,1.863,9,0,1
SEG_RURAL_TR1,rural,37.44,18.12,34.42,47.4,0.05,4,0,1
SEG_RURAL_TR1,rural,15.55,8.65,14.1,41.3,0.05,0,0,0
SEG_STATE_MN2,state,11.39,34.07,5.71,24.11,1.621,3,0,0
SEG_DIST_MZ1,district,49.92,4.6,49.15,32.19,0.444,10,0,1
SEG_HWY_NH27,highway,14.24,26.18,9.88,5.35,4.916,5,0,0
SEG_DIST_MZ1,district,19.67,21.21,16.13,39.92,0.317,10,0,1
SEG_DIST_MZ1,district,31.96,43.19,24.76,36.69,0.423,0,0,0
SEG_HWY_NH37,highway,12.86,10.43,11.12,3.7,2.362,10,0,1
SEG_RURAL_NL1,rural,4.55,13.26,2.34,34.9,0.05,8,0,0
SEG_DIST_AR1,district,12.54,12.31,10.49,33.94,0.421,4,0,0
SEG_STATE_MN2,state,15.67,23.5,11.75,13.25,2.405,2,0,0
SEG_HWY_NH27,highway,28.96,7.72,27.67,14.99,4.969,9,0,0
SEG_RURAL_TR1,rural,78.47,57.68,68.86,52.75,0.05,1,0,1
SEG_HWY_NH27,highway,27.31,15.16,24.79,0.61,4.87,3,0,0
SEG_STATE_MN2,state,15.69,7.89,14.38,23.22,2.288,5,0,1
SEG_HWY_NH37,highway,70.21,17.57,67.28,4.71,2.959,1,1,1
SEG_HWY_NH37,highway,44.08,7.86,42.77,0.0,3.225,0,0,0
SEG_DIST_MZ1,district,40.85,16.67,38.07,40.69,0.331,0,1,1
SEG_STATE_MN2,state,14.86,11.55,12.93,27.42,1.957,10,0,0
SEG_STATE_AS1,state,18.1,4.34,17.38,18.1,1.019,8,0,1
SEG_STATE_MN2,state,24.72,14.3,22.34,21.95,2.069,1,0,0
SEG_HWY_NH27,highway,25.59,6.61,24.49,12.14,5.535,2,0,0
SEG_STATE_MN2,state,13.0,21.46,9.43,21.73,1.886,3,0,0
SEG_STATE_MN2,state,27.54,9.33,25.99,29.24,2.094,1,0,0
SEG_STATE_MN2,state,10.97,5.41,10.06,23.08,1.763,5,0,0
SEG_DIST_MZ1,district,55.71,37.86,49.4,33.42,0.65,1,1,1
SEG_STATE_AS1,state,20.88,4.46,20.14,9.98,1.192,0,0,0
SEG_HWY_NH37,highway,9.02,6.33,7.97,0.05,2.893,2,1,1
SEG_DIST_AR1,district,23.72,4.67,22.94,23.44,0.362,0,0,0
SEG_STATE_AS1,state,36.03,8.24,34.66,14.09,1.602,0,1,0
SEG_STATE_AS1,state,14.84,44.98,7.35,17.43,1.814,2,0,0
SEG_DIST_AR1,district,14.37,25.44,10.14,32.2,0.924,3,0,1
SEG_STATE_AS1,state,69.19,26.38,64.8,25.2,1.563,1,1,1
SEG_HWY_NH27,highway,9.32,14.02,6.98,4.1,4.401,3,0,0
SEG_HWY_NH37,highway,5.23,16.52,2.48,2.16,3.058,2,0,0
SEG_STATE_AS1,state,50.65,3.64,50.05,13.44,1.529,0,0,1
SEG_HWY_NH37,highway,17.63,9.97,15.97,10.04,3.043,7,0,0
SEG_DIST_MZ1,district,38.7,5.21,37.83,39.6,0.485,2,0,1
SEG_STATE_MN2,state,37.35,21.92,33.7,17.91,1.52,2,0,0
SEG_DIST_MZ1,district,41.79,16.29,39.08,37.15,0.058,1,0,0
SEG_HWY_NH37,highway,17.2,7.51,15.95,10.33,3.331,1,0,0
SEG_STATE_AS1,state,10.37,11.79,8.41,24.53,1.354,4,0,1
SEG_DIST_AR1,district,46.68,7.57,45.42,31.72,1.125,1,0,1
SEG_HWY_NH37,highway,40.55,1.47,40.3,8.76,2.986,4,0,0
SEG_STATE_AS1,state,60.43,33.44,54.85,11.47,1.488,3,0,0
SEG_RURAL_NL1,rural,62.04,39.8,55.41,37.08,0.592,1,0,1
SEG_HWY_NH27,highway,15.34,9.26,13.8,5.29,5.533,0,0,1
SEG_HWY_NH27,highway,11.72,42.08,4.71,0.73,4.746,1,0,0
SEG_RURAL_TR1,rural,54.66,14.36,52.27,48.11,0.137,0,0,0
SEG_RURAL_TR1,rural,30.11,12.95,27.95,46.06,0.422,3,1,1
SEG_DIST_MZ1,district,24.83,34.51,19.08,29.14,0.473,10,0,0
SEG_HWY_NH27,highway,4.12,9.71,2.5,7.44,5.063,1,0,0
SEG_RURAL_TR1,rural,40.35,18.67,37.24,46.94,0.05,1,0,0
SEG_STATE_MN2,state,27.67,14.85,25.19,15.05,1.355,2,0,0
SEG_HWY_NH37,highway,8.19,30.48,3.11,7.77,2.584,9,0,0
SEG_DIST_AR1,district,116.66,10.16,114.97,27.23,0.572,1,0,1
SEG_RURAL_TR1,rural,22.49,5.12,21.64,41.66,0.373,0,0,1
SEG_HWY_NH37,highway,16.93,19.26,13.72,1.73,3.307,2,0,0
SEG_HWY_NH37,highway,62.19,20.82,58.72,10.1,3.275,2,0,1
SEG_RURAL_TR1,rural,9.93,2.06,9.59,41.07,0.05,2,1,1
SEG_RURAL_NL1,rural,36.96,3.5,36.38,45.88,0.892,0,1,0
SEG_RURAL_NL1,rural,68.61,36.49,62.53,41.73,0.777,5,0,0
SEG_HWY_NH27,highway,5.54,3.33,4.98,3.05,4.614,4,0,1
SEG_RURAL_TR1,rural,14.76,32.14,9.41,35.35,0.05,4,1,0
SEG_RURAL_TR1,rural,4.54,16.32,1.82,45.74,0.641,12,0,0
SEG_HWY_NH27,highway,51.54,16.92,48.72,12.36,5.803,6,0,1
SEG_HWY_NH27,highway,7.69,5.22,6.82,4.9,4.838,5,0,0
SEG_DIST_MZ1,district,32.16,4.18,31.46,39.03,0.273,1,0,0
SEG_STATE_AS1,state,14.71,7.09,13.53,23.44,1.584,3,1,1
SEG_HWY_NH27,highway,26.43,3.51,25.85,2.4,5.182,2,0,0
SEG_STATE_AS1,state,59.04,22.05,55.36,25.13,1.403,2,0,0
SEG_DIST_AR1,district,25.6,3.0,25.1,35.28,0.932,3,0,0
SEG_DIST_MZ1,district,15.85,7.3,14.64,29.77,0.898,1,0,0
SEG_RURAL_NL1,rural,60.9,26.68,56.45,43.27,0.05,0,1,1
SEG_DIST_AR1,district,65.63,36.57,59.53,28.17,0.299,2,0,1
SEG_RURAL_TR1,rural,46.05,52.22,37.35,49.15,0.127,1,0,0
SEG_RURAL_NL1,rural,19.75,15.24,17.21,44.51,0.085,7,0,1
SEG_HWY_NH27,highway,42.4,24.65,38.29,4.05,5.114,2,1,1
SEG_HWY_NH27,highway,55.19,14.76,52.73,17.96,5.037,0,0,1
SEG_STATE_MN2,state,6.69,19.52,3.44,25.36,2.01,2,0,1
SEG_RURAL_NL1,rural,34.96,31.57,29.7,44.63,0.438,0,0,0
SEG_RURAL_TR1,rural,17.66,12.84,15.52,45.94,0.123,1,0,1
SEG_STATE_MN2,state,15.61,20.28,12.23,29.73,2.364,8,0,1
SEG_RURAL_NL1,rural,57.74,56.26,48.36,35.5,0.321,2,0,1
SEG_DIST_MZ1,district,11.75,4.68,10.97,31.83,0.616,9,1,1
SEG_RURAL_TR1,rural,50.79,3.98,50.13,41.01,0.05,0,0,1
SEG_RURAL_NL1,rural,4.03,4.09,3.35,42.1,0.855,1,0,0
SEG_RURAL_NL1,rural,25.35,11.79,23.39,42.32,0.353,1,0,0
SEG_HWY_NH27,highway,13.31,23.33,9.42,15.39,5.152,1,0,0
SEG_DIST_MZ1,district,7.46,24.66,3.35,35.49,0.132,2,0,1
SEG_RURAL_NL1,rural,8.34,30.54,3.25,41.4,0.798,1,0,1
SEG_DIST_MZ1,district,50.46,6.16,49.44,38.21,1.025,1,1,0
SEG_DIST_AR1,district,55.67,17.11,52.82,25.2,1.392,1,0,1
SEG_DIST_MZ1,district,22.68,20.09,19.33,32.52,0.944,4,0,0
SEG_STATE_AS1,state,30.04,10.45,28.3,11.11,1.149,8,0,1
SEG_RURAL_TR1,rural,80.88,16.91,78.07,50.98,0.594,0,0,1
SEG_HWY_NH27,highway,23.36,7.99,22.03,5.66,4.663,6,0,1
SEG_HWY_NH27,highway,9.57,3.41,9.0,9.38,4.937,2,0,0
SEG_HWY_NH27,highway,39.67,17.5,36.75,2.66,4.572,0,0,0
SEG_HWY_NH27,highway,2.01,35.47,-3.91,6.31,4.417,0,0,0
SEG_RURAL_NL1,rural,7.31,7.7,6.02,37.11,0.05,2,0,0
SEG_HWY_NH27,highway,48.48,6.63,47.37,13.52,4.777,4,0,1
SEG_DIST_MZ1,district,25.37,24.13,21.35,40.11,0.05,4,0,0
SEG_STATE_AS1,state,32.3,11.57,30.37,19.37,0.878,0,0,0
SEG_HWY_NH37,highway,27.82,12.55,25.72,3.68,3.133,2,0,0
SEG_DIST_MZ1,district,21.88,34.53,16.13,31.57,0.745,1,0,0
SEG_HWY_NH27,highway,59.44,11.63,57.5,6.06,5.407,2,0,0
SEG_RURAL_NL1,rural,35.93,56.93,26.44,44.08,0.395,2,0,1
SEG_DIST_MZ1,district,3.81,17.4,0.91,32.12,0.764,0,0,1
SEG_RURAL_NL1,rural,6.59,4.95,5.77,41.42,0.613,3,0,0
SEG_HWY_NH37,highway,7.88,9.03,6.38,0.0,2.723,5,0,0
SEG_DIST_AR1,district,29.72,3.26,29.17,29.07,0.44,3,0,1
SEG_DIST_AR1,district,36.27,6.2,35.23,21.38,0.764,0,0,1
SEG_DIST_MZ1,district,14.18,13.09,12.0,32.37,0.621,1,0,1
SEG_HWY_NH27,highway,58.91,38.7,52.46,0.0,5.255,2,1,1
SEG_STATE_MN2,state,60.25,10.99,58.41,19.71,2.129,1,0,0
SEG_STATE_AS1,state,124.81,9.73,123.19,16.62,1.523,5,0,0
SEG_RURAL_TR1,rural,8.11,25.67,3.83,42.16,0.304,1,0,1
SEG_STATE_MN2,state,24.61,4.99,23.78,28.26,1.938,6,0,0
SEG_HWY_NH27,highway,4.78,10.25,3.07,6.26,4.694,0,0,0
SEG_DIST_MZ1,district,23.68,8.08,22.34,37.52,0.357,0,0,0
SEG_DIST_MZ1,district,24.28,1.78,23.99,25.3,0.372,1,0,0
SEG_HWY_NH27,highway,30.5,16.71,27.72,7.06,4.991,10,0,1
SEG_DIST_AR1,district,9.27,37.73,2.98,26.24,1.132,1,0,0
SEG_STATE_MN2,state,30.36,3.09,29.85,27.58,1.749,1,0,0
SEG_RURAL_NL1,rural,23.97,20.92,20.49,51.51,0.293,4,0,0
SEG_HWY_NH37,highway,42.03,4.86,41.22,8.66,2.978,2,0,0
SEG_DIST_AR1,district,41.01,22.66,37.23,24.8,0.26,5,0,0
SEG_HWY_NH37,highway,11.7,5.7,10.75,8.78,3.334,2,0,1
SEG_STATE_AS1,state,12.22,15.02,9.72,13.86,1.531,3,0,0
SEG_DIST_AR1,district,22.65,6.49,21.56,32.09,0.852,1,0,1
SEG_DIST_AR1,district,24.97,9.94,23.31,28.92,0.687,1,0,0
SEG_DIST_MZ1,district,21.62,5.29,20.74,30.06,0.672,3,0,1
SEG_DIST_MZ1,district,46.69,12.74,44.57,35.89,0.225,2,0,1
SEG_HWY_NH37,highway,27.98,27.08,23.47,5.54,3.068,0,0,0
SEG_STATE_AS1,state,7.69,45.59,0.09,16.56,1.483,0,1,1
SEG_STATE_AS1,state,16.08,31.39,10.85,27.71,1.695,2,0,0
SEG_RURAL_NL1,rural,11.95,19.33,8.72,33.53,0.05,4,0,0
SEG_HWY_NH27,highway,11.45,16.06,8.77,10.0,5.117,9,0,0
SEG_STATE_AS1,state,29.55,49.98,21.22,20.85,1.299,2,0,0
SEG_HWY_NH37,highway,10.81,5.71,9.85,1.44,2.834,5,0,0
SEG_HWY_NH27,highway,10.81,3.21,10.28,5.01,4.789,2,0,0
SEG_STATE_MN2,state,1.74,10.01,0.07,19.74,2.461,3,0,0
SEG_RURAL_NL1,rural,24.19,8.46,22.78,30.08,0.05,0,0,1
SEG_RURAL_NL1,rural,16.01,8.62,14.57,42.09,0.505,0,0,0
SEG_RURAL_TR1,rural,51.91,14.59,49.48,38.95,0.189,1,1,1
SEG_DIST_MZ1,district,36.33,8.33,34.94,30.07,0.616,1,0,0
SEG_STATE_AS1,state,25.03,15.28,22.49,20.48,1.762,3,0,0
SEG_DIST_MZ1,district,13.83,1.99,13.49,24.39,0.488,2,0,0
SEG_DIST_AR1,district,32.83,14.79,30.37,25.51,0.917,3,0,0
SEG_DIST_MZ1,district,66.27,4.31,65.55,40.8,0.798,0,0,0
SEG_HWY_NH27,highway,48.29,42.48,41.21,16.75,5.414,10,0,1
SEG_HWY_NH37,highway,103.5,7.37,102.27,14.15,3.221,4,0,0
SEG_STATE_AS1,state,61.46,7.34,60.23,19.77,1.897,2,1,1
SEG_STATE_AS1,state,2.54,16.14,-0.15,10.52,1.591,4,0,0
SEG_HWY_NH37,highway,46.41,12.36,44.35,0.0,3.347,8,0,0
SEG_HWY_NH27,highway,57.44,27.87,52.8,7.4,5.153,1,0,1
SEG_DIST_AR1,district,38.43,17.8,35.46,30.42,1.371,1,0,1
SEG_RURAL_TR1,rural,46.34,1.36,46.11,37.5,0.675,3,0,0
SEG_RURAL_NL1,rural,15.09,0.62,14.98,43.7,0.051,6,0,1
SEG_RURAL_TR1,rural,51.49,17.27,48.61,42.64,0.109,8,1,1
SEG_RURAL_TR1,rural,19.97,28.67,15.19,55.36,0.141,0,0,1
SEG_RURAL_NL1,rural,25.88,6.47,24.8,32.34,0.39,2,0,1
SEG_DIST_AR1,district,30.65,10.17,28.96,27.06,0.844,2,0,0
SEG_STATE_MN2,state,34.11,12.21,32.07,18.37,2.42,0,0,0
SEG_HWY_NH27,highway,20.1,17.48,17.19,13.48,4.733,7,1,0
SEG_DIST_MZ1,district,36.33,20.48,32.91,31.01,0.572,1,0,0
SEG_RURAL_NL1,rural,12.69,2.6,12.26,31.76,0.05,1,0,0
SEG_HWY_NH27,highway,72.57,5.19,71.7,11.7,5.033,4,1,1
SEG_DIST_AR1,district,50.07,21.28,46.52,17.54,1.183,1,0,0
SEG_RURAL_TR1,rural,13.02,19.93,9.7,50.95,0.403,0,0,0
SEG_DIST_AR1,district,7.31,11.64,5.37,25.34,0.801,2,0,0
SEG_HWY_NH37,highway,111.59,16.02,108.92,0.0,2.763,4,0,1
SEG_STATE_MN2,state,29.89,6.83,28.75,11.67,2.282,1,0,1
SEG_RURAL_NL1,rural,53.32,5.07,52.48,45.48,0.571,2,0,0
SEG_HWY_NH37,highway,14.52,10.53,12.76,5.23,2.884,8,0,0
SEG_HWY_NH37,highway,68.62,8.55,67.19,0.0,3.095,1,1,0
SEG_STATE_MN2,state,30.1,12.19,28.07,21.22,2.181,1,0,0
SEG_DIST_AR1,district,25.33,36.44,19.26,30.85,1.0,5,0,1
SEG_STATE_MN2,state,39.21,14.32,36.82,9.07,2.322,0,0,1
SEG_STATE_AS1,state,38.9,29.32,34.01,21.01,1.418,0,0,1
SEG_DIST_AR1,district,27.32,11.33,25.44,25.26,0.705,1,0,1
SEG_DIST_AR1,district,31.9,0.55,31.81,35.52,0.953,14,0,0
SEG_DIST_MZ1,district,21.32,13.24,19.12,31.12,0.592,2,0,1
SEG_HWY_NH27,highway,28.86,40.17,22.17,9.21,4.587,0,0,0
SEG_HWY_NH37,highway,15.31,14.19,12.95,18.29,2.57,7,0,1
SEG_RURAL_TR1,rural,21.45,26.55,17.02,48.21,0.624,4,0,0
SEG_RURAL_NL1,rural,75.47,5.2,74.61,36.11,0.132,3,1,1
SEG_STATE_AS1,state,33.14,13.21,30.93,5.59,1.247,7,0,1
SEG_STATE_AS1,state,49.41,12.69,47.29,17.44,1.621,5,0,0
SEG_RURAL_NL1,rural,3.67,12.31,1.62,42.78,0.442,2,0,0
SEG_STATE_MN2,state,18.28,20.55,14.85,25.02,1.797,0,0,0
SEG_DIST_MZ1,district,3.03,9.56,1.44,31.64,0.876,5,1,0
SEG_HWY_NH27,highway,30.98,0.58,30.89,10.85,4.618,6,0,0
SEG_RURAL_NL1,rural,70.39,26.95,65.9,41.86,0.05,1,1,1
SEG_HWY_NH37,highway,26.2,8.34,24.81,0.05,3.578,6,0,0
SEG_RURAL_NL1,rural,65.05,1.52,64.79,46.94,0.398,1,1,0
SEG_HWY_NH37,highway,79.18,30.26,74.14,4.25,2.942,1,1,0
SEG_RURAL_TR1,rural,17.25,7.54,15.99,41.68,0.212,4,0,1
SEG_HWY_NH27,highway,5.35,24.41,1.28,6.27,4.89,3,0,0
SEG_DIST_MZ1,district,43.72,42.47,36.64,26.48,0.691,3,0,1
SEG_RURAL_NL1,rural,9.71,10.59,7.95,39.93,0.238,1,0,0
SEG_RURAL_NL1,rural,32.19,17.94,29.2,39.43,1.024,1,0,0
SEG_RURAL_NL1,rural,25.39,21.89,21.74,45.85,0.185,1,0,0
SEG_DIST_AR1,district,40.04,16.59,37.27,31.74,0.967,0,0,0
SEG_HWY_NH27,highway,47.03,3.07,46.52,8.4,4.928,1,0,1
SEG_RURAL_NL1,rural,15.37,12.78,13.24,39.01,0.765,0,0,1
SEG_HWY_NH37,highway,2.51,21.07,-1.01,12.58,3.392,1,1,0
SEG_DIST_MZ1,district,17.88,15.95,15.22,28.42,0.849,2,0,1
SEG_STATE_AS1,state,52.71,8.99,51.21,17.97,1.652,1,0,1
SEG_RURAL_TR1,rural,21.47,20.68,18.03,50.08,0.261,0,0,1
SEG_DIST_MZ1,district,35.72,1.58,35.45,27.93,0.393,9,0,1
SEG_HWY_NH27,highway,37.47,5.99,36.47,6.57,5.38,4,0,1
SEG_RURAL_NL1,rural,20.07,13.88,17.76,37.94,0.165,2,0,0
SEG_HWY_NH27,highway,8.66,30.39,3.59,4.15,5.197,4,0,0
SEG_STATE_MN2,state,22.81,16.44,20.08,21.53,2.223,4,0,0
SEG_RURAL_NL1,rural,51.32,17.03,48.48,34.92,0.917,0,1,1
SEG_RURAL_NL1,rural,12.77,22.62,9.0,45.63,0.541,0,0,0
SEG_HWY_NH27,highway,14.71,11.5,12.79,10.31,5.018,4,0,0
SEG_RURAL_NL1,rural,19.81,21.11,16.29,43.46,0.088,6,0,1
SEG_DIST_AR1,district,36.8,3.36,36.24,33.28,0.981,2,0,1
SEG_DIST_MZ1,district,77.29,5.88,76.31,36.22,0.05,1,0,1
SEG_STATE_MN2,state,33.96,14.77,31.49,23.43,1.942,1,0,1
SEG_DIST_MZ1,district,22.11,5.73,21.15,37.31,0.56,5,0,0
SEG_STATE_AS1,state,64.86,4.04,64.19,18.14,1.299,2,1,1
SEG_HWY_NH27,highway,19.51,25.88,15.2,0.19,4.756,1,0,1
SEG_HWY_NH27,highway,36.52,33.3,30.97,5.93,4.949,0,0,0
SEG_STATE_MN2,state,25.16,7.85,23.85,20.2,1.916,0,0,1
SEG_DIST_MZ1,district,48.79,3.82,48.15,35.49,0.527,1,0,0
SEG_DIST_MZ1,district,32.05,3.29,31.5,42.73,0.05,3,0,1
SEG_STATE_AS1,state,33.29,14.04,30.95,26.89,1.63,1,1,1
SEG_STATE_MN2,state,1.84,42.51,-5.25,25.66,1.807,2,0,0
SEG_HWY_NH27,highway,46.83,10.07,45.15,3.65,4.758,0,1,0
SEG_STATE_AS1,state,9.28,5.14,8.42,26.48,1.04,11,0,1
SEG_DIST_AR1,district,16.69,60.17,6.66,31.14,0.888,2,0,0
SEG_STATE_MN2,state,22.34,28.23,17.63,27.8,2.062,5,0,1
SEG_STATE_AS1,state,12.8,5.73,11.84,22.68,1.804,1,0,0
SEG_STATE_AS1,state,4.35,19.98,1.02,14.66,1.336,1,0,0
SEG_HWY_NH27,highway,22.33,2.14,21.97,1.63,5.046,6,0,0
SEG_STATE_AS1,state,18.42,2.11,18.07,21.81,1.398,0,0,0
SEG_RURAL_TR1,rural,71.11,7.91,69.79,52.35,0.407,0,0,1
SEG_RURAL_TR1,rural,21.75,22.15,18.06,50.73,0.05,4,1,1
SEG_RURAL_TR1,rural,40.48,13.32,38.26,44.77,0.309,3,0,0
SEG_DIST_MZ1,district,66.56,36.85,60.42,37.84,0.678,3,1,1
SEG_DIST_MZ1,district,44.83,11.38,42.93,30.41,0.491,1,0,0
SEG_STATE_AS1,state,27.6,4.73,26.81,28.71,1.35,4,0,1
SEG_RURAL_TR1,rural,77.26,24.23,73.22,46.94,0.05,2,1,1
SEG_HWY_NH27,highway,9.43,4.52,8.68,7.42,4.902,0,0,0
SEG_RURAL_TR1,rural,5.09,21.94,1.43,43.84,0.473,2,0,1
SEG_RURAL_TR1,rural,7.52,36.11,1.5,38.17,0.05,1,1,0
SEG_DIST_AR1,district,29.67,23.31,25.78,28.07,0.648,4,0,0
SEG_DIST_AR1,district,12.81,11.28,10.93,27.62,1.204,1,0,0
SEG_HWY_NH37,highway,25.18,4.48,24.43,6.36,3.256,2,0,0
SEG_DIST_MZ1,district,29.89,5.72,28.94,35.92,0.608,1,1,1
SEG_HWY_NH27,highway,17.98,21.92,14.32,8.75,4.909,0,0,0
SEG_DIST_AR1,district,58.3,6.24,57.26,30.83,0.726,6,1,0
SEG_RURAL_TR1,rural,37.36,44.18,30.0,46.55,0.05,3,0,1
SEG_RURAL_TR1,rural,45.65,13.38,43.42,41.03,0.05,1,0,0
SEG_HWY_NH37,highway,14.89,1.47,14.64,9.33,3.076,1,0,0
SEG_HWY_NH37,highway,16.1,10.52,14.34,15.17,2.672,4,1,0
SEG_DIST_MZ1,district,10.49,18.71,7.37,37.8,0.898,5,0,1
SEG_DIST_AR1,district,7.58,29.83,2.61,31.67,0.974,1,0,0
SEG_HWY_NH27,highway,22.64,28.07,17.96,3.95,4.346,1,0,0
SEG_HWY_NH27,highway,83.19,27.76,78.56,2.63,4.865,2,0,0
SEG_RURAL_NL1,rural,10.3,19.43,7.06,36.7,0.05,3,0,0
SEG_RURAL_TR1,rural,50.41,0.69,50.29,38.89,0.05,5,0,1
SEG_HWY_NH37,highway,34.23,1.53,33.97,0.0,3.186,5,0,0
SEG_RURAL_TR1,rural,36.48,15.49,33.89,48.54,0.255,4,0,1
SEG_STATE_MN2,state,7.99,25.5,3.74,20.9,2.318,2,0,1
SEG_DIST_MZ1,district,33.32,2.51,32.9,39.54,0.842,9,0,0
SEG_RURAL_TR1,rural,28.2,30.76,23.07,45.81,0.395,1,0,0
SEG_STATE_AS1,state,18.65,6.16,17.62,18.86,1.231,3,0,0
SEG_HWY_NH37,highway,28.01,3.95,27.35,13.22,2.421,0,0,0
SEG_RURAL_TR1,rural,7.28,11.67,5.34,57.16,0.411,0,0,0
SEG_HWY_NH27,highway,37.31,10.52,35.56,1.69,5.082,7,0,0
SEG_DIST_MZ1,district,71.54,4.96,70.72,45.97,0.699,3,0,1
SEG_HWY_NH27,highway,6.72,29.39,1.82,7.62,4.8,3,0,0
SEG_STATE_AS1,state,7.84,7.66,6.56,14.17,1.661,1,0,1
SEG_HWY_NH37,highway,28.15,32.22,22.78,1.86,2.704,11,1,0
SEG_STATE_MN2,state,60.41,5.25,59.54,26.65,2.415,7,1,1
SEG_RURAL_TR1,rural,4.39,15.47,1.81,40.37,0.05,0,0,0
SEG_RURAL_TR1,rural,35.5,52.09,26.82,31.03,0.05,0,0,1
SEG_STATE_AS1,state,44.53,9.13,43.01,12.37,1.521,5,0,0
SEG_DIST_MZ1,district,29.66,5.61,28.73,35.72,0.323,5,0,0
SEG_DIST_MZ1,district,19.78,8.01,18.45,28.86,0.622,4,0,0
SEG_DIST_AR1,district,35.31,6.28,34.27,37.07,1.214,3,0,0
SEG_RURAL_NL1,rural,40.69,9.34,39.13,36.13,0.128,3,0,0
SEG_RURAL_NL1,rural,34.93,11.26,33.05,36.95,0.285,10,0,1
SEG_DIST_MZ1,district,8.02,24.88,3.87,25.09,0.179,4,0,0
SEG_HWY_NH37,highway,76.52,3.65,75.91,7.58,3.351,0,0,0
SEG_DIST_MZ1,district,26.16,15.93,23.5,35.13,0.289,2,0,1
SEG_HWY_NH27,highway,14.02,21.89,10.38,5.75,5.376,0,0,1
SEG_DIST_MZ1,district,20.25,8.3,18.86,44.07,0.509,3,0,0
SEG_HWY_NH27,highway,2.04,9.03,0.54,8.75,4.92,6,0,0
SEG_RURAL_NL1,rural,69.42,6.53,68.33,42.87,0.551,2,0,1
SEG_DIST_AR1,district,58.91,17.89,55.93,24.04,1.465,11,0,0
SEG_DIST_AR1,district,46.97,25.93,42.65,31.95,1.13,0,0,0
SEG_STATE_AS1,state,38.66,30.09,33.64,9.62,1.14,15,0,0
SEG_DIST_MZ1,district,15.29,9.15,13.77,36.21,0.677,2,0,0
SEG_HWY_NH27,highway,39.42,15.72,36.8,0.0,5.233,3,0,0
SEG_STATE_AS1,state,33.86,28.24,29.15,22.08,1.505,3,0,1
SEG_DIST_MZ1,district,3.58,1.62,3.31,37.0,0.637,7,0,0
SEG_DIST_AR1,district,13.82,9.45,12.24,31.2,0.787,0,0,0
SEG_RURAL_NL1,rural,41.84,4.38,41.11,39.5,0.271,1,0,1
SEG_STATE_AS1,state,69.38,22.88,65.57,13.69,1.974,1,1,0
SEG_HWY_NH27,highway,24.82,33.18,19.29,3.01,4.541,2,0,0
SEG_DIST_AR1,district,11.55,15.22,9.02,37.94,0.711,2,0,0
SEG_RURAL_NL1,rural,32.51,71.5,20.59,41.41,0.05,1,0,1
SEG_DIST_MZ1,district,17.42,4.61,16.65,36.07,0.68,10,0,0
SEG_STATE_AS1,state,19.01,29.65,14.06,20.3,1.498,1,0,0
SEG_HWY_NH27,highway,51.49,3.29,50.94,7.71,4.769,1,0,0
SEG_RURAL_NL1,rural,13.23,48.55,5.14,51.7,0.581,2,0,1
SEG_DIST_MZ1,district,41.33,8.19,39.97,35.46,0.166,3,0,0
SEG_HWY_NH37,highway,49.61,9.08,48.1,10.62,3.316,4,0,1
SEG_DIST_MZ1,district,64.64,11.17,62.78,42.21,0.805,2,1,0
SEG_DIST_AR1,district,94.23,22.05,90.55,34.31,0.607,4,0,0
SEG_STATE_AS1,state,24.93,3.87,24.28,19.72,1.359,5,0,0
SEG_STATE_MN2,state,33.34,21.56,29.75,20.01,1.651,4,0,0
SEG_DIST_MZ1,district,30.58,12.76,28.46,30.47,0.318,8,0,1
SEG_RURAL_TR1,rural,65.74,1.75,65.45,50.55,0.308,2,0,1
SEG_STATE_MN2,state,27.82,16.21,25.12,24.38,2.355,1,0,0
SEG_STATE_MN2,state,17.09,34.84,11.28,23.74,2.133,3,0,1
SEG_STATE_AS1,state,7.31,10.8,5.51,23.49,1.694,3,0,0
SEG_STATE_AS1,state,52.7,15.2,50.17,23.52,1.928,3,1,1
SEG_HWY_NH27,highway,24.34,17.23,21.47,10.81,4.784,1,0,0
SEG_DIST_AR1,district,31.5,26.28,27.12,31.01,0.985,3,0,0
SEG_HWY_NH27,highway,2.43,4.14,1.74,13.74,4.932,4,0,0
SEG_HWY_NH37,highway,25.75,2.07,25.41,0.85,3.183,8,0,0
SEG_DIST_MZ1,district,62.72,30.29,57.68,31.09,0.108,2,0,0
SEG_STATE_AS1,state,87.16,63.07,76.65,24.53,1.9,1,0,0
SEG_RURAL_NL1,rural,38.34,0.43,38.27,38.22,0.748,2,0,0
SEG_STATE_AS1,state,23.24,4.74,22.45,19.69,1.926,4,0,0
SEG_STATE_AS1,state,86.85,19.09,83.67,21.21,1.287,8,0,0
SEG_STATE_AS1,state,77.15,9.54,75.56,19.87,1.886,1,1,1
SEG_STATE_AS1,state,47.72,19.52,44.46,16.7,1.721,2,0,0
SEG_RURAL_TR1,rural,12.06,7.02,10.89,48.53,0.05,3,0,0
SEG_HWY_NH37,highway,11.77,20.03,8.43,1.06,3.274,1,0,0
SEG_RURAL_NL1,rural,6.29,12.59,4.19,44.1,0.05,1,0,0
SEG_DIST_MZ1,district,27.89,15.44,25.32,29.61,0.616,7,0,1
SEG_STATE_MN2,state,89.04,13.08,86.86,25.02,2.293,0,0,1
SEG_RURAL_TR1,rural,7.82,30.03,2.81,44.62,0.778,5,0,0
SEG_DIST_AR1,district,26.16,1.76,25.86,25.79,0.73,6,0,1
SEG_RURAL_TR1,rural,18.61,3.15,18.09,49.41,0.115,2,1,1
SEG_STATE_MN2,state,39.88,17.29,37.0,11.52,1.723,2,1,0
SEG_STATE_MN2,state,18.46,7.99,17.12,25.76,2.079,3,0,0
SEG_DIST_AR1,district,19.27,19.34,16.05,34.55,1.044,4,0,1
SEG_RURAL_TR1,rural,29.72,11.77,27.76,41.58,0.05,6,1,1
SEG_STATE_MN2,state,29.6,10.52,27.84,35.19,2.039,1,1,0
SEG_DIST_MZ1,district,13.87,10.3,12.15,32.74,0.822,1,0,1
SEG_RURAL_TR1,rural,22.64,43.61,15.37,47.88,0.308,1,0,1
SEG_RURAL_TR1,rural,12.01,14.72,9.55,49.73,0.329,6,0,0
SEG_DIST_AR1,district,17.86,2.38,17.47,29.07,0.207,2,0,1
SEG_RURAL_NL1,rural,17.95,3.06,17.44,44.33,0.05,10,0,0
SEG_RURAL_NL1,rural,23.39,8.99,21.89,36.65,0.15,10,0,1
SEG_STATE_AS1,state,10.61,21.26,7.07,21.35,1.911,1,0,1
SEG_STATE_MN2,state,44.91,2.75,44.46,25.55,2.133,5,0,1
SEG_STATE_AS1,state,11.25,5.33,10.36,12.96,1.355,1,0,0
SEG_DIST_AR1,district,42.25,12.22,40.22,24.89,1.052,5,0,0
SEG_HWY_NH37,highway,34.22,8.46,32.81,3.36,2.934,1,0,0
SEG_RURAL_TR1,rural,34.29,1.45,34.05,48.77,0.381,3,0,1
SEG_DIST_MZ1,district,62.79,11.18,60.93,32.02,0.306,6,1,1
SEG_HWY_NH27,highway,4.1,8.86,2.62,10.62,4.698,0,0,0
SEG_HWY_NH27,highway,37.02,4.75,36.23,11.93,5.122,3,0,0
SEG_DIST_AR1,district,51.43,25.98,47.1,27.82,1.647,0,1,1
SEG_HWY_NH27,highway,34.22,18.17,31.19,17.2,4.709,3,0,1
SEG_STATE_AS1,state,70.32,15.1,67.81,23.44,1.671,8,0,1
SEG_DIST_AR1,district,25.1,13.01,22.93,22.4,0.879,4,0,1
SEG_RURAL_TR1,rural,2.92,14.89,0.43,40.65,0.05,8,0,1
SEG_STATE_AS1,state,39.91,7.75,38.62,22.47,1.206,4,0,0
SEG_RURAL_NL1,rural,10.58,4.91,9.77,42.66,0.652,3,0,1
SEG_HWY_NH27,highway,7.52,71.19,-4.34,11.71,4.682,0,0,0
SEG_STATE_MN2,state,16.92,5.02,16.09,24.7,1.742,1,0,1
SEG_RURAL_TR1,rural,30.9,2.78,30.44,43.88,0.591,3,1,0
SEG_DIST_MZ1,district,20.25,35.88,14.27,29.97,0.896,0,0,1
SEG_HWY_NH37,highway,30.52,50.3,22.14,10.64,2.563,2,0,0
SEG_RURAL_NL1,rural,16.62,2.4,16.22,42.38,0.479,3,0,1
SEG_HWY_NH37,highway,54.14,18.51,51.06,8.65,2.751,8,0,0
SEG_RURAL_NL1,rural,77.48,20.11,74.12,37.5,0.622,0,1,1
SEG_DIST_MZ1,district,84.12,11.88,82.14,40.11,1.031,1,1,0
SEG_STATE_MN2,state,49.47,7.8,48.17,18.12,1.912,0,0,0
SEG_RURAL_NL1,rural,7.33,7.05,6.16,31.21,0.707,0,0,0
SEG_HWY_NH27,highway,22.76,65.04,11.92,12.95,5.543,7,0,1
SEG_DIST_MZ1,district,66.96,15.66,64.35,35.8,0.564,0,0,0
SEG_STATE_MN2,state,12.55,26.58,8.12,15.66,1.971,0,0,0
SEG_HWY_NH37,highway,30.38,23.88,26.4,2.38,3.114,3,0,0
SEG_DIST_MZ1,district,16.03,16.06,13.35,38.95,0.196,0,0,1
SEG_HWY_NH27,highway,35.0,19.64,31.73,1.41,5.305,0,0,0
SEG_DIST_MZ1,district,28.14,29.7,23.2,40.06,0.899,6,0,1
SEG_STATE_AS1,state,86.94,19.67,83.66,16.17,0.974,3,0,1
SEG_STATE_AS1,state,83.72,4.16,83.03,22.79,1.32,5,0,0
SEG_HWY_NH37,highway,19.8,16.07,17.12,4.16,2.775,2,0,0
SEG_DIST_AR1,district,20.44,4.07,19.76,41.32,0.785,0,0,1
SEG_RURAL_TR1,rural,18.74,5.61,17.81,44.83,0.238,0,0,0
SEG_STATE_AS1,state,4.55,22.67,0.77,27.09,1.567,8,0,0
SEG_RURAL_TR1,rural,64.81,6.65,63.7,43.26,0.346,1,1,1
SEG_RURAL_TR1,rural,53.1,39.6,46.5,50.67,0.481,2,0,1
SEG_HWY_NH37,highway,28.0,15.97,25.33,9.73,2.866,2,0,0
SEG_HWY_NH27,highway,85.27,34.17,79.58,15.32,5.264,0,0,1
SEG_HWY_NH37,highway,13.02,15.43,10.45,0.0,2.49,6,0,0
SEG_DIST_AR1,district,23.89,12.11,21.87,28.37,0.533,0,0,0
SEG_STATE_MN2,state,32.17,8.49,30.75,34.56,2.306,7,1,0
SEG_STATE_AS1,state,3.6,15.44,1.02,16.43,1.837,7,0,0
SEG_RURAL_NL1,rural,18.67,11.76,16.71,43.01,0.05,13,0,0
SEG_HWY_NH27,highway,41.71,15.8,39.07,0.0,5.499,2,0,0
SEG_DIST_AR1,district,59.39,3.86,58.75,30.51,0.994,0,1,0
SEG_STATE_MN2,state,26.87,15.87,24.22,23.52,1.382,0,0,1
SEG_DIST_AR1,district,5.9,21.16,2.37,29.04,0.94,4,0,1
SEG_HWY_NH27,highway,14.27,5.21,13.4,18.02,4.865,2,0,0
SEG_HWY_NH37,highway,22.98,18.82,19.84,4.77,2.578,0,0,0
SEG_STATE_MN2,state,21.8,16.53,19.04,18.66,2.373,1,0,0
SEG_RURAL_NL1,rural,17.72,37.24,11.51,45.28,0.05,1,0,1
SEG_RURAL_TR1,rural,51.59,6.9,50.44,43.69,0.05,2,0,1
SEG_HWY_NH27,highway,21.14,9.44,19.57,5.78,4.829,5,0,0
SEG_HWY_NH27,highway,15.29,27.17,10.76,5.75,5.151,2,1,0
SEG_RURAL_TR1,rural,42.27,8.27,40.89,44.19,0.431,0,0,1
SEG_HWY_NH37,highway,19.85,21.14,16.33,4.88,2.88,0,0,0
SEG_STATE_MN2,state,21.32,9.02,19.81,16.88,2.063,4,0,0
SEG_STATE_AS1,state,9.87,0.96,9.71,27.36,0.998,0,1,0
SEG_DIST_AR1,district,10.63,3.29,10.08,21.32,0.679,1,0,0
SEG_RURAL_NL1,rural,19.32,9.31,17.77,38.8,0.202,2,1,1
SEG_HWY_NH37,highway,55.15,6.05,54.14,5.76,3.194,1,0,0
SEG_DIST_MZ1,district,38.28,16.29,35.57,33.98,0.585,4,0,1
SEG_STATE_MN2,state,25.88,36.41,19.81,33.21,1.885,1,0,0
SEG_RURAL_NL1,rural,12.52,4.86,11.71,37.11,0.234,2,0,0
SEG_STATE_AS1,state,37.13,7.71,35.84,10.09,1.477,4,1,0
SEG_HWY_NH27,highway,10.14,4.8,9.34,5.86,4.713,2,0,0
SEG_DIST_MZ1,district,4.11,6.0,3.11,40.3,0.598,3,0,0
SEG_HWY_NH27,highway,39.3,11.14,37.44,4.1,4.762,5,0,1
SEG_HWY_NH37,highway,74.55,25.18,70.36,7.94,2.903,1,1,0
SEG_RURAL_NL1,rural,20.88,3.79,20.25,34.87,0.378,4,0,1
SEG_RURAL_TR1,rural,17.03,50.33,8.64,47.5,0.05,4,0,1
SEG_HWY_NH37,highway,53.3,11.65,51.36,7.92,3.367,0,1,0
SEG_RURAL_NL1,rural,20.72,19.26,17.51,37.84,0.311,5,0,1
SEG_DIST_MZ1,district,71.49,6.29,70.44,40.31,0.05,0,1,1
SEG_DIST_AR1,district,24.2,0.88,24.05,29.63,0.693,1,0,0
SEG_HWY_NH37,highway,23.98,55.58,14.72,2.46,3.462,1,1,0
SEG_DIST_MZ1,district,13.74,2.09,13.39,22.43,0.095,5,0,0
SEG_HWY_NH27,highway,27.31,5.58,26.38,11.68,5.31,5,0,0
SEG_DIST_MZ1,district,29.06,16.41,26.32,34.11,0.057,0,0,0
SEG_STATE_MN2,state,19.51,9.67,17.9,24.4,2.057,10,0,0
SEG_HWY_NH27,highway,3.36,6.02,2.36,7.91,5.405,1,1,1
SEG_DIST_MZ1,district,68.84,8.3,67.45,24.8,0.331,2,1,1
SEG_STATE_AS1,state,55.17,41.69,48.22,26.7,1.298,1,0,0
SEG_HWY_NH37,highway,26.99,15.98,24.33,12.68,3.01,3,0,1
SEG_DIST_MZ1,district,31.43,8.58,30.0,34.15,0.134,6,0,0
SEG_DIST_MZ1,district,54.81,0.64,54.71,37.97,0.283,0,1,1
SEG_STATE_AS1,state,9.58,9.13,8.06,10.05,1.687,3,0,0
SEG_RURAL_TR1,rural,9.6,25.38,5.37,45.7,0.274,2,0,1
SEG_RURAL_TR1,rural,3.69,8.62,2.26,43.43,0.423,2,0,0
SEG_STATE_AS1,state,14.86,17.07,12.02,21.84,1.835,1,0,0
SEG_STATE_AS1,state,46.52,27.33,41.97,26.07,1.599,8,0,1
SEG_HWY_NH27,highway,63.76,26.79,59.3,11.53,5.153,2,0,0
SEG_RURAL_TR1,rural,16.75,4.25,16.04,38.09,0.335,5,0,1
SEG_HWY_NH37,highway,9.52,21.41,5.96,1.35,3.179,2,0,0
SEG_DIST_AR1,district,14.07,11.6,12.14,22.92,0.665,5,0,0
SEG_STATE_MN2,state,67.19,10.0,65.53,18.43,2.002,2,0,0
SEG_HWY_NH37,highway,4.8,25.05,0.62,12.39,2.998,8,0,0
SEG_STATE_MN2,state,2.8,3.53,2.22,26.03,1.348,1,0,1
SEG_HWY_NH37,highway,87.29,9.68,85.67,9.19,2.962,4,0,0
SEG_DIST_MZ1,district,34.03,9.38,32.46,36.99,0.465,8,0,0
SEG_DIST_AR1,district,45.33,0.96,45.17,32.6,0.813,1,0,1
SEG_RURAL_NL1,rural,74.99,13.77,72.7,43.25,0.461,7,0,0
SEG_RURAL_TR1,rural,41.05,19.48,37.8,50.34,0.498,1,0,0
SEG_DIST_AR1,district,8.76,11.16,6.9,35.63,1.35,1,0,0
SEG_HWY_NH37,highway,25.41,11.78,23.45,8.04,3.533,1,0,0
SEG_STATE_MN2,state,27.73,5.12,26.88,23.65,2.074,0,0,0
SEG_DIST_AR1,district,20.88,4.62,20.11,34.62,0.862,1,0,1
SEG_DIST_MZ1,district,28.74,1.65,28.46,36.73,0.414,7,0,0
SEG_HWY_NH37,highway,2.77,0.39,2.71,10.47,3.903,2,0,0
SEG_DIST_MZ1,district,21.86,5.82,20.89,30.0,0.288,5,0,1
SEG_DIST_AR1,district,21.51,34.38,15.78,26.26,0.858,5,0,0
SEG_HWY_NH27,highway,52.18,4.22,51.47,7.65,4.802,0,1,1
SEG_DIST_MZ1,district,62.94,74.68,50.49,40.49,0.382,4,0,0
SEG_RURAL_NL1,rural,45.68,40.44,38.94,40.75,0.47,1,1,1
SEG_RURAL_NL1,rural,50.48,2.16,50.12,47.26,0.05,4,1,1
SEG_RURAL_TR1,rural,83.03,11.29,81.14,42.85,0.494,9,0,1
SEG_RURAL_NL1,rural,8.78,1.08,8.6,36.34,0.366,2,0,0
SEG_DIST_MZ1,district,13.58,48.17,5.55,39.78,0.584,3,0,1
SEG_STATE_AS1,state,55.48,1.47,55.23,24.52,1.552,8,1,1
SEG_RURAL_TR1,rural,5.78,12.35,3.72,47.19,0.638,3,0,0
SEG_RURAL_TR1,rural,40.86,2.31,40.47,52.5,0.193,1,0,0
SEG_DIST_MZ1,district,36.06,11.06,34.22,43.32,0.768,1,1,0
SEG_DIST_AR1,district,28.28,3.12,27.76,31.99,0.681,5,1,0
SEG_HWY_NH27,highway,65.33,4.88,64.51,7.08,5.232,0,0,0
SEG_RURAL_NL1,rural,15.78,4.83,14.97,41.77,0.268,2,0,0
SEG_HWY_NH27,highway,15.79,19.69,12.51,11.76,5.264,4,0,1
SEG_RURAL_NL1,rural,30.95,20.84,27.48,38.23,0.101,0,0,0
SEG_STATE_AS1,state,58.94,14.29,56.56,15.81,1.053,0,1,0
SEG_DIST_AR1,district,22.71,7.12,21.53,23.93,0.839,2,0,0
SEG_DIST_MZ1,district,17.98,9.53,16.39,33.67,0.535,2,0,0
SEG_HWY_NH27,highway,9.91,14.21,7.54,16.3,5.002,1,0,0
SEG_HWY_NH27,highway,16.29,14.85,13.82,11.05,4.972,0,0,0
SEG_DIST_MZ1,district,39.46,7.69,38.18,41.88,0.05,3,0,1
SEG_DIST_AR1,district,65.54,1.95,65.21,21.74,0.901,0,0,0
SEG_DIST_AR1,district,46.07,14.91,43.58,27.63,0.849,1,0,0
SEG_RURAL_TR1,rural,23.57,4.77,22.78,47.87,0.483,2,0,1
SEG_RURAL_NL1,rural,23.14,5.35,22.25,33.26,0.392,2,0,1
SEG_STATE_AS1,state,47.17,14.46,44.76,20.51,1.202,1,0,0
SEG_RURAL_TR1,rural,27.06,13.69,24.78,45.53,0.05,5,1,1
SEG_DIST_MZ1,district,12.53,8.7,11.08,25.33,0.493,5,0,1
SEG_RURAL_TR1,rural,10.08,6.55,8.99,46.85,0.05,2,0,1
SEG_HWY_NH37,highway,24.49,11.36,22.59,8.26,2.998,4,0,1
SEG_DIST_MZ1,district,23.37,25.55,19.11,37.22,0.449,6,0,1
SEG_RURAL_NL1,rural,96.04,18.54,92.95,45.79,0.288,5,0,1
SEG_DIST_AR1,district,4.85,11.3,2.97,24.84,0.21,4,0,0
SEG_HWY_NH37,highway,26.75,1.71,26.47,9.34,2.969,1,0,0
SEG_HWY_NH27,highway,24.3,6.35,23.24,6.22,4.903,2,0,0
SEG_RURAL_NL1,rural,15.94,33.88,10.3,39.76,0.819,0,0,0
SEG_DIST_MZ1,district,18.73,12.92,16.58,37.39,0.513,0,0,0
SEG_STATE_AS1,state,85.01,12.68,82.89,19.08,2.015,0,0,0
SEG_HWY_NH37,highway,29.46,13.49,27.21,1.05,3.107,0,0,0
SEG_STATE_AS1,state,21.87,13.55,19.61,14.46,1.441,3,0,0
SEG_RURAL_TR1,rural,2.56,3.36,2.0,57.11,0.275,2,0,1
SEG_HWY_NH37,highway,22.44,11.2,20.58,13.7,2.638,5,0,0
SEG_STATE_AS1,state,7.02,6.36,5.96,17.82,1.055,1,0,0
SEG_HWY_NH27,highway,34.35,11.53,32.43,3.62,4.938,6,0,0
SEG_STATE_MN2,state,39.25,18.6,36.15,19.76,2.322,2,0,0
SEG_DIST_MZ1,district,24.58,31.99,19.24,39.6,0.848,1,0,1
SEG_DIST_MZ1,district,43.99,6.38,42.92,41.08,0.484,6,0,1
SEG_RURAL_NL1,rural,32.37,14.67,29.93,39.53,0.629,5,0,1
SEG_HWY_NH37,highway,27.59,2.92,27.11,5.03,2.957,5,0,0
SEG_STATE_AS1,state,10.82,6.23,9.78,10.71,1.329,7,0,0
SEG_RURAL_TR1,rural,11.88,42.48,4.8,43.87,0.168,4,0,1
SEG_DIST_MZ1,district,29.94,12.27,27.89,30.43,0.579,2,0,1
SEG_DIST_MZ1,district,19.92,19.32,16.7,32.97,0.969,1,0,0
SEG_RURAL_TR1,rural,18.67,5.84,17.7,41.77,0.05,6,1,1
SEG_HWY_NH27,highway,33.03,12.63,30.93,10.08,5.201,5,0,0
SEG_STATE_AS1,state,15.8,1.51,15.55,21.11,1.081,0,0,0
SEG_DIST_MZ1,district,48.93,2.1,48.58,31.42,0.278,12,0,1
SEG_RURAL_NL1,rural,9.67,21.22,6.13,37.11,0.05,6,0,1
SEG_DIST_MZ1,district,41.08,3.61,40.48,41.72,0.642,5,0,1
SEG_DIST_AR1,district,30.02,24.05,26.02,31.47,0.743,9,1,1
SEG_STATE_MN2,state,24.44,21.81,20.81,25.79,2.178,6,0,1
SEG_HWY_NH27,highway,7.1,8.67,5.66,10.55,5.187,3,1,0
SEG_HWY_NH37,highway,25.06,10.55,23.3,5.96,2.725,5,0,0
SEG_STATE_AS1,state,21.41,4.87,20.6,17.64,1.483,4,1,0
SEG_RURAL_TR1,rural,6.63,13.54,4.38,47.21,0.05,0,0,0
SEG_RURAL_NL1,rural,33.43,34.42,27.7,40.92,0.05,2,0,1
SEG_HWY_NH27,highway,32.58,5.19,31.72,7.29,5.454,1,0,0
SEG_DIST_AR1,district,41.56,3.4,40.99,29.71,1.552,3,0,1
SEG_DIST_AR1,district,65.39,9.37,63.83,28.87,0.958,3,0,0
SEG_RURAL_TR1,rural,79.9,26.16,75.54,37.62,0.414,3,0,1
SEG_STATE_MN2,state,16.93,16.6,14.16,23.2,1.858,3,0,1
SEG_DIST_AR1,district,14.91,7.66,13.63,35.8,0.517,2,0,1
SEG_RURAL_TR1,rural,2.3,2.41,1.9,48.91,0.336,5,0,1
SEG_STATE_MN2,state,25.31,41.4,18.41,20.48,2.241,1,0,0
SEG_HWY_NH27,highway,36.0,13.9,33.68,8.72,4.848,2,0,0
SEG_STATE_AS1,state,25.03,33.13,19.5,19.01,1.566,0,0,0
SEG_HWY_NH27,highway,1.04,29.7,-3.91,5.44,5.135,3,0,0
SEG_RURAL_TR1,rural,44.82,24.51,40.74,34.4,0.05,7,0,1
SEG_STATE_AS1,state,42.27,18.43,39.2,24.81,1.461,0,0,1
SEG_RURAL_TR1,rural,32.73,26.0,28.4,41.87,0.159,8,0,0
SEG_HWY_NH27,highway,36.41,15.24,33.87,4.08,5.408,1,0,0
SEG_DIST_MZ1,district,47.05,3.36,46.49,31.14,0.872,4,0,0
SEG_DIST_MZ1,district,77.04,19.34,73.81,34.7,0.438,0,1,1
SEG_HWY_NH27,highway,16.16,5.55,15.23,7.4,4.913,4,0,0
SEG_DIST_AR1,district,48.77,11.12,46.92,35.24,0.554,3,0,1
SEG_DIST_AR1,district,39.08,10.6,37.31,23.17,0.386,0,0,0
SEG_STATE_AS1,state,31.24,0.36,31.18,17.44,1.658,4,0,1
SEG_STATE_AS1,state,10.51,23.57,6.58,24.8,1.371,2,0,0
SEG_DIST_MZ1,district,62.99,45.16,55.46,37.6,0.704,10,1,1
SEG_STATE_MN2,state,36.19,5.28,35.31,24.55,2.049,2,0,0
SEG_HWY_NH27,highway,89.9,15.08,87.39,15.0,4.757,8,0,0
SEG_STATE_MN2,state,8.01,17.66,5.07,15.73,1.7,2,0,0
SEG_STATE_AS1,state,26.03,4.83,25.22,12.28,1.714,1,0,0
SEG_STATE_MN2,state,106.31,1.42,106.08,20.67,2.173,1,1,1
SEG_RURAL_TR1,rural,49.25,1.97,48.92,37.17,0.603,7,0,0
SEG_HWY_NH37,highway,12.86,2.91,12.37,9.03,3.164,3,0,1
SEG_DIST_MZ1,district,30.98,3.33,30.43,27.42,0.687,2,0,0
SEG_DIST_MZ1,district,42.25,4.78,41.45,38.4,0.234,0,0,1
SEG_RURAL_TR1,rural,36.02,9.01,34.51,42.88,0.05,11,0,1
SEG_STATE_AS1,state,24.96,2.42,24.56,20.68,1.563,1,0,0
SEG_HWY_NH27,highway,46.83,17.48,43.92,1.32,5.503,1,0,0
SEG_HWY_NH27,highway,10.18,9.66,8.57,19.89,5.261,5,1,0
SEG_DIST_AR1,district,27.56,33.96,21.9,29.86,0.53,4,0,1
SEG_RURAL_NL1,rural,20.25,1.94,19.92,34.32,0.412,3,0,0
SEG_RURAL_TR1,rural,70.96,5.54,70.04,36.65,0.274,2,1,1
SEG_RURAL_NL1,rural,19.06,25.36,14.83,41.44,0.335,5,0,1
SEG_RURAL_NL1,rural,4.62,37.89,-1.7,40.41,0.35,4,0,0
SEG_HWY_NH27,highway,82.08,20.67,78.64,7.07,5.154,1,1,0
SEG_STATE_AS1,state,17.79,25.96,13.47,14.84,1.885,5,0,0
SEG_DIST_MZ1,district,76.77,10.89,74.96,43.3,0.836,1,1,1
SEG_HWY_NH27,highway,77.05,2.18,76.68,11.27,4.761,3,1,1
SEG_RURAL_TR1,rural,41.91,8.08,40.56,42.94,0.337,1,1,1
SEG_RURAL_TR1,rural,40.22,15.16,37.69,42.53,0.05,3,0,1
SEG_DIST_MZ1,district,50.49,26.78,46.03,28.08,0.63,2,1,1
SEG_STATE_AS1,state,39.55,9.91,37.9,24.94,1.406,2,0,1
SEG_STATE_AS1,state,22.17,14.94,19.68,18.13,1.767,5,1,1
SEG_STATE_AS1,state,41.6,6.91,40.45,23.96,1.7,1,0,1
SEG_RURAL_NL1,rural,37.11,12.23,35.08,32.68,0.31,2,0,0
SEG_HWY_NH37,highway,42.82,29.52,37.9,4.39,2.829,2,0,1
SEG_HWY_NH27,highway,39.99,1.53,39.73,6.66,4.796,3,0,1
SEG_STATE_AS1,state,49.17,11.6,47.23,20.57,1.226,4,0,0
SEG_DIST_AR1,district,38.45,3.88,37.8,28.94,1.008,2,0,0
SEG_STATE_AS1,state,2.01,12.75,-0.11,24.92,1.789,1,0,0
SEG_STATE_AS1,state,34.66,10.73,32.87,18.52,1.265,0,0,0
SEG_DIST_MZ1,district,8.23,22.07,4.55,29.67,0.645,5,0,0
SEG_STATE_MN2,state,25.27,1.18,25.07,22.77,2.05,1,0,0
SEG_DIST_MZ1,district,4.61,7.89,3.29,42.33,0.69,0,0,1
SEG_DIST_AR1,district,56.72,31.07,51.54,42.43,0.872,5,0,0
SEG_HWY_NH27,highway,7.93,3.23,7.39,7.26,5.562,3,0,0
SEG_DIST_AR1,district,12.48,2.94,11.99,24.86,0.932,0,0,0
SEG_STATE_MN2,state,17.34,10.0,15.68,23.68,2.271,1,0,0
SEG_DIST_AR1,district,22.19,9.1,20.67,37.21,0.468,1,0,1
SEG_STATE_AS1,state,22.83,47.98,14.83,11.34,2.237,4,0,0
SEG_DIST_AR1,district,18.08,17.97,15.08,33.2,1.4,4,0,1
SEG_HWY_NH27,highway,7.31,29.21,2.44,4.66,5.301,5,0,0
SEG_STATE_AS1,state,82.68,1.95,82.35,13.84,1.527,1,0,0
SEG_STATE_AS1,state,13.46,10.95,11.64,18.93,1.19,3,0,0
SEG_STATE_AS1,state,25.58,7.05,24.4,15.57,1.348,2,1,1
SEG_DIST_MZ1,district,10.26,20.76,6.8,42.25,0.731,1,0,0
SEG_HWY_NH37,highway,22.08,14.21,19.71,8.77,3.014,0,0,1
SEG_HWY_NH37,highway,15.99,12.24,13.95,13.69,3.199,9,0,0
SEG_HWY_NH27,highway,3.43,8.5,2.01,9.76,5.356,2,0,0
SEG_HWY_NH37,highway,33.81,9.24,32.27,2.79,3.117,1,0,1
SEG_DIST_AR1,district,20.45,12.82,18.31,35.83,0.473,3,0,0
SEG_STATE_MN2,state,29.96,33.22,24.42,23.38,2.644,2,0,0
SEG_RURAL_NL1,rural,12.78,13.05,10.6,36.79,0.562,1,0,0
SEG_HWY_NH37,highway,27.78,11.47,25.87,0.0,2.782,1,0,0
SEG_RURAL_TR1,rural,62.86,8.29,61.48,48.24,0.05,8,0,1
SEG_DIST_AR1,district,18.84,57.02,9.34,34.49,1.061,0,0,0
SEG_DIST_AR1,district,53.0,29.26,48.13,31.28,0.918,5,1,1
SEG_RURAL_TR1,rural,32.87,11.09,31.02,46.64,0.05,1,1,1
SEG_STATE_MN2,state,30.33,4.82,29.53,34.17,2.027,1,0,1
SEG_RURAL_NL1,rural,17.76,7.93,16.44,36.96,0.383,12,0,1
SEG_DIST_AR1,district,23.18,5.76,22.22,31.73,0.873,9,0,1
SEG_RURAL_TR1,rural,10.51,12.9,8.35,42.68,0.198,5,0,0
SEG_HWY_NH27,highway,66.93,13.71,64.65,12.42,5.074,16,1,0
SEG_HWY_NH37,highway,11.62,8.88,10.14,9.29,3.319,3,0,0
SEG_STATE_AS1,state,22.95,6.47,21.88,14.82,1.572,4,0,0
SEG_RURAL_TR1,rural,31.78,9.16,30.26,46.2,0.05,0,0,1
SEG_RURAL_NL1,rural,13.01,45.76,5.38,37.23,0.412,2,0,0
SEG_RURAL_TR1,rural,29.37,31.76,24.08,41.52,0.05,1,0,0
SEG_RURAL_TR1,rural,30.2,33.96,24.54,46.59,0.05,1,0,1
SEG_STATE_MN2,state,12.47,38.2,6.1,18.24,2.87,5,0,1
SEG_DIST_MZ1,district,46.38,12.09,44.36,33.66,0.386,5,0,0
SEG_STATE_AS1,state,72.23,21.31,68.67,19.55,1.465,13,0,1
SEG_DIST_MZ1,district,52.84,9.65,51.23,36.59,0.38,4,1,1
SEG_DIST_MZ1,district,18.09,1.41,17.85,38.69,0.373,3,0,1
SEG_DIST_MZ1,district,70.3,6.65,69.19,32.23,0.447,4,1,1
SEG_RURAL_NL1,rural,51.27,8.31,49.88,35.93,0.386,0,1,1
SEG_STATE_AS1,state,3.28,10.02,1.61,18.32,1.641,1,0,0
SEG_DIST_MZ1,district,3.95,7.81,2.65,33.42,0.639,0,0,0
SEG_HWY_NH27,highway,9.65,1.96,9.32,5.92,5.336,4,0,0
SEG_DIST_MZ1,district,57.98,6.13,56.96,31.44,0.231,6,1,0
SEG_STATE_MN2,state,48.25,1.44,48.01,19.11,2.319,5,1,1
SEG_RURAL_TR1,rural,10.05,7.2,8.85,50.14,0.309,4,1,1
SEG_HWY_NH27,highway,28.24,15.88,25.6,21.81,5.039,5,1,0
SEG_DIST_AR1,district,34.7,18.16,31.68,32.19,0.558,1,0,1
SEG_RURAL_TR1,rural,66.82,31.15,61.63,44.91,0.361,4,0,1
SEG_STATE_MN2,state,35.14,7.77,33.85,19.28,1.881,0,0,0
SEG_STATE_AS1,state,6.34,21.27,2.79,15.8,1.604,6,0,1
SEG_HWY_NH27,highway,16.96,14.65,14.52,4.89,4.864,1,0,0
SEG_HWY_NH37,highway,51.05,7.76,49.76,5.89,3.231,2,0,1
SEG_DIST_AR1,district,20.2,30.82,15.07,29.82,0.946,0,0,1
SEG_RURAL_NL1,rural,13.24,16.17,10.55,49.34,0.771,1,0,0
SEG_RURAL_NL1,rural,15.85,17.06,13.01,35.37,0.073,1,0,0
SEG_STATE_MN2,state,45.15,3.44,44.57,23.78,2.409,1,0,0
SEG_STATE_AS1,state,0.58,28.98,-4.25,23.36,2.159,2,0,0
SEG_DIST_MZ1,district,16.75,8.98,15.26,36.31,1.048,3,0,1
SEG_DIST_MZ1,district,24.5,9.05,22.99,35.35,0.417,1,0,0
SEG_STATE_MN2,state,30.71,1.86,30.4,16.74,2.145,0,1,1
SEG_STATE_AS1,state,53.77,12.91,51.62,20.54,1.813,4,1,1
SEG_RURAL_TR1,rural,17.51,4.97,16.68,44.12,0.245,5,0,0
SEG_RURAL_TR1,rural,2.23,4.76,1.43,45.91,0.214,0,0,1
SEG_RURAL_TR1,rural,34.0,6.73,32.88,46.41,0.05,1,0,0
SEG_DIST_AR1,district,21.74,22.46,18.0,32.02,1.13,5,0,0
SEG_RURAL_TR1,rural,10.17,11.97,8.17,53.28,0.162,1,0,0
SEG_HWY_NH37,highway,20.78,13.03,18.61,1.45,2.844,5,0,0
SEG_HWY_NH27,highway,88.33,2.38,87.93,4.21,4.999,0,0,0
SEG_RURAL_NL1,rural,31.12,21.27,27.58,54.58,0.467,1,0,1
SEG_RURAL_TR1,rural,11.92,48.47,3.84,45.19,0.217,1,0,0
SEG_STATE_MN2,state,24.85,17.84,21.88,21.94,2.024,2,0,0
SEG_STATE_MN2,state,43.17,49.69,34.89,25.01,2.152,0,0,0
SEG_DIST_MZ1,district,62.1,2.52,61.68,41.04,0.471,7,0,1
SEG_HWY_NH37,highway,16.01,10.92,14.19,7.64,2.913,2,0,0
SEG_HWY_NH37,highway,40.41,1.87,40.1,11.58,3.052,0,0,0
SEG_DIST_AR1,district,10.94,19.24,7.74,33.16,1.142,3,0,0
SEG_RURAL_TR1,rural,89.08,12.72,86.96,41.4,0.05,4,0,1
SEG_RURAL_TR1,rural,19.98,1.37,19.75,43.51,0.265,0,0,0
SEG_DIST_AR1,district,11.03,14.92,8.55,31.04,1.313,0,0,0
SEG_HWY_NH37,highway,45.11,5.69,44.16,12.9,3.069,1,0,1
SEG_HWY_NH27,highway,19.58,15.36,17.03,7.15,5.088,4,1,0
SEG_RURAL_NL1,rural,72.11,12.59,70.01,42.46,0.241,3,0,1
SEG_STATE_AS1,state,36.68,5.95,35.69,27.3,2.309,5,0,0
SEG_DIST_AR1,district,2.9,6.15,1.87,35.31,0.802,4,0,0
SEG_DIST_MZ1,district,26.56,14.69,24.11,35.97,0.544,0,0,0
SEG_RURAL_NL1,rural,38.67,0.75,38.55,30.22,0.476,12,0,0
SEG_DIST_MZ1,district,27.96,17.7,25.01,35.66,0.414,4,1,0
SEG_HWY_NH37,highway,16.0,3.47,15.42,11.23,2.914,1,0,0
SEG_RURAL_NL1,rural,32.51,31.7,27.23,42.43,0.176,6,1,0
SEG_HWY_NH37,highway,85.79,0.65,85.68,0.0,2.751,4,0,1
SEG_STATE_MN2,state,83.87,1.04,83.69,28.17,2.237,8,1,1
SEG_DIST_MZ1,district,59.46,18.04,56.45,41.17,0.827,1,0,0
SEG_DIST_AR1,district,38.4,0.59,38.3,30.45,1.264,1,0,1
SEG_HWY_NH27,highway,17.8,3.09,17.28,7.25,5.245,5,0,0
SEG_RURAL_NL1,rural,37.6,21.71,33.98,39.56,0.393,2,0,1
SEG_RURAL_TR1,rural,33.33,63.06,22.82,49.54,0.05,2,0,1
SEG_DIST_AR1,district,23.36,26.77,18.9,34.72,0.643,2,0,0
SEG_HWY_NH27,highway,34.76,11.59,32.83,3.03,5.234,5,0,1
SEG_STATE_AS1,state,20.88,13.37,18.65,15.47,1.403,0,0,0
SEG_HWY_NH27,highway,31.07,9.8,29.44,10.13,5.151,5,0,0
SEG_RURAL_NL1,rural,18.82,61.43,8.58,45.41,0.47,6,0,1
SEG_DIST_MZ1,district,18.82,18.06,15.81,28.57,0.167,1,0,0
SEG_DIST_MZ1,district,3.27,18.75,0.14,39.88,0.05,1,0,1
SEG_DIST_MZ1,district,74.13,12.16,72.11,37.93,0.378,2,1,1
SEG_STATE_AS1,state,26.5,9.54,24.91,15.88,1.506,1,0,0
SEG_STATE_MN2,state,24.14,17.92,21.16,27.98,1.669,2,0,0
SEG_RURAL_NL1,rural,12.46,19.61,9.19,44.42,0.064,2,0,0
SEG_HWY_NH37,highway,55.31,15.51,52.73,0.91,2.866,2,0,0
SEG_HWY_NH37,highway,12.3,14.3,9.92,5.9,2.657,4,0,0
SEG_HWY_NH37,highway,15.31,10.97,13.49,0.0,2.591,2,0,0
SEG_STATE_AS1,state,10.17,12.51,8.09,17.22,1.489,8,0,0
SEG_DIST_MZ1,district,26.67,8.43,25.27,41.05,0.239,3,0,1
SEG_RURAL_TR1,rural,7.47,35.42,1.57,36.33,0.45,1,0,0
SEG_RURAL_TR1,rural,47.37,9.19,45.84,40.85,0.4,6,0,0
SEG_STATE_AS1,state,17.74,7.92,16.42,17.66,1.413,3,0,0
SEG_STATE_AS1,state,3.65,12.52,1.56,24.01,1.399,2,1,0
SEG_DIST_MZ1,district,13.47,3.78,12.84,40.66,0.682,1,0,1
SEG_DIST_MZ1,district,10.99,1.31,10.78,29.29,0.243,8,0,0
SEG_STATE_AS1,state,32.65,10.7,30.87,21.71,1.588,1,0,0
SEG_RURAL_NL1,rural,31.37,9.82,29.73,40.75,0.192,1,1,0
SEG_DIST_AR1,district,42.86,13.84,40.56,20.44,0.585,2,0,0
SEG_DIST_MZ1,district,18.39,15.27,15.84,32.12,0.523,2,0,0
SEG_RURAL_TR1,rural,41.35,5.79,40.39,39.49,0.413,5,0,1
SEG_DIST_AR1,district,32.3,3.12,31.78,27.02,0.385,2,0,1
SEG_RURAL_TR1,rural,14.31,7.43,13.07,53.95,0.05,1,0,1
SEG_HWY_NH37,highway,6.09,3.16,5.57,2.73,2.641,2,0,0
SEG_DIST_MZ1,district,16.71,46.82,8.91,27.64,0.586,3,0,1
SEG_DIST_MZ1,district,17.77,8.2,16.41,38.43,0.916,2,0,1
SEG_HWY_NH27,highway,30.22,11.1,28.37,5.24,5.141,5,0,0
SEG_RURAL_NL1,rural,45.12,16.64,42.35,44.1,0.291,4,0,0
SEG_DIST_AR1,district,14.07,3.02,13.57,30.41,1.207,2,0,0
SEG_HWY_NH37,highway,8.47,5.38,7.57,7.05,2.535,4,0,0
SEG_RURAL_TR1,rural,37.58,14.28,35.2,42.93,0.499,0,0,0
SEG_DIST_AR1,district,27.02,22.75,23.23,31.89,1.019,5,0,0
SEG_STATE_MN2,state,19.71,19.35,16.48,26.01,1.92,0,0,0
SEG_HWY_NH37,highway,26.05,15.07,23.54,9.28,3.277,5,0,0
SEG_RURAL_TR1,rural,11.58,0.75,11.46,44.55,0.095,3,0,1
SEG_STATE_AS1,state,4.82,6.2,3.79,24.92,2.011,5,1,0
SEG_RURAL_NL1,rural,57.16,33.79,51.53,40.45,0.685,0,0,1
SEG_STATE_AS1,state,26.64,37.12,20.45,24.95,1.221,2,0,1
SEG_STATE_MN2,state,58.68,12.08,56.66,25.24,1.994,1,0,0
SEG_HWY_NH37,highway,8.77,20.62,5.33,2.68,3.139,6,0,0
SEG_HWY_NH27,highway,17.25,11.49,15.34,13.54,4.856,0,0,1
SEG_STATE_MN2,state,17.5,10.85,15.69,22.53,2.184,2,0,0
SEG_HWY_NH37,highway,18.02,42.84,10.88,0.0,3.146,7,0,0
SEG_RURAL_TR1,rural,25.63,34.77,19.83,44.29,0.491,2,0,0
SEG_DIST_MZ1,district,11.32,4.51,10.57,42.01,0.664,0,0,0
SEG_RURAL_NL1,rural,23.64,15.32,21.09,34.38,0.52,4,0,0
SEG_STATE_AS1,state,51.76,1.91,51.44,18.58,1.388,9,1,1
SEG_RURAL_NL1,rural,58.96,36.75,52.84,45.03,0.136,1,0,1
SEG_STATE_MN2,state,29.82,21.01,26.32,29.43,2.571,2,0,0
SEG_RURAL_NL1,rural,16.39,11.79,14.43,46.85,0.05,1,0,1
SEG_RURAL_TR1,rural,65.73,17.7,62.78,44.74,0.22,3,0,1
SEG_HWY_NH37,highway,59.68,17.82,56.71,10.41,3.02,0,1,1
SEG_STATE_AS1,state,86.23,0.93,86.08,14.82,1.897,0,0,1
SEG_STATE_MN2,state,104.83,3.44,104.26,28.46,1.903,0,0,1
SEG_DIST_MZ1,district,32.75,7.78,31.46,35.78,0.484,1,1,1
SEG_RURAL_TR1,rural,51.35,1.55,51.09,45.58,0.419,6,0,1
SEG_RURAL_NL1,rural,21.25,4.66,20.47,40.3,0.581,17,0,0
SEG_DIST_MZ1,district,30.0,11.59,28.07,31.48,1.054,3,0,0
SEG_STATE_AS1,state,21.09,14.67,18.64,8.35,1.32,4,0,0
SEG_RURAL_TR1,rural,19.43,22.75,15.64,47.01,0.366,3,0,0
SEG_DIST_MZ1,district,30.21,2.62,29.78,38.21,0.345,2,0,0
SEG_DIST_MZ1,district,24.05,4.44,23.31,47.49,0.555,1,0,0
SEG_DIST_AR1,district,25.62,15.21,23.08,31.14,0.492,1,1,0
SEG_RURAL_TR1,rural,15.31,20.66,11.87,40.72,0.32,11,0,0
SEG_STATE_MN2,state,1.87,8.42,0.47,20.43,1.286,3,0,0
SEG_STATE_MN2,state,15.81,17.74,12.85,11.74,1.926,2,0,0
SEG_DIST_AR1,district,25.68,12.1,23.67,35.46,1.131,0,0,1
SEG_DIST_AR1,district,46.93,2.94,46.44,36.8,0.191,4,0,1
SEG_STATE_MN2,state,5.66,16.37,2.93,29.46,1.756,5,0,0
SEG_DIST_AR1,district,21.86,10.52,20.11,28.29,0.764,2,0,0
SEG_DIST_AR1,district,17.76,12.19,15.73,28.78,0.359,1,0,1
SEG_STATE_MN2,state,15.27,13.25,13.06,27.99,1.663,3,0,1
SEG_RURAL_TR1,rural,28.49,2.58,28.06,38.94,0.613,5,0,0
SEG_DIST_MZ1,district,18.38,8.36,16.99,31.35,0.818,10,0,0
SEG_RURAL_TR1,rural,61.14,2.03,60.8,46.17,0.423,0,0,0
SEG_DIST_MZ1,district,76.7,13.89,74.38,40.53,0.672,3,0,0
SEG_DIST_AR1,district,15.9,8.08,14.55,36.3,0.393,3,0,0
SEG_DIST_AR1,district,4.36,14.09,2.01,25.74,1.185,4,0,0
SEG_HWY_NH27,highway,2.73,27.43,-1.84,12.09,5.296,5,0,1
SEG_RURAL_NL1,rural,37.04,4.24,36.34,36.94,0.614,3,0,0
SEG_RURAL_NL1,rural,21.08,13.8,18.78,40.26,0.05,5,0,1
SEG_DIST_MZ1,district,70.18,23.13,66.32,39.88,0.231,3,0,1
SEG_STATE_AS1,state,41.61,9.09,40.09,23.25,1.654,2,0,1
SEG_DIST_AR1,district,39.81,2.82,39.34,33.41,0.956,3,0,1
SEG_HWY_NH37,highway,33.24,15.3,30.69,5.16,3.292,3,1,1
SEG_DIST_AR1,district,55.8,34.36,50.08,31.29,0.68,1,1,1
SEG_HWY_NH27,highway,52.54,5.25,51.67,4.87,4.53,0,0,0
SEG_DIST_MZ1,district,60.12,22.92,56.3,37.77,0.762,10,1,1
SEG_RURAL_TR1,rural,51.95,7.0,50.78,42.78,0.126,6,0,1
SEG_DIST_AR1,district,4.04,17.79,1.08,41.75,0.672,4,0,1
SEG_RURAL_TR1,rural,38.07,4.22,37.37,49.96,0.05,2,0,0
SEG_STATE_MN2,state,50.4,4.19,49.7,27.09,1.805,3,0,0
SEG_STATE_MN2,state,28.69,18.07,25.67,17.57,2.06,3,0,0
SEG_DIST_AR1,district,37.97,25.02,33.8,27.67,0.921,8,0,1
SEG_DIST_AR1,district,22.87,18.86,19.73,32.74,0.987,2,0,1
SEG_STATE_AS1,state,34.47,0.37,34.41,15.22,1.596,2,0,0
SEG_HWY_NH27,highway,53.98,54.33,44.93,10.57,5.327,3,0,0
SEG_STATE_MN2,state,32.24,41.42,25.34,20.07,2.53,3,0,1
SEG_STATE_MN2,state,23.55,2.8,23.08,33.16,2.521,4,0,1
SEG_HWY_NH37,highway,18.71,6.85,17.56,2.54,2.995,5,0,0
SEG_STATE_MN2,state,31.05,33.58,25.46,20.95,2.831,2,0,0
SEG_STATE_MN2,state,26.89,1.44,26.65,13.19,1.782,2,0,1
SEG_HWY_NH37,highway,26.42,0.48,26.34,0.14,2.635,4,0,1
SEG_HWY_NH27,highway,53.65,43.46,46.41,0.0,5.41,2,0,0
SEG_RURAL_NL1,rural,23.99,7.77,22.69,37.7,0.196,1,0,0
SEG_DIST_MZ1,district,26.53,28.57,21.77,34.69,0.05,1,0,1
SEG_RURAL_TR1,rural,95.7,16.37,92.97,49.14,0.05,3,0,0
SEG_HWY_NH27,highway,38.07,66.14,27.04,6.99,5.181,5,0,0
SEG_STATE_AS1,state,13.36,25.2,9.16,18.13,1.339,1,0,0
SEG_HWY_NH37,highway,6.66,5.92,5.67,5.73,3.314,1,0,0
SEG_STATE_AS1,state,4.39,10.08,2.71,17.22,1.321,0,1,1
SEG_RURAL_NL1,rural,10.75,2.9,10.26,47.65,0.34,0,1,1
SEG_RURAL_TR1,rural,85.59,1.45,85.35,47.02,0.05,7,0,1
SEG_RURAL_TR1,rural,12.4,20.79,8.93,36.06,1.047,0,0,1
SEG_STATE_MN2,state,21.08,17.39,18.18,28.08,1.78,4,0,0
SEG_DIST_AR1,district,28.1,21.04,24.59,32.72,0.795,3,0,0
SEG_DIST_MZ1,district,10.21,22.18,6.52,36.45,0.474,1,0,0
SEG_DIST_AR1,district,53.12,13.51,50.87,25.59,1.214,2,1,1
SEG_HWY_NH37,highway,18.87,3.85,18.22,2.23,2.625,2,0,0
SEG_HWY_NH27,highway,29.1,38.51,22.68,4.53,4.765,0,0,0
SEG_STATE_MN2,state,25.51,9.15,23.99,21.63,2.465,2,0,0
SEG_HWY_NH37,highway,9.84,30.06,4.83,2.97,2.337,3,0,0
SEG_STATE_AS1,state,49.79,22.52,46.04,10.83,1.28,0,0,1
SEG_RURAL_NL1,rural,13.61,28.7,8.83,50.33,0.087,3,0,1
SEG_STATE_AS1,state,53.57,12.28,51.52,17.63,1.165,1,0,0
SEG_HWY_NH37,highway,32.65,14.41,30.25,0.0,2.871,6,0,1
SEG_RURAL_NL1,rural,109.65,12.4,107.58,43.26,0.539,5,0,1
SEG_RURAL_TR1,rural,3.74,11.6,1.8,49.94,0.185,1,0,0
SEG_STATE_AS1,state,20.55,73.65,8.28,20.34,1.129,7,0,1
SEG_DIST_AR1,district,27.58,20.93,24.09,36.39,0.726,1,0,0
SEG_HWY_NH37,highway,30.09,18.33,27.03,3.97,2.882,2,0,0
SEG_HWY_NH37,highway,4.6,3.93,3.94,1.43,2.385,6,0,0
SEG_DIST_AR1,district,24.51,33.37,18.95,30.81,0.956,5,0,0
SEG_HWY_NH27,highway,49.61,38.44,43.2,6.25,5.392,5,0,0
SEG_DIST_MZ1,district,29.06,22.55,25.3,31.6,0.446,3,0,0
SEG_DIST_AR1,district,38.82,20.8,35.35,39.71,0.678,2,0,0
SEG_RURAL_TR1,rural,74.12,27.94,69.46,38.12,0.225,0,1,1
SEG_RURAL_TR1,rural,11.26,20.58,7.83,47.65,0.527,2,0,0
SEG_STATE_AS1,state,94.01,2.87,93.53,23.27,0.898,0,1,0
SEG_RURAL_TR1,rural,45.83,3.12,45.31,31.64,0.102,5,0,0
SEG_DIST_AR1,district,34.0,5.45,33.09,34.76,0.567,7,0,0
SEG_STATE_MN2,state,40.55,17.0,37.72,16.72,2.486,6,0,0
SEG_HWY_NH27,highway,33.91,2.45,33.51,15.72,5.128,0,0,0
SEG_DIST_MZ1,district,91.91,14.91,89.43,42.65,0.77,2,0,1
SEG_STATE_AS1,state,22.89,6.51,21.81,11.71,1.717,10,0,0
SEG_RURAL_TR1,rural,4.38,26.04,0.04,48.96,0.05,1,0,1
SEG_DIST_AR1,district,7.88,29.82,2.91,34.2,0.817,1,0,1
SEG_STATE_AS1,state,20.95,46.5,13.2,10.89,1.941,4,0,0
SEG_HWY_NH37,highway,29.74,16.57,26.98,0.0,3.363,3,0,0
SEG_DIST_MZ1,district,25.25,4.36,24.52,32.47,0.842,5,1,1
SEG_DIST_AR1,district,24.24,13.38,22.01,19.78,0.41,2,0,0
SEG_STATE_MN2,state,21.99,21.88,18.35,19.15,2.327,4,0,0
SEG_STATE_AS1,state,17.55,8.5,16.13,20.25,1.657,1,1,0
SEG_RURAL_NL1,rural,8.54,5.41,7.64,44.47,0.263,1,0,0
SEG_RURAL_NL1,rural,61.49,7.5,60.24,38.78,0.062,1,0,1
SEG_DIST_MZ1,district,59.53,7.8,58.23,35.2,0.513,4,0,1
SEG_HWY_NH27,highway,47.38,24.72,43.26,4.96,4.952,6,0,1
SEG_RURAL_NL1,rural,23.65,12.4,21.59,44.49,0.291,7,0,1
SEG_HWY_NH27,highway,48.02,15.85,45.38,4.24,4.923,1,0,0
SEG_STATE_AS1,state,90.02,9.87,88.37,10.09,0.876,1,1,1
SEG_STATE_AS1,state,68.67,43.12,61.48,20.46,1.568,7,0,1
SEG_RURAL_TR1,rural,3.81,22.48,0.06,52.14,0.138,3,0,1
SEG_DIST_MZ1,district,51.4,18.75,48.27,42.02,0.409,1,0,1
SEG_STATE_MN2,state,16.63,20.76,13.17,21.25,1.925,0,0,0
SEG_HWY_NH37,highway,58.29,11.92,56.3,2.11,2.974,0,1,1
SEG_DIST_AR1,district,33.32,8.74,31.86,29.08,0.966,1,0,1
SEG_RURAL_NL1,rural,18.23,23.87,14.26,31.83,0.05,0,0,1
SEG_STATE_MN2,state,38.3,11.32,36.41,18.69,2.016,1,0,0
SEG_RURAL_TR1,rural,19.64,3.19,19.11,40.77,0.178,5,0,1
SEG_DIST_AR1,district,17.71,1.03,17.54,34.17,1.162,2,0,1
SEG_DIST_MZ1,district,39.99,24.87,35.84,33.97,0.591,1,0,0
SEG_DIST_AR1,district,37.35,11.38,35.45,35.13,0.899,3,0,0
SEG_HWY_NH37,highway,12.91,12.49,10.83,0.0,2.953,0,1,0
SEG_DIST_AR1,district,20.14,14.57,17.71,25.8,0.518,1,0,1
SEG_DIST_MZ1,district,4.52,4.48,3.77,29.83,1.121,0,1,1
SEG_STATE_MN2,state,109.87,13.46,107.63,16.15,2.139,2,0,1
SEG_HWY_NH37,highway,33.54,4.79,32.74,8.04,2.592,2,0,0
SEG_HWY_NH27,highway,59.73,8.32,58.34,5.8,4.868,3,0,0
SEG_RURAL_TR1,rural,92.62,5.06,91.78,39.3,0.206,3,0,1
SEG_DIST_AR1,district,47.69,8.98,46.2,30.64,0.756,3,0,1
SEG_STATE_AS1,state,21.46,12.24,19.42,15.42,1.227,1,0,1
SEG_RURAL_NL1,rural,11.71,32.77,6.25,42.61,0.61,11,1,1
SEG_DIST_AR1,district,40.15,17.53,37.23,27.95,0.468,2,0,0
SEG_HWY_NH27,highway,28.78,29.62,23.84,15.96,5.157,2,0,0
SEG_DIST_AR1,district,21.09,19.16,17.89,30.82,0.635,1,1,0
SEG_DIST_MZ1,district,24.89,14.82,22.42,34.57,0.847,5,0,0
SEG_STATE_MN2,state,40.03,1.92,39.71,20.56,2.277,1,0,1
SEG_STATE_MN2,state,53.5,14.96,51.01,21.96,1.791,5,1,0
SEG_STATE_AS1,state,34.14,35.91,28.16,15.41,0.926,0,0,0
SEG_RURAL_TR1,rural,19.17,41.71,12.21,39.69,0.11,4,0,0
SEG_STATE_AS1,state,36.48,15.2,33.95,16.93,1.395,4,0,1
SEG_RURAL_TR1,rural,8.35,28.82,3.54,45.0,0.05,1,0,0
SEG_DIST_MZ1,district,59.13,15.59,56.53,28.21,0.789,0,0,0
SEG_RURAL_NL1,rural,44.88,19.22,41.67,53.65,0.437,3,0,1
SEG_RURAL_TR1,rural,5.23,18.56,2.13,52.06,0.34,3,0,1
SEG_STATE_MN2,state,36.63,12.41,34.57,12.69,1.822,15,0,1
SEG_STATE_MN2,state,35.26,20.97,31.77,22.91,2.508,0,0,0
SEG_HWY_NH27,highway,10.64,2.61,10.21,8.55,5.021,0,0,0
SEG_RURAL_TR1,rural,63.57,13.02,61.4,49.77,0.23,1,0,1
SEG_DIST_MZ1,district,10.81,13.93,8.49,34.36,0.664,5,0,1
SEG_HWY_NH27,highway,104.27,5.38,103.38,7.15,5.394,2,1,0
SEG_HWY_NH27,highway,32.49,5.87,31.52,9.7,4.699,6,0,1
SEG_HWY_NH37,highway,26.77,25.56,22.51,7.84,2.627,2,0,0
SEG_STATE_MN2,state,42.24,23.81,38.28,19.68,2.033,2,0,1
SEG_STATE_AS1,state,20.99,30.2,15.96,17.07,0.798,2,0,1
SEG_STATE_AS1,state,62.0,6.61,60.89,7.22,1.614,1,0,0
SEG_DIST_MZ1,district,13.28,12.83,11.14,40.5,0.452,4,0,0
SEG_RURAL_TR1,rural,38.13,7.59,36.86,42.08,0.05,1,1,1
SEG_HWY_NH27,highway,26.36,22.27,22.65,9.88,4.608,5,0,0
SEG_STATE_MN2,state,44.33,8.95,42.84,25.09,1.626,1,0,1
SEG_RURAL_TR1,rural,25.42,17.66,22.48,49.07,0.05,2,0,1
SEG_HWY_NH27,highway,14.65,8.13,13.3,5.17,4.853,0,0,0
SEG_RURAL_TR1,rural,22.09,52.6,13.32,33.88,0.33,2,0,1
SEG_HWY_NH37,highway,22.47,7.85,21.17,9.13,3.361,3,0,1
SEG_RURAL_TR1,rural,98.64,9.56,97.05,42.64,0.107,1,0,1
SEG_STATE_AS1,state,5.72,2.91,5.24,9.74,1.146,0,0,0
SEG_RURAL_NL1,rural,33.9,6.17,32.87,37.5,0.382,2,0,1
SEG_RURAL_TR1,rural,42.85,11.71,40.9,43.42,0.436,5,0,1
SEG_HWY_NH37,highway,22.09,8.54,20.67,5.18,2.812,2,0,0
SEG_RURAL_TR1,rural,55.11,17.92,52.13,50.83,0.853,0,0,1
SEG_DIST_AR1,district,47.49,64.99,36.66,36.27,0.563,1,0,0
SEG_HWY_NH37,highway,68.91,14.67,66.47,5.53,3.27,5,0,0
SEG_RURAL_NL1,rural,71.28,11.64,69.34,43.37,0.082,1,0,1
SEG_DIST_AR1,district,14.88,1.11,14.7,25.89,0.458,1,0,0
SEG_HWY_NH37,highway,31.73,24.73,27.61,7.6,3.453,5,0,0
SEG_STATE_MN2,state,79.62,17.29,76.74,23.44,1.996,0,1,1
SEG_HWY_NH27,highway,11.91,24.66,7.8,0.0,5.24,8,0,0
SEG_HWY_NH37,highway,34.3,8.3,32.91,0.0,2.773,2,0,0
SEG_RURAL_NL1,rural,26.34,0.49,26.26,39.78,0.151,5,0,0
SEG_DIST_MZ1,district,37.08,21.31,33.53,32.07,0.768,2,0,0
SEG_HWY_NH27,highway,6.2,4.25,5.49,10.14,5.168,3,0,0
SEG_HWY_NH37,highway,3.73,17.73,0.78,4.7,2.444,1,0,0
SEG_HWY_NH27,highway,21.57,7.16,20.38,10.59,5.322,5,0,0
SEG_RURAL_TR1,rural,32.06,48.77,23.93,58.28,0.105,2,0,0
SEG_HWY_NH37,highway,40.63,6.27,39.59,0.0,2.966,4,0,1
SEG_DIST_AR1,district,51.81,8.64,50.37,26.17,1.102,3,0,1
SEG_RURAL_NL1,rural,24.19,23.1,20.34,45.52,0.37,2,0,0
SEG_STATE_AS1,state,20.7,19.82,17.39,22.61,1.119,2,0,0
SEG_STATE_AS1,state,55.35,16.42,52.61,31.82,1.853,4,0,1
SEG_RURAL_NL1,rural,52.65,1.71,52.36,32.33,0.832,1,0,0
SEG_DIST_MZ1,district,19.85,2.66,19.4,28.33,0.785,5,0,0
SEG_RURAL_NL1,rural,4.99,18.08,1.98,42.25,0.348,5,0,0
SEG_RURAL_TR1,rural,14.39,27.55,9.8,44.13,0.05,1,1,1
SEG_RURAL_NL1,rural,37.28,31.73,31.99,40.97,0.18,0,0,0
SEG_RURAL_NL1,rural,25.12,19.73,21.83,37.18,0.05,4,0,1
SEG_HWY_NH27,highway,48.83,10.51,47.08,13.55,5.182,3,0,0
SEG_STATE_AS1,state,8.93,2.31,8.54,12.77,1.56,2,0,0
SEG_DIST_MZ1,district,4.46,10.17,2.77,31.54,0.531,1,0,1
SEG_HWY_NH27,highway,36.32,19.77,33.03,5.52,5.535,3,0,0
SEG_STATE_AS1,state,11.99,3.56,11.39,22.92,0.929,5,0,0
SEG_RURAL_NL1,rural,41.34,11.42,39.43,31.54,0.266,5,1,1
SEG_STATE_AS1,state,20.39,10.21,18.69,12.5,1.625,1,0,0
SEG_STATE_MN2,state,9.69,35.3,3.8,17.66,2.221,0,0,0
SEG_HWY_NH37,highway,13.13,4.63,12.36,0.0,3.208,1,0,0
SEG_HWY_NH37,highway,24.6,18.13,21.57,2.07,2.911,1,0,0
SEG_DIST_AR1,district,34.4,28.81,29.6,29.05,0.6,4,0,0
SEG_RURAL_TR1,rural,38.46,15.84,35.82,46.22,0.812,8,0,0
SEG_RURAL_NL1,rural,7.12,2.92,6.64,49.05,0.196,0,0,0
SEG_RURAL_NL1,rural,12.64,9.38,11.07,40.81,0.324,5,0,1
SEG_STATE_MN2,state,15.79,8.84,14.31,17.76,1.993,9,0,0
SEG_STATE_MN2,state,17.34,13.14,15.15,17.13,2.087,2,0,0
SEG_RURAL_TR1,rural,33.0,8.01,31.66,37.03,0.399,4,0,1
SEG_DIST_MZ1,district,6.49,0.32,6.43,39.53,0.796,8,0,0
SEG_STATE_AS1,state,1.48,36.31,-4.57,9.38,1.566,5,0,0
SEG_DIST_AR1,district,19.75,6.78,18.62,27.1,1.076,7,0,0
SEG_STATE_MN2,state,49.1,22.43,45.36,25.05,2.229,0,0,0
SEG_HWY_NH27,highway,25.13,16.28,22.42,2.11,5.06,1,1,0
SEG_HWY_NH37,highway,47.65,51.78,39.03,3.01,3.087,2,0,0
SEG_RURAL_NL1,rural,66.91,25.41,62.68,36.46,0.05,2,0,0
SEG_HWY_NH37,highway,14.13,3.32,13.58,5.1,3.204,1,0,0
SEG_STATE_MN2,state,78.06,1.84,77.75,28.17,1.755,2,1,0
SEG_STATE_MN2,state,38.51,35.17,32.64,18.02,2.41,2,0,0
SEG_HWY_NH27,highway,90.5,12.11,88.48,14.16,4.702,0,0,0
SEG_HWY_NH27,highway,18.37,0.66,18.26,8.31,4.79,1,0,0
SEG_HWY_NH37,highway,65.98,12.82,63.85,0.0,2.685,2,0,0
SEG_RURAL_TR1,rural,13.66,47.81,5.69,46.6,0.767,3,0,0
SEG_HWY_NH37,highway,30.34,15.07,27.83,0.0,3.439,0,0,0
SEG_STATE_MN2,state,16.23,8.57,14.8,22.34,1.849,2,0,0
SEG_HWY_NH37,highway,9.94,4.22,9.23,13.5,3.111,11,0,0
SEG_RURAL_NL1,rural,51.74,15.25,49.2,41.95,0.256,0,1,1
SEG_RURAL_TR1,rural,55.46,26.39,51.06,51.48,0.129,0,0,0
SEG_STATE_MN2,state,13.88,29.73,8.92,27.29,1.976,1,0,1
SEG_STATE_MN2,state,24.24,21.31,20.69,29.54,2.111,5,0,0
SEG_HWY_NH37,highway,11.21,7.38,9.98,10.15,2.917,8,0,0
SEG_STATE_AS1,state,4.8,21.25,1.25,19.38,0.84,9,0,0
SEG_DIST_AR1,district,48.31,13.31,46.09,34.34,1.246,1,0,1
SEG_STATE_MN2,state,30.08,1.92,29.76,20.53,2.015,0,0,0
SEG_DIST_MZ1,district,22.7,17.93,19.71,31.88,0.053,3,1,0
SEG_DIST_MZ1,district,10.6,3.12,10.08,30.94,0.504,13,0,0
SEG_STATE_MN2,state,17.85,8.87,16.37,25.09,1.976,8,0,0
SEG_DIST_AR1,district,20.35,15.43,17.78,24.67,0.908,0,0,1
SEG_STATE_AS1,state,16.43,4.16,15.74,16.68,1.195,2,1,0
SEG_STATE_MN2,state,9.5,3.24,8.96,21.77,1.956,0,0,1
SEG_RURAL_NL1,rural,8.97,38.47,2.56,37.97,0.558,3,1,0
SEG_DIST_AR1,district,45.74,20.99,42.24,29.0,1.207,2,0,1
SEG_DIST_AR1,district,37.34,6.97,36.18,30.97,0.906,2,0,1
SEG_HWY_NH37,highway,22.81,1.27,22.6,1.37,3.067,4,0,0
SEG_STATE_AS1,state,11.66,3.43,11.09,8.51,1.246,0,0,0
SEG_RURAL_NL1,rural,12.61,41.48,5.7,31.77,0.657,6,0,0
SEG_RURAL_TR1,rural,61.51,38.22,55.14,41.95,0.05,0,0,1
SEG_HWY_NH37,highway,3.8,38.11,-2.56,14.64,2.802,9,0,1
SEG_DIST_MZ1,district,39.09,11.19,37.22,32.89,0.347,2,1,1
SEG_RURAL_NL1,rural,2.36,14.29,-0.02,31.8,0.053,4,0,1
SEG_DIST_MZ1,district,13.11,18.9,9.96,42.66,0.112,1,0,0
SEG_RURAL_NL1,rural,32.66,12.17,30.63,45.34,0.05,3,0,1
SEG_RURAL_NL1,rural,49.17,9.72,47.55,34.85,0.585,5,0,1
SEG_STATE_AS1,state,87.11,29.52,82.19,11.66,1.739,4,0,1
SEG_DIST_AR1,district,32.79,10.66,31.01,31.63,0.995,1,0,1
SEG_RURAL_NL1,rural,54.57,1.96,54.25,35.87,0.05,2,1,1
SEG_STATE_AS1,state,70.46,14.87,67.98,16.25,1.916,4,0,0
SEG_RURAL_TR1,rural,78.75,17.4,75.85,38.35,0.167,11,0,1
SEG_STATE_MN2,state,11.64,6.82,10.5,24.06,1.515,6,0,0
SEG_STATE_MN2,state,10.06,3.46,9.49,23.06,2.301,2,0,0
SEG_DIST_AR1,district,30.83,11.51,28.91,34.01,0.966,1,0,1
SEG_STATE_AS1,state,18.43,3.38,17.87,12.77,1.774,4,0,0
SEG_RURAL_TR1,rural,1.31,6.45,0.24,44.56,0.076,1,1,1
SEG_HWY_NH37,highway,40.3,13.96,37.97,4.64,3.246,0,0,0
SEG_RURAL_NL1,rural,11.09,2.16,10.73,41.28,0.05,1,0,0
SEG_RURAL_NL1,rural,21.96,8.64,20.52,34.8,0.592,1,1,1
SEG_STATE_AS1,state,11.29,19.04,8.12,21.94,1.866,7,0,0
SEG_RURAL_NL1,rural,11.13,23.02,7.29,42.06,0.602,0,0,1
SEG_STATE_MN2,state,19.71,8.24,18.34,20.81,2.324,7,0,1
SEG_DIST_AR1,district,33.5,23.72,29.54,35.75,1.253,5,0,1
SEG_STATE_MN2,state,56.78,16.86,53.97,17.4,1.841,1,0,1
SEG_DIST_MZ1,district,14.01,31.34,8.79,38.53,0.665,1,0,1
SEG_HWY_NH27,highway,2.35,5.87,1.37,5.21,4.726,2,0,0
SEG_RURAL_TR1,rural,61.8,25.35,57.58,46.32,0.05,8,1,0
SEG_DIST_MZ1,district,22.3,4.13,21.61,27.9,0.474,6,0,0
SEG_HWY_NH27,highway,35.11,3.56,34.52,8.67,4.897,3,0,0
SEG_STATE_MN2,state,48.12,3.53,47.53,22.21,1.599,8,1,1
SEG_HWY_NH37,highway,14.26,5.97,13.26,3.84,3.039,2,0,0
SEG_DIST_AR1,district,31.52,12.04,29.51,43.15,0.432,3,0,1
SEG_RURAL_NL1,rural,52.14,24.85,48.0,47.97,0.441,2,0,1
SEG_HWY_NH37,highway,40.69,3.24,40.15,13.5,2.944,9,0,0
SEG_HWY_NH27,highway,12.25,9.29,10.7,2.21,4.548,1,0,0
SEG_STATE_MN2,state,24.95,11.62,23.02,18.91,1.561,0,0,0
SEG_STATE_MN2,state,14.6,16.18,11.9,20.03,2.323,1,0,0
SEG_RURAL_TR1,rural,22.15,21.09,18.64,48.05,0.443,4,0,0
SEG_STATE_MN2,state,34.26,3.46,33.68,25.69,2.112,2,1,0
SEG_DIST_MZ1,district,25.62,31.85,20.31,31.25,1.09,1,0,0
SEG_DIST_AR1,district,24.22,20.69,20.77,41.95,0.771,1,1,0
SEG_HWY_NH37,highway,13.16,13.84,10.85,6.91,2.766,1,0,0
SEG_STATE_MN2,state,13.26,1.29,13.05,19.07,1.629,7,0,1
SEG_STATE_MN2,state,86.67,9.42,85.1,18.94,1.724,3,1,0
SEG_HWY_NH27,highway,37.33,33.22,31.79,13.69,4.443,3,0,1
SEG_RURAL_TR1,rural,16.84,1.49,16.59,44.18,0.456,0,0,1
SEG_STATE_MN2,state,58.59,19.39,55.36,25.81,1.76,5,0,1
SEG_STATE_MN2,state,16.63,6.4,15.56,15.72,2.38,6,1,0
SEG_RURAL_NL1,rural,18.16,13.83,15.86,34.34,0.072,3,0,0
SEG_STATE_MN2,state,42.9,8.32,41.51,24.34,2.384,17,0,0
SEG_DIST_MZ1,district,28.61,1.57,28.35,39.12,0.8,1,0,0
SEG_DIST_AR1,district,30.65,28.27,25.94,27.48,0.789,3,0,0
SEG_RURAL_NL1,rural,21.75,13.72,19.47,38.3,0.05,2,0,1
SEG_RURAL_TR1,rural,7.45,43.63,0.18,45.7,0.272,0,0,1
SEG_DIST_MZ1,district,42.47,16.56,39.71,35.36,0.649,1,0,1
SEG_DIST_AR1,district,17.37,5.72,16.42,38.92,0.699,0,0,0
SEG_DIST_AR1,district,85.16,6.17,84.14,34.23,1.224,11,0,1
SEG_DIST_MZ1,district,17.11,38.25,10.74,42.24,0.449,3,0,0
SEG_RURAL_TR1,rural,30.24,13.82,27.94,53.01,0.228,3,0,0
SEG_RURAL_TR1,rural,24.89,8.23,23.52,49.55,0.174,6,0,1
SEG_HWY_NH27,highway,52.59,24.03,48.58,3.29,5.022,5,0,0
SEG_RURAL_TR1,rural,4.29,1.98,3.96,43.36,0.05,3,0,1
SEG_DIST_MZ1,district,35.15,9.81,33.51,47.38,0.112,6,1,0
SEG_STATE_MN2,state,37.08,35.85,31.11,24.13,1.785,0,0,1
SEG_DIST_MZ1,district,19.62,17.26,16.74,50.25,0.805,8,0,0
SEG_DIST_MZ1,district,6.09,4.39,5.36,26.06,0.464,2,0,0
SEG_RURAL_NL1,rural,11.77,8.24,10.4,41.44,0.05,6,0,1
SEG_HWY_NH37,highway,17.26,9.31,15.71,0.0,3.156,3,0,0
SEG_STATE_MN2,state,10.75,13.87,8.44,23.52,1.719,7,0,1
SEG_STATE_AS1,state,61.37,22.87,57.56,14.56,1.082,6,0,1
SEG_HWY_NH37,highway,37.92,16.04,35.25,1.03,2.63,1,1,0
SEG_DIST_AR1,district,10.35,24.65,6.24,32.06,1.293,0,1,1
SEG_RURAL_NL1,rural,35.11,6.65,34.0,40.5,0.28,4,0,0
SEG_DIST_AR1,district,41.55,20.59,38.12,26.7,1.387,1,0,0
SEG_STATE_AS1,state,11.2,9.56,9.6,21.1,1.987,1,0,1
SEG_STATE_MN2,state,36.48,17.31,33.59,18.01,1.635,6,0,1
SEG_DIST_MZ1,district,35.98,1.94,35.65,29.87,0.281,6,1,1
SEG_STATE_MN2,state,4.3,2.57,3.87,23.77,2.735,3,0,0
SEG_RURAL_NL1,rural,3.81,6.69,2.69,53.5,0.294,1,0,0
SEG_STATE_MN2,state,11.07,1.0,10.9,20.55,1.857,4,0,0
SEG_RURAL_TR1,rural,36.64,12.2,34.6,44.38,0.05,3,0,1
SEG_DIST_MZ1,district,33.09,24.26,29.05,41.02,0.549,3,0,1
SEG_DIST_AR1,district,23.69,6.37,22.63,21.79,0.807,13,0,0
SEG_RURAL_TR1,rural,55.49,2.04,55.15,48.32,0.05,1,1,1
SEG_RURAL_TR1,rural,27.29,2.33,26.9,39.12,0.404,0,0,1
SEG_RURAL_TR1,rural,29.14,29.33,24.25,42.0,0.05,0,0,1
SEG_STATE_AS1,state,30.28,21.27,26.73,6.67,1.81,3,0,0
SEG_DIST_MZ1,district,26.1,16.15,23.41,29.69,0.435,2,0,0
SEG_STATE_AS1,state,15.22,17.11,12.37,18.01,1.99,2,0,0
SEG_STATE_AS1,state,15.92,5.86,14.94,23.23,1.532,2,0,0
SEG_RURAL_TR1,rural,45.59,7.28,44.38,54.5,0.696,3,0,1
SEG_STATE_AS1,state,24.29,17.2,21.42,18.69,1.47,4,0,1
SEG_HWY_NH37,highway,43.2,31.04,38.03,6.76,2.701,2,0,1
SEG_HWY_NH37,highway,47.18,10.55,45.42,12.56,3.201,1,0,0
SEG_HWY_NH27,highway,9.86,7.7,8.58,2.82,5.223,9,0,0
SEG_HWY_NH37,highway,19.53,3.6,18.93,11.89,3.414,2,0,0
SEG_HWY_NH37,highway,14.65,3.43,14.08,10.08,3.541,6,1,0
SEG_RURAL_NL1,rural,31.58,22.64,27.81,51.01,0.423,1,0,0
SEG_STATE_AS1,state,50.33,2.62,49.9,10.06,2.051,4,1,0
SEG_STATE_MN2,state,25.86,11.6,23.93,14.33,1.773,1,0,0
SEG_HWY_NH27,highway,34.38,2.3,33.99,9.37,5.148,11,1,1
SEG_STATE_AS1,state,4.94,17.5,2.02,9.15,1.269,6,1,1
SEG_HWY_NH37,highway,17.43,4.1,16.74,6.84,3.226,4,1,1
SEG_STATE_MN2,state,4.86,1.36,4.63,22.09,2.005,5,0,1
SEG_RURAL_TR1,rural,47.99,7.34,46.76,43.84,0.05,0,0,1
SEG_DIST_MZ1,district,16.14,10.55,14.39,29.37,0.205,2,0,0
SEG_HWY_NH37,highway,38.38,1.35,38.16,8.1,3.419,6,0,1
SEG_RURAL_TR1,rural,21.37,4.98,20.54,44.52,0.05,0,0,0
SEG_RURAL_TR1,rural,69.14,26.86,64.66,53.32,0.604,0,0,1
SEG_HWY_NH37,highway,19.72,9.97,18.06,5.21,3.385,0,0,0
SEG_HWY_NH37,highway,29.77,17.16,26.91,1.0,2.598,5,0,1
SEG_RURAL_NL1,rural,26.82,3.13,26.3,35.83,0.097,1,0,0
SEG_HWY_NH37,highway,16.55,30.45,11.48,1.52,2.905,12,0,1
SEG_HWY_NH37,highway,14.22,23.16,10.36,8.46,3.136,3,0,0
SEG_DIST_AR1,district,18.02,5.0,17.18,17.88,0.259,3,0,1
SEG_DIST_AR1,district,28.98,0.92,28.83,32.27,0.799,13,0,1
SEG_HWY_NH37,highway,42.49,12.99,40.33,2.12,3.675,1,0,0
SEG_RURAL_NL1,rural,19.33,2.57,18.9,32.18,0.19,7,0,0
SEG_STATE_AS1,state,11.46,30.77,6.33,11.3,1.377,8,0,0
SEG_HWY_NH27,highway,8.66,9.14,7.13,4.55,4.812,1,0,0
SEG_HWY_NH27,highway,38.7,23.56,34.77,0.0,4.862,1,0,0
SEG_STATE_AS1,state,8.61,12.17,6.58,15.57,1.516,5,0,0
SEG_STATE_MN2,state,60.76,6.54,59.67,13.09,2.229,3,1,0
SEG_STATE_MN2,state,49.68,6.89,48.53,24.19,2.141,10,0,0
SEG_DIST_AR1,district,52.37,4.35,51.65,40.29,0.938,7,1,1
SEG_DIST_MZ1,district,23.4,17.56,20.47,25.96,0.26,3,0,0
SEG_DIST_AR1,district,28.99,2.67,28.54,26.98,1.104,1,0,0
SEG_RURAL_NL1,rural,10.69,8.48,9.27,35.62,0.562,3,0,0
SEG_HWY_NH27,highway,19.3,51.14,10.77,3.43,4.863,6,0,0
SEG_DIST_MZ1,district,56.84,5.78,55.88,27.44,0.05,3,1,1
SEG_RURAL_NL1,rural,16.96,14.61,14.53,37.88,0.815,0,0,0
SEG_RURAL_TR1,rural,6.32,8.75,4.86,45.75,0.177,2,0,0
SEG_STATE_MN2,state,108.58,12.34,106.53,15.68,1.786,3,0,1
SEG_STATE_MN2,state,18.62,2.85,18.14,24.49,1.961,3,0,0
SEG_DIST_AR1,district,10.66,21.17,7.13,24.18,1.387,7,0,1
SEG_HWY_NH27,highway,10.95,9.61,9.35,3.35,5.402,7,0,0
SEG_HWY_NH37,highway,23.22,12.15,21.19,6.93,3.475,0,0,0
SEG_HWY_NH27,highway,20.66,4.84,19.85,10.35,5.13,4,0,0
SEG_RURAL_NL1,rural,42.31,22.17,38.61,41.6,0.573,1,0,1
SEG_RURAL_NL1,rural,84.31,5.83,83.34,34.91,0.05,1,0,1
SEG_RURAL_NL1,rural,6.82,13.83,4.51,47.15,0.05,0,0,0
SEG_RURAL_TR1,rural,64.81,22.87,61.0,42.44,0.278,0,0,1
SEG_HWY_NH37,highway,26.81,13.67,24.54,14.64,2.779,1,0,0
SEG_HWY_NH37,highway,27.04,29.78,22.08,8.92,2.796,0,1,0
SEG_STATE_AS1,state,40.29,5.88,39.31,12.14,1.211,6,0,0
SEG_HWY_NH27,highway,12.86,39.77,6.23,18.84,5.165,1,1,1
SEG_RURAL_TR1,rural,20.95,2.62,20.52,53.36,0.322,4,0,1
SEG_RURAL_NL1,rural,25.84,10.32,24.12,38.31,0.178,2,0,0
SEG_DIST_MZ1,district,10.14,20.03,6.81,36.05,0.434,0,0,0
SEG_HWY_NH27,highway,16.86,22.96,13.03,4.76,4.624,0,0,0
SEG_HWY_NH37,highway,6.65,29.91,1.66,15.03,2.817,1,0,0
SEG_STATE_MN2,state,138.65,12.23,136.61,20.4,2.075,2,0,1
SEG_STATE_MN2,state,47.49,25.81,43.19,23.94,1.724,1,0,0
SEG_RURAL_TR1,rural,2.06,2.35,1.67,43.4,0.05,0,0,0
SEG_DIST_AR1,district,36.8,8.88,35.32,28.05,0.948,1,0,1
SEG_HWY_NH37,highway,16.09,9.13,14.57,0.0,2.687,0,0,0
SEG_HWY_NH27,highway,33.65,9.09,32.13,10.25,5.037,1,0,1
SEG_DIST_AR1,district,26.92,8.18,25.56,34.7,0.771,4,0,1
SEG_HWY_NH37,highway,15.3,4.27,14.59,5.72,2.83,0,0,1
SEG_STATE_AS1,state,24.67,7.15,23.48,21.74,1.053,0,0,0
SEG_DIST_MZ1,district,27.95,29.79,22.99,27.78,0.137,3,0,0
SEG_HWY_NH37,highway,62.64,7.15,61.45,0.0,3.357,8,1,1
SEG_STATE_MN2,state,58.89,19.54,55.63,26.61,1.291,6,0,0
SEG_STATE_AS1,state,12.25,10.43,10.51,16.87,1.288,3,0,0
SEG_RURAL_NL1,rural,8.68,42.52,1.59,43.34,0.214,5,0,1
SEG_HWY_NH27,highway,22.3,3.52,21.71,1.93,4.925,1,1,0
SEG_DIST_AR1,district,26.91,12.71,24.79,37.95,0.562,4,0,1
SEG_STATE_AS1,state,11.54,7.31,10.32,21.19,1.771,2,0,0
SEG_STATE_MN2,state,47.3,19.35,44.07,18.03,1.443,6,0,1
SEG_RURAL_NL1,rural,31.8,12.2,29.76,41.37,0.443,5,0,1
SEG_DIST_MZ1,district,5.51,3.88,4.86,43.77,1.062,4,0,1
SEG_RURAL_NL1,rural,1.97,9.56,0.37,40.07,0.442,5,0,0
SEG_STATE_AS1,state,10.73,2.38,10.33,16.37,1.526,3,0,0
SEG_HWY_NH27,highway,11.01,14.82,8.54,5.13,5.269,3,0,0
SEG_DIST_MZ1,district,8.18,2.54,7.75,27.84,0.495,7,0,1
SEG_HWY_NH37,highway,30.33,2.07,29.98,8.89,2.673,4,0,0
SEG_HWY_NH27,highway,2.96,58.82,-6.84,11.06,4.753,0,1,0
SEG_RURAL_NL1,rural,26.29,2.43,25.89,43.72,0.322,1,0,0
SEG_STATE_MN2,state,15.2,19.08,12.02,20.34,2.182,4,0,0
SEG_HWY_NH27,highway,24.62,15.51,22.04,6.83,4.783,7,0,1
SEG_DIST_MZ1,district,16.28,29.04,11.44,47.81,0.347,5,0,0
SEG_RURAL_NL1,rural,15.04,3.97,14.37,41.35,0.116,0,0,0
SEG_DIST_MZ1,district,33.59,3.91,32.94,34.72,0.164,6,0,1
SEG_HWY_NH37,highway,21.09,7.25,19.88,15.99,2.837,3,0,0
SEG_DIST_AR1,district,24.09,12.66,21.98,25.41,1.258,0,0,1
SEG_RURAL_TR1,rural,2.12,6.08,1.1,41.06,0.05,6,1,1
SEG_RURAL_TR1,rural,70.28,3.81,69.65,39.98,0.497,13,1,1
SEG_STATE_MN2,state,59.22,20.99,55.72,19.54,1.784,2,0,0
SEG_DIST_MZ1,district,17.28,10.29,15.57,32.84,0.573,20,0,0
SEG_RURAL_NL1,rural,32.2,24.4,28.14,34.26,0.05,7,1,1
SEG_RURAL_NL1,rural,26.93,48.54,18.84,38.35,0.247,1,1,1
SEG_STATE_AS1,state,30.21,17.58,27.28,19.97,1.896,2,0,0
SEG_RURAL_NL1,rural,1.18,16.89,-1.64,50.18,0.454,0,0,0
SEG_HWY_NH27,highway,21.87,17.92,18.88,9.71,5.135,4,0,0
SEG_DIST_AR1,district,17.95,33.05,12.44,29.58,1.032,7,0,0
SEG_STATE_MN2,state,13.4,2.92,12.91,20.99,2.097,0,0,1
SEG_HWY_NH27,highway,73.25,25.56,68.99,7.93,4.605,3,0,0
SEG_HWY_NH27,highway,13.72,7.48,12.47,2.42,4.751,9,0,0
SEG_DIST_AR1,district,16.82,25.68,12.54,28.93,0.686,1,0,1
SEG_STATE_AS1,state,35.32,10.91,33.5,23.86,1.313,3,0,0
SEG_RURAL_NL1,rural,19.87,22.77,16.08,41.43,0.316,3,0,1
SEG_STATE_AS1,state,4.34,2.0,4.01,10.79,1.549,4,0,1
SEG_RURAL_NL1,rural,10.44,10.91,8.62,34.49,0.791,2,0,0
SEG_DIST_MZ1,district,12.58,9.85,10.93,32.0,0.378,0,0,1
SEG_DIST_MZ1,district,60.98,6.77,59.85,36.73,0.359,2,1,1
SEG_HWY_NH27,highway,26.04,28.36,21.31,2.06,5.352,2,0,0
SEG_HWY_NH27,highway,24.44,8.72,22.99,11.78,4.687,11,0,0
SEG_HWY_NH37,highway,38.52,6.57,37.42,11.3,2.783,11,0,1
SEG_DIST_AR1,district,58.35,8.19,56.98,37.23,0.948,4,1,1
SEG_RURAL_TR1,rural,34.45,12.61,32.35,45.58,0.455,3,0,1
SEG_DIST_MZ1,district,5.22,5.98,4.22,40.66,0.176,4,0,1
SEG_DIST_AR1,district,46.44,24.97,42.28,40.86,0.442,6,0,1
SEG_HWY_NH27,highway,1.91,10.89,0.09,8.08,5.243,8,0,1
SEG_STATE_AS1,state,13.68,8.12,12.32,24.87,1.56,3,0,0
SEG_HWY_NH27,highway,14.72,7.63,13.45,3.27,4.888,1,0,1
SEG_STATE_AS1,state,45.59,15.45,43.01,22.55,2.058,0,0,1
SEG_RURAL_NL1,rural,8.32,6.57,7.23,39.22,0.105,1,1,0
SEG_RURAL_TR1,rural,53.54,13.72,51.25,44.15,0.321,2,0,1
SEG_RURAL_NL1,rural,18.58,7.35,17.35,41.33,0.168,8,0,1
SEG_HWY_NH27,highway,12.43,1.11,12.24,10.53,4.575,5,0,0
SEG_HWY_NH37,highway,29.86,6.8,28.72,7.46,2.94,0,0,0
SEG_HWY_NH27,highway,13.09,6.5,12.0,13.23,4.882,7,0,0
SEG_DIST_MZ1,district,50.56,37.47,44.31,32.82,0.364,6,1,0
SEG_HWY_NH27,highway,70.53,2.45,70.12,16.28,5.12,9,0,0
SEG_DIST_MZ1,district,30.82,77.21,17.95,37.71,0.145,2,0,1
SEG_RURAL_NL1,rural,58.41,7.6,57.14,36.14,0.238,12,0,0
SEG_HWY_NH37,highway,26.11,10.96,24.28,9.18,3.072,5,0,0
SEG_DIST_AR1,district,16.24,41.82,9.27,24.48,0.838,4,0,0
SEG_RURAL_NL1,rural,16.95,7.11,15.77,42.3,0.619,3,0,0
SEG_RURAL_NL1,rural,19.56,25.45,15.32,45.1,0.188,0,0,1
SEG_HWY_NH27,highway,11.67,0.83,11.53,8.24,4.971,0,0,0
SEG_STATE_MN2,state,41.3,90.19,26.27,24.19,1.907,3,0,0
SEG_STATE_AS1,state,3.42,21.46,-0.16,17.28,1.953,4,1,1
SEG_RURAL_NL1,rural,12.26,18.58,9.16,39.59,0.56,7,0,0
SEG_STATE_AS1,state,64.65,1.66,64.37,17.57,1.363,4,0,0
SEG_STATE_AS1,state,33.9,13.27,31.69,9.57,1.671,0,0,0
SEG_DIST_AR1,district,8.9,10.03,7.23,29.48,1.09,4,0,0
SEG_DIST_AR1,district,74.44,14.46,72.03,22.85,1.345,0,1,0
SEG_DIST_AR1,district,19.71,17.28,16.83,31.47,0.056,14,0,1
SEG_RURAL_TR1,rural,20.43,32.31,15.04,43.46,0.695,7,1,0
SEG_STATE_AS1,state,16.83,51.29,8.28,19.18,1.323,0,0,0
SEG_HWY_NH27,highway,24.1,4.58,23.34,11.68,4.796,0,0,1
SEG_STATE_AS1,state,44.08,10.93,42.26,13.12,1.628,7,0,1
SEG_RURAL_NL1,rural,33.9,4.31,33.18,42.57,0.288,1,0,1
SEG_DIST_AR1,district,50.38,13.58,48.12,39.98,0.668,2,1,1
SEG_RURAL_NL1,rural,8.07,6.56,6.97,47.3,0.688,4,1,0
SEG_DIST_AR1,district,13.92,33.02,8.41,30.97,0.641,5,1,0
SEG_RURAL_TR1,rural,32.81,5.11,31.96,40.15,0.455,0,0,1
SEG_HWY_NH27,highway,14.15,15.73,11.53,14.35,4.95,4,0,1
SEG_DIST_MZ1,district,24.88,38.58,18.45,33.17,0.05,0,0,0
SEG_DIST_AR1,district,30.66,4.5,29.91,33.74,0.564,6,0,1
SEG_STATE_MN2,state,23.17,8.5,21.75,12.38,1.98,1,0,0
SEG_RURAL_TR1,rural,27.68,8.08,26.34,51.76,0.153,0,0,0
SEG_STATE_MN2,state,5.75,9.71,4.13,22.58,2.472,1,0,0
SEG_RURAL_TR1,rural,33.9,1.66,33.63,41.07,0.397,3,0,0
SEG_HWY_NH27,highway,10.67,13.0,8.51,11.11,4.797,3,0,0
SEG_STATE_AS1,state,15.5,27.16,10.97,28.53,1.329,3,1,1
SEG_DIST_AR1,district,42.72,3.25,42.17,28.89,0.711,3,0,0
SEG_HWY_NH37,highway,31.68,13.91,29.36,8.31,2.685,0,0,0
SEG_RURAL_NL1,rural,3.48,6.92,2.33,42.76,0.3,1,0,1
SEG_DIST_MZ1,district,9.28,3.47,8.71,28.94,0.682,1,0,0
SEG_RURAL_NL1,rural,74.14,38.65,67.69,36.59,0.176,3,1,1
SEG_DIST_MZ1,district,24.14,1.86,23.83,37.26,0.71,1,0,1
SEG_RURAL_TR1,rural,32.94,24.69,28.83,45.7,0.339,2,1,1
SEG_DIST_MZ1,district,22.93,4.97,22.1,32.41,1.444,0,0,0
SEG_RURAL_NL1,rural,19.39,10.16,17.7,44.15,1.031,1,0,0
SEG_STATE_AS1,state,10.07,8.94,8.58,16.95,1.924,1,1,0
SEG_DIST_AR1,district,39.44,3.55,38.85,35.87,0.767,8,0,1
SEG_DIST_MZ1,district,57.9,4.22,57.19,28.59,0.808,1,0,0
SEG_STATE_MN2,state,32.96,13.28,30.74,22.53,2.094,7,0,0
SEG_RURAL_TR1,rural,15.61,18.98,12.45,46.04,0.388,10,0,0
SEG_DIST_MZ1,district,92.98,19.46,89.74,38.75,0.16,1,0,1
SEG_STATE_AS1,state,65.77,10.31,64.05,12.41,1.338,4,0,0
SEG_RURAL_NL1,rural,48.46,9.18,46.93,42.72,0.4,5,0,1
SEG_DIST_MZ1,district,23.73,8.76,22.27,30.32,0.084,0,0,0
SEG_DIST_AR1,district,27.46,0.65,27.35,37.73,0.772,2,0,0
SEG_RURAL_TR1,rural,61.62,23.89,57.63,46.36,0.05,6,0,1
SEG_STATE_MN2,state,9.72,25.34,5.5,22.16,1.991,1,0,0
SEG_DIST_MZ1,district,8.14,17.68,5.19,40.17,0.976,0,0,1
SEG_RURAL_NL1,rural,10.11,1.43,9.87,45.91,0.664,7,0,1
SEG_DIST_AR1,district,49.55,15.49,46.97,40.44,0.638,3,1,1
SEG_RURAL_NL1,rural,54.99,1.04,54.82,45.1,0.791,7,1,0
SEG_DIST_MZ1,district,29.24,15.81,26.61,36.16,0.469,1,0,0
SEG_HWY_NH27,highway,51.57,5.26,50.69,11.92,5.129,0,0,0
SEG_STATE_MN2,state,27.85,16.83,25.04,16.85,1.902,3,1,1
SEG_STATE_AS1,state,4.31,42.56,-2.79,15.81,1.408,6,0,1
SEG_HWY_NH37,highway,8.34,3.41,7.78,1.69,3.41,0,0,0
SEG_RURAL_TR1,rural,36.97,10.61,35.2,37.07,0.186,3,1,1
SEG_STATE_MN2,state,33.35,11.07,31.51,12.35,2.037,0,0,0
SEG_RURAL_TR1,rural,18.26,14.87,15.78,40.13,0.05,2,0,1
SEG_DIST_AR1,district,20.71,4.19,20.01,32.25,0.533,1,0,0
SEG_HWY_NH27,highway,62.26,11.19,60.4,5.99,4.47,6,0,0
SEG_RURAL_NL1,rural,19.99,14.54,17.57,42.37,0.273,3,0,0
SEG_RURAL_TR1,rural,17.3,9.13,15.78,44.01,0.308,2,0,1
SEG_STATE_AS1,state,21.67,36.32,15.62,19.39,1.029,4,0,1
SEG_DIST_AR1,district,10.72,19.0,7.55,32.11,0.727,3,0,0
SEG_STATE_MN2,state,34.27,19.81,30.97,30.11,1.498,0,0,0
SEG_DIST_AR1,district,7.13,24.37,3.07,31.34,0.672,1,0,0
SEG_STATE_AS1,state,28.76,15.6,26.16,20.25,1.838,1,0,1
SEG_RURAL_NL1,rural,1.45,12.87,-0.69,39.93,0.434,1,0,0
SEG_RURAL_NL1,rural,19.91,24.58,15.81,36.44,0.371,1,1,0
SEG_HWY_NH27,highway,21.46,10.92,19.64,6.02,4.538,0,0,0
SEG_RURAL_TR1,rural,23.92,16.49,21.17,38.25,0.324,0,1,1
SEG_RURAL_TR1,rural,24.63,5.32,23.74,48.93,0.05,2,0,1
SEG_RURAL_NL1,rural,11.86,16.01,9.19,42.99,0.272,0,0,0
SEG_RURAL_NL1,rural,6.85,9.04,5.34,42.01,0.487,2,0,0
SEG_HWY_NH37,highway,56.24,59.59,46.31,10.23,2.842,1,0,0
SEG_DIST_MZ1,district,18.37,25.73,14.08,32.46,0.06,9,0,0
SEG_HWY_NH27,highway,23.66,15.59,21.07,4.7,4.942,8,0,0
SEG_HWY_NH27,highway,26.53,27.09,22.01,9.16,5.07,1,0,0
SEG_STATE_MN2,state,18.75,8.16,17.39,21.1,1.964,1,0,1
SEG_DIST_MZ1,district,2.17,11.56,0.24,35.24,0.389,16,0,0
SEG_STATE_AS1,state,42.29,21.16,38.76,17.91,1.885,1,0,1
SEG_HWY_NH37,highway,41.22,17.74,38.27,2.63,3.14,1,0,0
SEG_RURAL_NL1,rural,32.52,0.79,32.39,38.48,0.176,1,0,1
SEG_DIST_MZ1,district,30.35,17.99,27.35,32.85,0.257,5,0,1
SEG_RURAL_NL1,rural,19.5,9.66,17.89,44.36,0.203,1,0,1
SEG_HWY_NH27,highway,27.58,24.76,23.45,13.52,5.062,0,0,0
SEG_HWY_NH37,highway,67.45,5.3,66.56,2.86,3.087,4,0,0
SEG_HWY_NH27,highway,67.06,22.93,63.24,8.41,5.0,0,1,1
SEG_DIST_AR1,district,16.36,3.7,15.74,23.1,0.439,3,0,0
SEG_STATE_MN2,state,8.51,3.85,7.87,16.85,1.648,7,0,0
SEG_STATE_MN2,state,48.24,30.74,43.12,21.44,2.493,0,0,1
SEG_RURAL_TR1,rural,29.0,4.34,28.28,42.02,0.05,5,0,1
SEG_DIST_MZ1,district,27.3,2.66,26.86,32.18,0.104,8,0,0
SEG_RURAL_NL1,rural,51.61,24.48,47.53,52.07,0.05,1,1,1
SEG_RURAL_TR1,rural,29.57,6.16,28.54,44.74,0.05,9,0,0
SEG_STATE_AS1,state,82.32,10.25,80.61,19.12,1.287,2,0,0
SEG_DIST_MZ1,district,22.81,22.5,19.06,38.77,0.822,3,0,1
SEG_HWY_NH37,highway,28.92,2.56,28.5,5.36,3.426,3,1,1
SEG_RURAL_TR1,rural,14.12,16.43,11.38,44.92,0.05,4,0,1
SEG_HWY_NH27,highway,97.89,20.88,94.41,7.02,4.629,2,0,0
SEG_DIST_AR1,district,4.6,32.94,-0.89,26.88,0.882,2,0,1
SEG_RURAL_NL1,rural,16.44,21.86,12.8,40.29,0.296,6,1,0
SEG_HWY_NH27,highway,88.68,7.72,87.4,7.77,4.87,1,1,0
SEG_HWY_NH27,highway,25.26,25.71,20.97,10.98,5.592,0,0,1
SEG_STATE_AS1,state,9.18,24.94,5.02,16.36,1.291,1,1,0
SEG_DIST_MZ1,district,17.43,9.47,15.85,43.05,0.464,2,0,1
SEG_DIST_AR1,district,44.26,25.3,40.05,28.05,1.052,1,0,0
SEG_DIST_MZ1,district,40.97,17.49,38.06,29.93,0.05,1,0,1
SEG_RURAL_TR1,rural,40.37,19.96,37.04,50.32,0.207,1,1,1
SEG_STATE_MN2,state,11.72,2.61,11.28,19.56,1.668,1,0,0
SEG_RURAL_TR1,rural,45.42,6.2,44.38,45.41,0.05,5,0,0
SEG_DIST_MZ1,district,8.89,1.55,8.63,33.71,0.647,0,0,0
SEG_RURAL_TR1,rural,88.08,13.19,85.88,44.49,0.416,4,0,0
SEG_HWY_NH27,highway,19.02,11.82,17.05,2.51,4.373,2,0,0
SEG_RURAL_TR1,rural,23.84,19.94,20.52,44.62,0.511,3,0,1
SEG_RURAL_TR1,rural,62.79,24.55,58.7,38.57,0.244,0,0,1
SEG_DIST_MZ1,district,21.99,6.75,20.87,36.5,0.323,5,0,1
SEG_HWY_NH27,highway,31.83,16.56,29.07,13.47,5.067,1,0,0
SEG_DIST_AR1,district,51.47,3.71,50.85,29.94,0.588,1,0,1
SEG_HWY_NH37,highway,12.95,30.64,7.84,6.17,2.891,4,0,0
SEG_HWY_NH27,highway,5.38,46.6,-2.39,4.43,4.328,3,0,0
SEG_HWY_NH37,highway,12.31,20.68,8.86,7.96,2.84,4,0,0
SEG_DIST_MZ1,district,9.96,22.79,6.16,31.63,0.73,1,0,1
SEG_HWY_NH27,highway,29.98,18.45,26.91,21.38,5.139,2,0,1
SEG_STATE_AS1,state,15.34,60.78,5.21,18.46,1.502,3,0,1
SEG_STATE_MN2,state,21.64,2.83,21.17,23.85,1.942,2,0,1
SEG_STATE_AS1,state,42.68,22.62,38.91,9.79,1.608,14,0,0
SEG_STATE_AS1,state,19.65,8.4,18.25,26.31,1.71,6,0,1
SEG_DIST_MZ1,district,34.92,27.76,30.3,37.2,0.5,3,0,0
SEG_RURAL_NL1,rural,16.35,34.44,10.61,42.45,0.132,4,0,1
SEG_RURAL_TR1,rural,30.25,4.4,29.51,44.27,0.379,4,0,0
SEG_STATE_MN2,state,6.31,10.44,4.57,19.17,1.914,4,0,1
SEG_RURAL_NL1,rural,17.38,16.89,14.56,30.56,0.343,0,0,1
SEG_STATE_AS1,state,15.95,17.35,13.06,15.25,1.85,2,0,0
SEG_STATE_AS1,state,22.83,17.31,19.95,18.24,1.653,3,0,1
SEG_RURAL_NL1,rural,52.36,11.64,50.42,39.06,0.565,2,1,1
SEG_RURAL_NL1,rural,6.65,15.06,4.14,37.42,0.373,1,0,1
SEG_HWY_NH37,highway,40.4,5.0,39.57,6.52,3.007,0,0,1
SEG_STATE_MN2,state,4.49,19.04,1.31,23.69,2.616,3,0,0
SEG_RURAL_TR1,rural,16.29,23.03,12.45,46.52,0.824,1,0,1
SEG_RURAL_NL1,rural,43.31,30.56,38.22,40.37,0.958,6,0,0
SEG_RURAL_NL1,rural,7.15,4.85,6.35,37.47,0.05,0,0,0
SEG_HWY_NH37,highway,60.76,5.28,59.88,9.42,2.832,2,0,0
SEG_STATE_MN2,state,67.04,15.15,64.51,23.56,2.623,0,0,0
SEG_STATE_MN2,state,24.05,10.12,22.36,23.71,2.194,5,0,1
SEG_DIST_AR1,district,10.4,11.07,8.56,32.78,0.666,2,0,0
SEG_HWY_NH27,highway,40.32,24.13,36.3,6.38,4.632,7,0,0
SEG_HWY_NH27,highway,15.26,36.54,9.17,0.42,4.458,6,1,1
SEG_STATE_AS1,state,53.38,9.76,51.75,9.16,1.494,2,1,0
SEG_DIST_MZ1,district,31.77,22.44,28.03,24.12,0.423,5,0,0
SEG_DIST_MZ1,district,40.11,7.25,38.9,28.36,0.05,0,0,0
SEG_STATE_MN2,state,125.28,2.9,124.8,16.34,1.89,0,1,1
SEG_RURAL_TR1,rural,23.02,18.27,19.98,41.76,0.05,1,0,0
SEG_HWY_NH27,highway,21.71,16.21,19.01,8.94,5.445,0,0,0
SEG_DIST_AR1,district,22.07,64.73,11.29,31.48,0.458,9,0,0
SEG_RURAL_TR1,rural,32.8,6.76,31.67,49.1,0.653,2,0,1
SEG_DIST_MZ1,district,9.47,4.47,8.72,49.53,1.139,2,0,1
SEG_RURAL_NL1,rural,6.6,3.02,6.09,41.36,0.641,1,0,1
SEG_RURAL_NL1,rural,17.47,9.74,15.85,33.95,0.244,4,0,1
SEG_HWY_NH27,highway,112.59,1.14,112.4,4.27,4.984,1,1,0
SEG_DIST_MZ1,district,47.99,38.99,41.49,32.33,0.257,1,0,0
SEG_DIST_MZ1,district,24.54,5.78,23.58,50.77,0.835,4,0,0
SEG_RURAL_TR1,rural,20.34,22.69,16.56,42.34,0.662,7,0,1
SEG_STATE_AS1,state,34.88,13.57,32.62,16.87,1.677,1,0,0
SEG_DIST_AR1,district,33.47,9.4,31.9,23.69,0.854,2,0,0
SEG_HWY_NH27,highway,51.8,14.6,49.36,13.32,5.432,0,1,1
SEG_STATE_AS1,state,42.78,30.53,37.69,17.85,1.338,0,0,0
SEG_DIST_MZ1,district,16.23,74.74,3.77,29.84,0.296,7,0,0
SEG_HWY_NH27,highway,14.38,21.02,10.88,3.58,4.806,5,0,1
SEG_STATE_MN2,state,30.42,8.34,29.03,22.22,1.702,1,0,0
SEG_DIST_AR1,district,13.49,17.49,10.58,33.71,1.028,4,0,0
SEG_HWY_NH27,highway,8.71,31.92,3.39,0.0,5.011,4,0,0
SEG_STATE_AS1,state,105.99,3.68,105.38,16.25,1.585,0,0,1
SEG_DIST_MZ1,district,38.66,9.53,37.08,35.42,0.679,1,0,1
SEG_STATE_AS1,state,16.95,26.62,12.52,27.61,1.656,5,1,1
SEG_RURAL_NL1,rural,21.62,26.97,17.13,39.88,0.387,2,0,0
SEG_RURAL_NL1,rural,45.11,5.3,44.23,34.31,0.584,4,1,1
SEG_STATE_AS1,state,13.55,5.32,12.66,12.22,1.195,0,0,0
SEG_RURAL_NL1,rural,65.24,1.9,64.92,40.42,0.228,11,0,1
SEG_RURAL_NL1,rural,53.35,10.26,51.64,41.37,0.729,4,0,1
SEG_STATE_AS1,state,23.95,55.19,14.76,26.23,1.4,1,0,0
SEG_RURAL_TR1,rural,53.41,37.93,47.09,42.1,0.059,11,0,1
SEG_STATE_AS1,state,132.99,30.92,127.84,9.44,1.261,6,1,1
SEG_STATE_AS1,state,36.06,9.34,34.51,22.67,1.065,1,0,1
SEG_RURAL_TR1,rural,45.29,27.78,40.66,48.52,0.352,3,0,1
SEG_DIST_AR1,district,31.62,32.16,26.26,30.42,0.946,0,0,0
SEG_STATE_AS1,state,29.42,11.67,27.47,16.15,1.507,3,0,0
SEG_STATE_AS1,state,29.44,16.58,26.68,21.46,1.484,0,0,1
SEG_DIST_MZ1,district,14.43,22.95,10.61,34.7,0.105,0,0,0
SEG_RURAL_TR1,rural,25.54,3.85,24.9,50.24,0.05,1,0,1
SEG_HWY_NH37,highway,18.95,3.26,18.41,14.74,2.549,0,0,0
SEG_DIST_MZ1,district,31.38,8.19,30.02,38.27,0.098,8,0,1
SEG_HWY_NH37,highway,14.8,20.43,11.39,2.43,3.3,2,0,0
SEG_RURAL_TR1,rural,11.05,26.79,6.58,47.42,0.05,3,0,0
SEG_STATE_AS1,state,40.05,15.92,37.39,19.93,1.281,7,0,0
SEG_STATE_MN2,state,57.04,29.73,52.08,18.93,2.164,5,0,0
SEG_RURAL_NL1,rural,25.18,43.08,18.0,30.87,0.212,11,0,0
SEG_RURAL_TR1,rural,52.93,20.45,49.52,41.59,0.353,7,0,0
SEG_RURAL_NL1,rural,23.01,31.11,17.83,31.81,0.488,7,1,0
SEG_RURAL_TR1,rural,46.51,5.95,45.52,39.51,0.167,0,0,0
SEG_RURAL_NL1,rural,17.6,35.22,11.73,39.06,0.05,1,1,0
SEG_RURAL_TR1,rural,62.39,22.33,58.66,46.64,0.05,1,0,0
SEG_RURAL_TR1,rural,62.89,41.45,55.98,44.9,0.106,5,1,1
SEG_STATE_AS1,state,31.82,8.71,30.37,24.48,1.322,9,0,0
SEG_HWY_NH27,highway,3.74,27.36,-0.82,9.9,5.235,5,0,0
SEG_HWY_NH37,highway,6.12,4.39,5.39,9.81,2.465,1,0,0
SEG_STATE_MN2,state,6.29,1.28,6.08,18.05,2.062,3,0,0
SEG_DIST_AR1,district,36.43,7.32,35.21,29.38,0.224,3,0,1
SEG_HWY_NH37,highway,14.46,52.84,5.65,0.97,2.817,2,0,0
SEG_DIST_AR1,district,28.82,25.08,24.64,27.9,0.99,3,0,1
SEG_STATE_MN2,state,68.6,7.16,67.41,21.01,1.827,2,0,0
SEG_DIST_AR1,district,26.72,10.14,25.03,30.41,1.361,2,0,1
SEG_STATE_AS1,state,11.96,16.81,9.16,21.43,1.207,0,0,0
SEG_RURAL_TR1,rural,9.42,8.12,8.07,52.75,0.063,1,0,1
SEG_RURAL_TR1,rural,43.37,26.36,38.98,41.78,0.472,0,0,1
SEG_HWY_NH27,highway,51.71,11.12,49.86,9.41,5.304,0,1,0
SEG_HWY_NH27,highway,18.81,12.95,16.65,9.57,5.369,5,0,0
SEG_DIST_AR1,district,9.53,4.06,8.85,31.38,0.702,0,0,0
SEG_DIST_MZ1,district,18.35,19.35,15.12,32.93,0.707,12,0,1
SEG_HWY_NH37,highway,68.91,2.28,68.53,3.92,2.789,1,0,0
SEG_RURAL_TR1,rural,43.2,8.77,41.74,49.22,0.05,4,0,1
SEG_STATE_MN2,state,78.02,6.57,76.93,22.65,2.496,1,1,1
SEG_RURAL_NL1,rural,35.21,18.14,32.18,37.39,0.087,3,0,1
SEG_HWY_NH27,highway,12.55,19.26,9.34,14.51,5.724,0,0,0
SEG_STATE_MN2,state,49.49,3.48,48.91,23.73,2.625,0,0,1
SEG_DIST_AR1,district,35.65,2.1,35.3,32.28,0.379,1,0,1
SEG_HWY_NH37,highway,13.79,17.71,10.84,3.72,3.267,3,0,1
SEG_RURAL_TR1,rural,25.66,11.67,23.72,45.26,0.05,6,0,0
SEG_DIST_AR1,district,30.89,31.16,25.69,37.81,0.88,12,1,1
SEG_DIST_MZ1,district,28.12,23.2,24.25,37.55,0.703,5,0,1
SEG_HWY_NH27,highway,10.87,26.85,6.39,8.28,5.141,2,0,0
SEG_RURAL_TR1,rural,18.39,19.53,15.14,47.97,0.368,2,0,1
SEG_HWY_NH27,highway,44.98,21.46,41.4,11.56,5.003,9,0,0
SEG_STATE_MN2,state,25.48,9.0,23.98,23.71,2.315,4,0,0
SEG_STATE_MN2,state,14.65,0.87,14.51,10.26,2.099,2,0,0
SEG_DIST_MZ1,district,4.53,32.72,-0.92,32.25,0.425,1,0,0
SEG_RURAL_NL1,rural,4.59,10.12,2.9,47.53,0.413,8,0,1
SEG_STATE_AS1,state,28.89,4.25,28.18,16.64,2.088,4,0,1
SEG_STATE_AS1,state,56.95,20.21,53.58,18.23,1.791,0,0,1
SEG_STATE_MN2,state,23.15,3.6,22.55,24.84,1.734,4,0,1
SEG_STATE_MN2,state,12.85,73.46,0.61,15.67,1.857,0,0,1
SEG_HWY_NH37,highway,17.17,4.43,16.44,4.05,2.735,11,0,0
SEG_DIST_MZ1,district,25.91,3.9,25.26,26.45,0.414,3,0,0
SEG_DIST_AR1,district,20.2,47.16,12.34,23.34,1.009,5,0,1
SEG_STATE_AS1,state,30.0,28.79,25.21,20.54,1.121,4,0,0
SEG_DIST_MZ1,district,44.73,8.21,43.36,41.58,0.268,0,0,0
SEG_DIST_AR1,district,59.81,0.11,59.79,26.83,1.319,2,0,0
SEG_DIST_AR1,district,4.55,47.39,-3.35,31.31,0.95,4,0,0
SEG_DIST_AR1,district,6.43,23.15,2.58,35.99,0.632,5,0,1
SEG_HWY_NH27,highway,9.05,7.74,7.75,5.5,4.624,8,0,0
SEG_STATE_AS1,state,17.81,39.42,11.24,17.66,1.764,1,0,0
SEG_RURAL_NL1,rural,19.05,14.74,16.6,49.48,0.05,1,0,0
SEG_HWY_NH37,highway,39.24,17.76,36.28,9.0,3.416,2,0,1
SEG_DIST_AR1,district,34.15,12.87,32.01,34.98,0.21,4,0,1
SEG_STATE_AS1,state,16.34,13.18,14.14,15.09,1.516,4,0,0
SEG_STATE_AS1,state,11.76,18.28,8.72,10.59,1.284,1,0,0
SEG_STATE_MN2,state,19.18,5.07,18.33,22.6,2.409,2,0,1
SEG_STATE_AS1,state,25.3,14.96,22.81,20.42,1.132,3,0,0
SEG_DIST_MZ1,district,80.27,9.95,78.61,26.18,0.176,1,1,1
SEG_STATE_MN2,state,4.88,0.99,4.71,18.76,2.302,3,0,0
SEG_RURAL_NL1,rural,61.24,18.63,58.13,33.74,0.05,2,0,1
SEG_RURAL_TR1,rural,4.04,16.4,1.3,42.49,0.05,4,1,1
SEG_STATE_AS1,state,53.37,8.54,51.95,19.13,1.298,0,1,0
SEG_DIST_AR1,district,20.16,20.9,16.68,40.47,0.842,3,0,0
SEG_RURAL_NL1,rural,21.26,17.34,18.37,33.98,0.05,0,0,0
SEG_RURAL_NL1,rural,68.65,40.69,61.87,40.39,0.609,2,0,0
SEG_RURAL_TR1,rural,31.24,12.77,29.11,36.17,0.346,3,0,0
SEG_HWY_NH27,highway,25.83,10.82,24.02,10.24,4.97,3,0,1
SEG_HWY_NH27,highway,17.97,3.67,17.36,2.49,5.24,2,0,0
SEG_RURAL_NL1,rural,14.14,33.02,8.64,38.25,0.249,3,0,0
SEG_DIST_AR1,district,34.31,18.84,31.17,37.23,0.527,0,0,0
SEG_DIST_MZ1,district,26.27,0.93,26.12,34.08,0.288,11,0,1
SEG_RURAL_TR1,rural,59.14,0.27,59.1,46.07,0.434,0,1,1
SEG_RURAL_TR1,rural,34.73,42.45,27.65,35.48,0.155,7,0,0
SEG_DIST_MZ1,district,4.7,5.69,3.75,32.3,0.311,0,0,0
SEG_HWY_NH37,highway,38.4,24.47,34.33,2.69,2.513,2,0,0
SEG_HWY_NH27,highway,60.09,8.14,58.74,6.13,5.024,5,0,1
SEG_RURAL_TR1,rural,11.14,9.18,9.61,45.92,0.591,0,0,1
SEG_DIST_MZ1,district,10.0,71.97,-1.99,34.45,0.463,4,0,0
SEG_HWY_NH27,highway,41.82,14.63,39.38,6.61,4.665,1,0,0
SEG_RURAL_NL1,rural,58.85,5.36,57.95,36.27,0.05,8,1,0
SEG_STATE_MN2,state,12.22,61.17,2.03,17.73,2.247,2,0,0
SEG_RURAL_NL1,rural,17.3,7.02,16.13,35.99,0.533,4,0,1
SEG_STATE_MN2,state,24.56,13.46,22.32,25.18,1.736,4,0,0
SEG_RURAL_TR1,rural,5.62,35.02,-0.22,44.85,0.151,6,0,0
SEG_DIST_AR1,district,33.17,6.23,32.13,29.32,1.177,2,0,0
SEG_DIST_MZ1,district,14.18,3.55,13.59,42.42,0.23,3,0,0
SEG_DIST_AR1,district,74.08,3.87,73.44,30.23,0.846,1,0,0
SEG_DIST_MZ1,district,16.68,6.32,15.63,26.66,0.591,3,0,0
SEG_STATE_AS1,state,35.78,3.58,35.19,19.2,1.106,0,0,0
SEG_RURAL_TR1,rural,37.47,13.17,35.27,44.2,0.203,6,0,1
SEG_DIST_MZ1,district,1.46,8.69,0.01,35.38,0.093,4,0,0
SEG_HWY_NH37,highway,19.46,10.36,17.73,0.0,3.281,4,0,0
SEG_HWY_NH37,highway,31.63,7.49,30.38,2.93,2.573,6,0,0
SEG_HWY_NH27,highway,29.62,20.33,26.24,8.11,4.968,8,0,1
SEG_RURAL_TR1,rural,15.92,7.46,14.68,44.69,0.786,5,0,1
SEG_HWY_NH37,highway,39.07,10.53,37.32,0.0,2.686,2,0,0
SEG_HWY_NH27,highway,4.46,19.36,1.23,5.31,4.954,5,0,0
SEG_STATE_AS1,state,8.74,3.08,8.23,24.37,1.799,0,0,0
SEG_RURAL_TR1,rural,20.42,4.71,19.64,48.85,0.145,2,0,1
SEG_RURAL_TR1,rural,49.01,17.66,46.06,34.41,0.786,3,0,1
SEG_HWY_NH37,highway,36.4,5.22,35.53,8.05,2.88,0,0,1
SEG_RURAL_NL1,rural,25.76,3.12,25.24,39.72,0.482,7,0,0
SEG_STATE_MN2,state,115.6,6.04,114.6,20.48,1.484,3,1,1
SEG_STATE_AS1,state,8.19,15.46,5.61,22.21,1.478,0,0,1
SEG_DIST_AR1,district,25.91,19.71,22.63,26.81,0.497,4,1,1
SEG_STATE_AS1,state,22.5,7.87,21.19,18.17,1.395,3,0,1
SEG_DIST_AR1,district,14.05,1.27,13.84,36.37,0.967,0,0,0
SEG_HWY_NH27,highway,1.74,2.68,1.29,7.36,4.859,2,0,0
SEG_DIST_MZ1,district,31.06,16.18,28.36,27.86,0.722,6,0,1
SEG_DIST_AR1,district,40.82,20.08,37.47,36.05,1.08,3,0,0
SEG_HWY_NH27,highway,46.0,5.92,45.01,9.19,4.982,1,0,0
SEG_DIST_MZ1,district,16.71,60.48,6.63,35.23,0.05,6,0,1
SEG_STATE_AS1,state,7.59,6.0,6.59,16.71,1.491,0,0,0
SEG_HWY_NH37,highway,72.08,44.26,64.71,8.45,3.316,6,0,0
SEG_RURAL_NL1,rural,8.81,3.76,8.18,45.35,0.105,1,0,0
SEG_DIST_AR1,district,45.05,23.28,41.17,37.84,0.644,3,0,1
SEG_STATE_MN2,state,34.29,27.87,29.65,18.85,2.042,0,0,1
SEG_RURAL_NL1,rural,2.05,11.55,0.12,41.43,0.318,1,1,0
SEG_HWY_NH27,highway,25.94,24.67,21.83,9.86,4.39,6,1,0
SEG_HWY_NH27,highway,15.75,7.44,14.51,3.67,4.749,3,0,0
SEG_HWY_NH37,highway,4.82,12.56,2.73,0.0,2.825,4,1,0
SEG_STATE_MN2,state,11.37,7.43,10.13,19.77,2.371,1,0,0
SEG_RURAL_TR1,rural,36.67,2.74,36.21,42.81,0.085,5,0,1
SEG_HWY_NH27,highway,6.57,4.45,5.83,12.52,4.931,8,0,1
SEG_STATE_AS1,state,33.73,12.53,31.64,8.98,1.529,5,1,0
SEG_STATE_MN2,state,18.9,30.17,13.87,16.24,1.712,6,0,1
SEG_RURAL_TR1,rural,70.57,44.26,63.2,47.04,0.504,0,1,0
SEG_HWY_NH37,highway,64.69,15.96,62.03,4.11,3.022,1,0,0
SEG_HWY_NH37,highway,30.78,24.82,26.64,5.27,2.889,7,0,1
SEG_DIST_MZ1,district,2.77,6.53,1.68,33.5,0.502,0,0,0
SEG_HWY_NH27,highway,14.0,16.52,11.24,1.68,5.25,0,0,0
SEG_RURAL_NL1,rural,8.56,19.88,5.25,37.63,0.148,4,0,0
SEG_STATE_AS1,state,9.03,11.58,7.1,22.72,1.176,5,0,1
SEG_RURAL_TR1,rural,39.79,25.89,35.47,40.38,0.235,1,0,0
SEG_HWY_NH27,highway,49.46,10.46,47.71,0.0,4.814,3,1,0
SEG_STATE_MN2,state,24.74,7.05,23.56,26.1,1.972,1,0,0
SEG_RURAL_NL1,rural,28.01,15.27,25.47,39.6,0.05,5,0,1
SEG_HWY_NH27,highway,55.19,10.66,53.42,0.6,5.694,7,0,0
SEG_HWY_NH27,highway,19.99,3.31,19.44,12.43,5.578,1,0,0
SEG_HWY_NH27,highway,11.9,12.91,9.75,0.0,5.241,2,0,0
SEG_DIST_MZ1,district,2.02,10.87,0.21,27.24,0.144,6,0,0
SEG_DIST_MZ1,district,30.52,11.31,28.63,35.13,0.23,5,0,1
SEG_DIST_AR1,district,99.13,3.1,98.61,32.87,1.232,2,0,1
SEG_STATE_AS1,state,17.57,9.72,15.95,18.7,0.777,2,0,0
SEG_RURAL_NL1,rural,5.76,14.34,3.37,45.96,0.363,2,0,1
SEG_STATE_AS1,state,23.36,39.37,16.8,17.67,1.232,5,0,0
SEG_STATE_AS1,state,13.09,33.74,7.47,15.6,1.356,3,0,0
SEG_HWY_NH27,highway,38.62,29.16,33.76,15.61,4.774,3,0,1
SEG_HWY_NH37,highway,54.2,33.16,48.67,1.23,2.79,2,0,0
SEG_STATE_AS1,state,14.47,18.01,11.47,14.42,1.735,7,0,0
SEG_RURAL_TR1,rural,9.75,2.38,9.36,48.64,0.248,6,0,1
SEG_DIST_MZ1,district,34.24,3.11,33.73,29.91,0.657,6,0,1
SEG_STATE_MN2,state,37.32,31.48,32.07,27.41,1.751,3,1,1
SEG_STATE_AS1,state,40.16,11.23,38.29,17.91,1.835,1,0,1
SEG_RURAL_NL1,rural,33.14,22.45,29.4,43.9,0.752,0,0,0
SEG_RURAL_TR1,rural,33.05,14.76,30.59,39.61,0.517,4,1,0
SEG_STATE_MN2,state,13.88,2.45,13.47,26.8,2.294,1,0,1
SEG_HWY_NH27,highway,15.16,2.19,14.79,0.0,4.685,0,0,0
SEG_HWY_NH27,highway,12.71,27.4,8.14,0.0,5.14,1,0,0
SEG_STATE_AS1,state,32.12,26.64,27.68,18.88,1.392,6,0,0
SEG_HWY_NH27,highway,23.23,19.6,19.96,1.88,5.151,4,0,1
SEG_RURAL_NL1,rural,25.8,25.97,21.48,39.64,0.05,5,0,1
SEG_DIST_MZ1,district,25.96,8.16,24.6,33.22,0.647,10,0,0
SEG_RURAL_NL1,rural,34.01,1.95,33.69,45.02,0.05,4,0,1
SEG_DIST_MZ1,district,8.4,2.59,7.96,34.0,0.155,3,0,1
SEG_STATE_AS1,state,110.05,6.41,108.98,17.01,1.448,6,0,1
SEG_STATE_MN2,state,17.98,16.6,15.22,30.05,1.746,3,1,0
SEG_DIST_AR1,district,23.38,17.57,20.46,30.25,1.084,6,0,0
SEG_HWY_NH27,highway,53.14,7.69,51.85,13.27,4.817,2,0,1
SEG_STATE_MN2,state,65.57,7.3,64.35,22.0,1.999,2,0,0
SEG_DIST_AR1,district,4.05,36.76,-2.07,30.67,0.617,5,0,0
SEG_HWY_NH37,highway,23.86,3.47,23.28,3.71,3.517,2,0,0
SEG_DIST_AR1,district,3.27,31.26,-1.94,32.07,0.689,0,0,0
SEG_STATE_MN2,state,66.5,18.55,63.41,27.25,2.031,3,0,1
SEG_STATE_MN2,state,24.54,9.84,22.9,25.06,2.006,0,0,0
SEG_RURAL_NL1,rural,29.78,1.36,29.55,45.84,0.05,1,0,1
SEG_DIST_AR1,district,7.51,9.44,5.94,26.42,0.657,7,0,1
SEG_HWY_NH37,highway,18.22,9.89,16.57,0.26,2.908,4,1,1
SEG_STATE_MN2,state,66.88,12.06,64.87,23.67,1.727,5,0,1
SEG_RURAL_TR1,rural,5.21,35.24,-0.67,42.88,0.363,1,0,1
SEG_RURAL_NL1,rural,28.23,7.77,26.94,37.96,0.05,8,0,1
SEG_HWY_NH27,highway,14.24,19.33,11.02,6.51,5.494,1,0,0
SEG_STATE_MN2,state,3.06,11.48,1.14,15.11,2.399,3,0,0
SEG_RURAL_TR1,rural,36.42,10.39,34.69,54.47,0.05,1,1,1
SEG_HWY_NH27,highway,23.58,5.42,22.68,0.03,5.721,4,0,0
SEG_HWY_NH37,highway,16.48,12.04,14.47,6.8,3.39,3,0,0
SEG_DIST_MZ1,district,34.84,4.13,34.15,35.24,0.219,1,0,1
SEG_DIST_MZ1,district,21.1,4.35,20.38,33.45,0.307,4,0,1
SEG_STATE_AS1,state,2.67,2.78,2.2,24.67,1.654,4,0,1
SEG_RURAL_NL1,rural,55.74,6.86,54.6,31.08,0.408,4,0,1
SEG_RURAL_NL1,rural,9.07,13.05,6.9,30.07,0.335,2,0,0
SEG_DIST_MZ1,district,44.47,11.5,42.55,27.82,0.694,0,0,1
SEG_STATE_AS1,state,91.65,46.52,83.89,10.73,1.593,8,1,1
SEG_RURAL_TR1,rural,27.23,22.3,23.51,48.38,0.206,2,0,0
SEG_HWY_NH27,highway,50.14,11.02,48.3,3.88,5.065,1,1,0
SEG_HWY_NH37,highway,5.85,0.39,5.78,2.56,3.347,14,0,1
SEG_HWY_NH27,highway,20.72,37.2,14.52,6.27,5.508,1,0,0
SEG_HWY_NH37,highway,10.22,22.39,6.49,13.9,2.87,3,0,0
SEG_DIST_AR1,district,20.49,27.63,15.88,28.92,0.186,0,0,0
SEG_STATE_MN2,state,23.71,28.19,19.01,20.81,2.106,5,0,0
SEG_HWY_NH37,highway,47.11,14.08,44.76,7.02,3.58,4,0,0
SEG_HWY_NH37,highway,13.01,8.91,11.52,4.14,2.984,10,0,0
SEG_RURAL_NL1,rural,6.5,5.47,5.59,38.57,0.338,3,0,0
SEG_DIST_AR1,district,21.45,44.74,13.99,40.62,0.31,4,0,1
SEG_RURAL_NL1,rural,13.74,9.87,12.1,47.97,0.254,5,0,0
SEG_RURAL_NL1,rural,3.46,21.5,-0.12,45.62,0.647,1,0,1
SEG_RURAL_NL1,rural,40.69,4.4,39.96,52.22,0.05,2,0,1
SEG_HWY_NH27,highway,58.87,6.26,57.83,14.09,5.31,10,1,1
SEG_STATE_AS1,state,25.63,10.38,23.9,12.51,1.957,2,0,0
SEG_DIST_AR1,district,83.98,7.75,82.69,23.01,1.235,0,1,0
SEG_HWY_NH27,highway,14.2,26.66,9.75,5.69,4.964,2,0,0
SEG_DIST_AR1,district,3.91,10.92,2.09,28.94,1.054,3,0,0
SEG_HWY_NH27,highway,65.38,18.79,62.25,2.23,5.388,3,0,0
SEG_STATE_MN2,state,7.22,4.44,6.48,22.9,2.238,2,0,1
SEG_STATE_AS1,state,94.69,12.1,92.67,11.82,1.436,5,0,1
SEG_DIST_MZ1,district,7.41,11.0,5.57,30.67,0.102,0,0,0
SEG_RURAL_NL1,rural,18.53,2.81,18.06,43.65,0.132,0,0,0
SEG_HWY_NH27,highway,36.06,1.89,35.75,8.52,5.428,0,0,0
SEG_DIST_AR1,district,55.12,21.09,51.6,29.44,0.926,3,1,1
SEG_RURAL_NL1,rural,85.97,30.67,80.86,41.04,0.715,2,0,1
SEG_STATE_MN2,state,37.12,8.25,35.74,18.87,1.343,2,1,1
SEG_HWY_NH37,highway,36.4,18.27,33.35,3.65,2.984,8,0,1
SEG_STATE_MN2,state,32.97,11.47,31.06,23.94,2.058,1,0,1
SEG_HWY_NH27,highway,22.15,8.8,20.68,0.0,5.05,0,0,0
SEG_RURAL_NL1,rural,25.12,8.19,23.75,40.05,0.05,4,0,0
SEG_HWY_NH27,highway,16.23,11.45,14.32,6.36,4.984,1,1,0
SEG_RURAL_TR1,rural,81.93,29.8,76.96,39.1,0.705,2,0,0
SEG_HWY_NH37,highway,49.71,2.62,49.27,1.95,3.229,2,0,0
SEG_DIST_AR1,district,10.01,23.15,6.16,32.78,0.648,1,0,1
SEG_STATE_AS1,state,6.17,6.34,5.11,23.7,1.693,1,0,1
SEG_HWY_NH27,highway,35.5,5.48,34.58,11.62,4.707,1,0,0
SEG_HWY_NH37,highway,9.97,27.77,5.34,4.58,2.86,4,0,0
SEG_STATE_AS1,state,54.41,10.84,52.61,14.48,1.03,4,1,0
SEG_HWY_NH37,highway,40.19,5.9,39.21,6.55,2.909,0,0,0
SEG_STATE_AS1,state,16.18,18.8,13.05,16.35,1.389,1,0,1
SEG_RURAL_TR1,rural,24.84,20.23,21.47,46.64,0.05,1,0,1
SEG_DIST_MZ1,district,31.47,50.05,23.13,40.38,0.963,2,0,1
SEG_DIST_AR1,district,43.6,2.1,43.25,24.07,1.028,0,0,0
SEG_STATE_AS1,state,23.78,16.28,21.06,16.76,1.628,1,0,0
SEG_DIST_MZ1,district,78.83,10.48,77.08,24.75,0.192,10,1,1
SEG_STATE_AS1,state,100.66,13.26,98.45,7.82,1.713,5,0,0
SEG_DIST_AR1,district,13.45,9.7,11.83,34.08,0.131,0,0,0
SEG_HWY_NH27,highway,31.08,24.7,26.96,8.33,4.679,1,0,0
SEG_HWY_NH37,highway,63.38,8.66,61.94,9.74,3.263,4,0,0
SEG_DIST_MZ1,district,6.91,5.36,6.02,30.23,0.563,2,0,0
SEG_RURAL_NL1,rural,58.94,22.89,55.13,41.79,0.05,2,0,1
SEG_DIST_AR1,district,10.96,4.09,10.28,36.11,1.017,3,0,0
SEG_HWY_NH27,highway,14.89,19.62,11.62,8.56,4.705,0,0,0
SEG_DIST_AR1,district,25.23,4.22,24.53,34.74,1.024,1,0,0
SEG_HWY_NH27,highway,18.0,21.68,14.38,5.04,5.072,7,0,1
SEG_RURAL_TR1,rural,30.94,8.54,29.51,45.2,0.314,1,0,1
SEG_RURAL_TR1,rural,58.58,4.34,57.86,42.52,0.282,6,0,0
SEG_DIST_MZ1,district,40.85,20.18,37.48,27.3,0.315,2,0,0
SEG_HWY_NH37,highway,14.95,10.06,13.27,8.01,3.175,1,0,0
SEG_RURAL_TR1,rural,81.35,15.79,78.72,43.8,0.362,3,0,1
SEG_STATE_AS1,state,12.67,1.99,12.34,19.17,1.813,5,0,0
SEG_DIST_MZ1,district,8.9,11.13,7.05,38.5,0.5,3,0,0
SEG_STATE_AS1,state,26.73,6.27,25.68,17.28,1.842,11,0,0
SEG_DIST_AR1,district,70.73,53.54,61.81,27.36,1.523,0,0,0
SEG_HWY_NH27,highway,7.08,24.2,3.05,10.07,5.364,5,0,0
SEG_HWY_NH27,highway,22.39,10.62,20.62,7.22,5.254,1,0,0
SEG_STATE_MN2,state,48.53,25.39,44.29,21.87,2.091,1,0,0
SEG_HWY_NH37,highway,11.86,17.2,8.99,1.0,2.827,0,0,0
SEG_HWY_NH37,highway,21.09,35.59,15.16,2.63,2.663,5,0,1
SEG_HWY_NH37,highway,15.64,29.76,10.68,14.31,2.771,1,0,0
SEG_STATE_MN2,state,23.22,16.82,20.42,20.33,1.938,0,0,1
SEG_HWY_NH37,highway,7.13,2.69,6.68,8.25,2.961,1,0,1
SEG_RURAL_TR1,rural,35.29,6.61,34.19,51.86,0.328,4,0,1
SEG_DIST_MZ1,district,27.73,32.25,22.35,37.66,0.35,0,0,1
SEG_RURAL_NL1,rural,28.94,7.19,27.74,33.73,0.089,5,0,1
SEG_STATE_AS1,state,5.36,12.99,3.2,25.79,1.422,1,0,0
SEG_STATE_AS1,state,10.27,18.24,7.23,10.37,1.175,2,0,0
SEG_HWY_NH37,highway,36.09,10.82,34.29,5.13,3.084,4,0,1
SEG_RURAL_NL1,rural,14.24,9.8,12.61,34.43,0.21,0,0,1
SEG_STATE_MN2,state,14.26,15.91,11.61,26.04,2.042,1,0,0
SEG_DIST_MZ1,district,25.08,8.62,23.65,30.03,0.533,9,0,1
SEG_STATE_MN2,state,23.06,4.07,22.38,16.52,2.458,2,0,1
SEG_RURAL_NL1,rural,30.27,7.85,28.97,32.78,0.122,3,0,1
SEG_DIST_MZ1,district,22.84,7.92,21.52,36.72,0.176,4,0,0
SEG_DIST_AR1,district,13.11,1.57,12.85,28.4,0.421,6,0,0
SEG_HWY_NH27,highway,22.92,15.57,20.32,0.0,5.57,0,0,0
SEG_DIST_MZ1,district,13.15,19.71,9.86,29.67,0.467,4,0,1
SEG_HWY_NH27,highway,45.25,3.76,44.62,7.43,4.812,1,0,0
SEG_HWY_NH37,highway,18.73,24.35,14.67,0.0,3.319,1,0,1
SEG_STATE_AS1,state,23.14,28.51,18.39,7.12,1.765,5,0,0
SEG_STATE_MN2,state,41.19,1.28,40.97,28.91,2.088,4,0,1
SEG_HWY_NH37,highway,3.46,24.09,-0.56,9.45,3.351,5,0,0
SEG_RURAL_NL1,rural,37.27,10.92,35.45,32.9,0.694,1,1,1
SEG_HWY_NH27,highway,55.6,14.45,53.19,7.17,4.802,4,1,0
SEG_RURAL_TR1,rural,39.47,18.52,36.38,46.5,0.05,0,0,1
SEG_DIST_AR1,district,20.61,14.07,18.26,33.73,1.217,3,0,1
SEG_DIST_AR1,district,50.99,37.74,44.7,32.79,0.944,3,1,0
SEG_DIST_MZ1,district,30.95,6.12,29.93,32.97,0.865,7,1,1
SEG_HWY_NH27,highway,21.07,16.71,18.28,16.99,5.056,0,0,0
SEG_RURAL_TR1,rural,24.05,26.13,19.7,45.16,0.63,7,0,1
SEG_HWY_NH37,highway,66.48,2.63,66.04,8.72,3.253,4,1,1
SEG_DIST_MZ1,district,9.63,30.96,4.47,35.6,0.801,1,0,0
SEG_STATE_MN2,state,6.38,11.11,4.53,23.16,2.104,3,0,0
SEG_DIST_AR1,district,1.6,6.32,0.55,23.52,0.691,1,0,0
SEG_DIST_AR1,district,12.81,6.59,11.71,25.56,0.282,9,1,0
SEG_STATE_MN2,state,21.83,10.49,20.08,16.98,2.734,2,0,0
SEG_RURAL_TR1,rural,51.03,11.94,49.04,43.15,0.248,1,0,1
SEG_DIST_MZ1,district,61.07,13.65,58.8,40.88,0.34,1,0,1
SEG_RURAL_TR1,rural,13.61,21.74,9.99,44.42,0.239,0,0,1
SEG_STATE_MN2,state,19.08,15.46,16.5,16.34,2.231,1,0,0
SEG_STATE_MN2,state,20.37,14.17,18.01,19.34,1.847,4,0,1
SEG_STATE_AS1,state,14.74,11.33,12.85,13.46,1.96,1,1,1
SEG_HWY_NH37,highway,42.64,8.84,41.16,0.0,3.177,8,0,0
SEG_RURAL_NL1,rural,38.14,14.49,35.73,37.26,0.456,10,0,1
SEG_HWY_NH37,highway,6.47,22.27,2.76,8.24,3.274,0,0,0
SEG_STATE_MN2,state,26.03,18.1,23.02,26.6,2.013,1,0,0
SEG_DIST_MZ1,district,26.87,9.06,25.36,37.23,0.659,2,0,0
SEG_HWY_NH37,highway,23.28,7.14,22.09,7.1,2.824,7,0,1
SEG_DIST_MZ1,district,59.92,11.09,58.07,45.13,0.164,3,0,1
SEG_HWY_NH37,highway,27.43,18.22,24.39,0.04,3.246,2,1,1
SEG_RURAL_NL1,rural,8.56,12.21,6.52,36.19,0.758,2,0,1
SEG_DIST_AR1,district,4.46,6.9,3.31,30.88,0.191,5,0,0
SEG_HWY_NH27,highway,38.61,34.14,32.92,12.51,5.079,3,0,1
SEG_STATE_MN2,state,23.85,12.2,21.82,26.82,2.17,1,1,0
SEG_STATE_MN2,state,3.91,13.68,1.63,22.1,1.727,0,1,0
SEG_RURAL_NL1,rural,7.47,28.36,2.74,38.52,0.213,4,0,1
SEG_RURAL_TR1,rural,8.89,24.02,4.89,51.67,0.197,2,0,0
SEG_HWY_NH37,highway,57.28,51.16,48.76,10.16,2.97,0,0,0
SEG_STATE_AS1,state,18.19,46.18,10.49,20.7,1.792,2,0,1
SEG_DIST_AR1,district,46.27,7.36,45.05,33.96,1.091,3,0,0
SEG_HWY_NH27,highway,65.1,19.7,61.81,17.15,3.964,4,0,0
SEG_HWY_NH37,highway,22.62,5.62,21.68,1.81,2.733,2,0,0
SEG_STATE_MN2,state,11.18,4.46,10.44,18.18,2.302,3,0,0
SEG_RURAL_NL1,rural,50.21,5.62,49.27,40.23,0.723,1,0,0
SEG_DIST_MZ1,district,11.73,8.96,10.24,27.93,0.491,2,0,0
SEG_RURAL_TR1,rural,58.09,14.76,55.63,49.98,0.232,1,0,1
SEG_HWY_NH27,highway,14.35,1.26,14.14,11.03,5.266,1,0,1
SEG_HWY_NH27,highway,85.33,10.35,83.6,20.07,4.712,3,1,0
SEG_STATE_AS1,state,7.69,11.57,5.76,16.99,1.646,7,0,0
SEG_RURAL_NL1,rural,55.02,1.15,54.82,40.12,0.05,2,0,0
SEG_HWY_NH27,highway,33.75,36.34,27.69,9.69,4.974,1,0,0
SEG_HWY_NH37,highway,19.03,26.0,14.7,2.88,3.185,7,0,0
SEG_RURAL_NL1,rural,7.19,17.91,4.2,42.32,0.303,5,0,1
SEG_STATE_AS1,state,36.13,16.76,33.33,14.97,1.517,1,0,0
SEG_STATE_MN2,state,26.21,27.13,21.69,23.94,2.131,8,0,0
SEG_DIST_AR1,district,40.6,54.7,31.48,40.37,0.759,0,0,1
SEG_DIST_AR1,district,33.92,14.61,31.48,27.39,1.03,1,0,1
SEG_DIST_MZ1,district,14.77,2.88,14.29,37.22,0.46,1,0,1
SEG_RURAL_NL1,rural,16.02,20.05,12.68,35.06,0.632,7,0,1
SEG_DIST_MZ1,district,17.12,3.97,16.46,38.88,0.173,3,0,1
SEG_DIST_MZ1,district,39.5,4.79,38.7,35.9,0.449,6,1,1
SEG_RURAL_TR1,rural,46.68,6.03,45.68,43.5,0.584,2,0,0
SEG_DIST_AR1,district,9.34,41.37,2.45,26.85,1.071,4,0,0
SEG_STATE_MN2,state,19.38,24.07,15.37,29.18,2.249,0,0,0
SEG_HWY_NH27,highway,7.37,23.77,3.41,10.9,4.941,3,0,0
SEG_STATE_MN2,state,99.49,24.42,95.42,22.71,1.721,6,0,1
SEG_STATE_AS1,state,31.9,19.58,28.63,21.66,1.465,0,0,1
SEG_HWY_NH27,highway,1.85,9.96,0.19,14.26,5.361,4,0,0
SEG_STATE_AS1,state,5.09,21.97,1.43,24.83,1.723,7,0,1
SEG_HWY_NH27,highway,12.7,8.57,11.27,11.83,5.507,12,0,1
SEG_STATE_AS1,state,25.77,13.06,23.59,23.8,1.522,2,0,0
SEG_RURAL_TR1,rural,29.69,14.01,27.36,44.41,0.171,1,0,1
SEG_RURAL_TR1,rural,57.61,12.7,55.49,46.18,0.05,5,1,1
SEG_DIST_MZ1,district,20.67,15.64,18.06,32.55,0.164,0,0,0
SEG_RURAL_NL1,rural,11.75,11.02,9.92,41.82,0.05,4,0,1
SEG_HWY_NH27,highway,27.47,9.99,25.8,8.77,5.137,5,0,1
SEG_DIST_MZ1,district,7.51,45.88,-0.13,33.72,0.05,5,0,1
SEG_STATE_MN2,state,30.62,2.27,30.24,23.11,1.985,3,0,1
SEG_RURAL_TR1,rural,27.28,17.66,24.33,33.82,0.05,6,0,0
SEG_DIST_AR1,district,52.26,37.81,45.95,31.22,0.884,1,0,1
SEG_RURAL_TR1,rural,38.18,8.41,36.78,37.65,0.281,5,0,0
SEG_DIST_AR1,district,22.72,13.1,20.54,30.32,0.716,1,0,0
SEG_HWY_NH27,highway,11.77,19.94,8.45,6.82,4.984,4,0,0
SEG_HWY_NH27,highway,22.04,11.58,20.11,8.19,5.109,5,0,0
SEG_STATE_AS1,state,10.81,19.46,7.57,22.97,0.83,0,0,0
SEG_DIST_AR1,district,12.74,2.67,12.3,33.4,0.482,2,0,1
SEG_HWY_NH37,highway,27.37,1.86,27.06,0.0,2.905,1,0,0
SEG_STATE_MN2,state,24.33,18.98,21.16,20.35,2.32,3,0,0
SEG_DIST_MZ1,district,37.38,13.22,35.18,41.01,0.05,2,0,1
SEG_STATE_AS1,state,69.75,4.99,68.92,9.93,1.871,0,1,1
SEG_HWY_NH27,highway,34.25,43.82,26.95,0.0,4.536,3,0,0
SEG_STATE_MN2,state,27.43,49.43,19.19,22.75,1.505,2,0,0
SEG_DIST_MZ1,district,21.79,9.7,20.17,34.31,0.403,1,0,0
SEG_RURAL_NL1,rural,64.27,5.08,63.42,45.71,0.782,0,1,1
SEG_HWY_NH37,highway,27.73,0.28,27.68,2.74,2.621,0,0,0
SEG_DIST_AR1,district,39.32,20.36,35.92,28.27,0.524,5,0,1
SEG_DIST_AR1,district,31.37,12.44,29.3,30.75,0.564,2,0,1
SEG_STATE_AS1,state,46.71,6.41,45.64,19.93,1.622,3,0,0
SEG_HWY_NH37,highway,38.88,4.88,38.06,6.45,2.855,1,0,0
SEG_RURAL_NL1,rural,17.61,3.07,17.1,43.96,0.633,1,0,1
SEG_RURAL_TR1,rural,33.81,7.69,32.53,44.74,0.175,1,0,1
SEG_STATE_MN2,state,26.74,8.39,25.34,26.38,1.963,1,0,0
SEG_HWY_NH27,highway,42.18,10.9,40.36,10.43,4.868,2,0,1
SEG_RURAL_TR1,rural,4.08,2.63,3.65,39.92,0.365,1,1,1
SEG_HWY_NH27,highway,25.24,16.25,22.54,0.0,4.883,0,0,0
SEG_STATE_AS1,state,22.85,12.14,20.82,7.25,1.89,0,0,0
SEG_HWY_NH27,highway,28.22,20.57,24.79,0.58,5.054,3,0,0
SEG_HWY_NH37,highway,13.46,5.47,12.54,6.07,2.584,1,0,0
SEG_HWY_NH37,highway,105.67,18.73,102.55,14.42,2.733,11,0,0
SEG_STATE_MN2,state,20.96,20.32,17.58,23.09,1.892,2,0,1
SEG_STATE_AS1,state,23.15,2.59,22.72,23.23,1.695,13,0,0
SEG_STATE_MN2,state,30.35,8.12,29.0,28.36,2.448,2,0,0
SEG_RURAL_NL1,rural,16.94,7.36,15.71,35.93,0.456,0,0,0
SEG_DIST_MZ1,district,46.26,22.91,42.44,36.0,0.247,3,0,1
SEG_HWY_NH27,highway,4.7,12.67,2.59,2.35,5.327,4,0,0
SEG_DIST_AR1,district,33.63,10.07,31.95,28.16,1.077,7,0,1
SEG_HWY_NH27,highway,23.78,19.37,20.56,9.31,5.147,3,0,0
SEG_HWY_NH37,highway,20.2,11.77,18.24,8.14,2.298,2,0,1
SEG_HWY_NH27,highway,20.46,15.82,17.82,13.38,5.204,5,0,1
SEG_STATE_MN2,state,46.89,18.29,43.84,22.92,2.011,3,0,0
SEG_RURAL_TR1,rural,42.84,26.26,38.47,38.72,0.05,2,1,1
SEG_STATE_AS1,state,20.07,5.1,19.22,14.36,1.285,0,1,1
SEG_HWY_NH27,highway,42.86,2.24,42.48,14.94,4.782,3,0,1
SEG_DIST_MZ1,district,17.12,5.29,16.23,34.16,0.271,6,0,0
SEG_HWY_NH27,highway,36.98,19.38,33.75,9.35,5.288,1,0,0
SEG_HWY_NH37,highway,22.71,61.26,12.5,0.75,3.069,2,0,0
SEG_RURAL_TR1,rural,4.42,2.07,4.07,47.7,0.05,3,0,1
SEG_HWY_NH37,highway,3.47,4.55,2.71,0.0,3.368,3,0,0
SEG_STATE_AS1,state,54.19,44.04,46.85,19.84,1.36,0,0,1
SEG_RURAL_NL1,rural,54.34,7.74,53.05,32.66,0.1,2,0,1
SEG_RURAL_NL1,rural,34.98,8.27,33.6,42.69,0.363,8,0,1
SEG_RURAL_TR1,rural,85.95,22.86,82.15,47.27,0.47,3,1,0
SEG_HWY_NH37,highway,120.37,2.37,119.98,14.87,3.222,2,1,0
SEG_RURAL_NL1,rural,23.21,14.02,20.88,45.46,0.764,1,0,1
SEG_RURAL_NL1,rural,12.5,24.54,8.41,40.64,0.05,5,0,1
SEG_STATE_AS1,state,6.33,14.6,3.89,17.39,1.791,2,0,0
SEG_DIST_MZ1,district,65.33,18.5,62.25,35.96,0.178,4,0,1
SEG_STATE_MN2,state,23.01,18.93,19.86,28.9,1.613,2,1,0
SEG_STATE_AS1,state,14.13,5.32,13.25,20.34,1.438,1,0,0
SEG_DIST_AR1,district,9.43,46.23,1.72,29.58,1.089,0,0,0
SEG_DIST_AR1,district,25.89,7.6,24.62,29.49,0.704,0,0,1
SEG_RURAL_TR1,rural,22.7,4.6,21.93,37.59,0.507,4,0,0
SEG_STATE_AS1,state,23.43,5.51,22.51,27.32,0.958,2,0,1
SEG_HWY_NH37,highway,25.57,22.44,21.83,2.82,3.343,3,0,0
SEG_STATE_MN2,state,57.2,12.91,55.05,17.19,1.93,1,1,0
SEG_DIST_AR1,district,14.32,14.25,11.94,31.53,1.554,7,0,0
SEG_RURAL_TR1,rural,60.92,30.25,55.87,45.13,0.222,1,0,0
SEG_RURAL_NL1,rural,12.42,14.82,9.95,39.01,0.05,0,0,0
SEG_RURAL_TR1,rural,1.12,13.27,-1.09,41.83,0.208,4,0,0
SEG_HWY_NH37,highway,43.85,0.07,43.83,3.89,2.862,1,0,0
SEG_HWY_NH27,highway,42.46,9.57,40.86,1.89,4.794,0,0,0
SEG_DIST_AR1,district,9.97,3.31,9.42,32.94,0.73,15,0,1
SEG_RURAL_NL1,rural,37.77,5.51,36.85,41.53,0.43,2,0,1
SEG_STATE_AS1,state,6.21,5.78,5.24,17.82,1.495,1,0,0
SEG_RURAL_NL1,rural,22.81,9.64,21.21,45.27,0.078,3,0,0
SEG_STATE_MN2,state,50.79,6.27,49.75,31.87,1.71,0,0,1
SEG_STATE_MN2,state,36.51,29.44,31.61,25.01,2.084,1,0,0
SEG_HWY_NH37,highway,12.3,12.54,10.21,10.04,2.933,1,0,0
SEG_RURAL_NL1,rural,93.12,16.98,90.29,31.39,0.05,0,0,1
SEG_DIST_MZ1,district,18.78,14.15,16.42,29.48,0.68,2,1,1
SEG_RURAL_TR1,rural,13.39,23.04,9.55,46.54,0.05,8,0,1
SEG_RURAL_TR1,rural,13.82,26.28,9.44,42.26,0.05,1,0,0
SEG_DIST_MZ1,district,9.42,5.3,8.53,39.07,0.291,1,0,1
SEG_DIST_MZ1,district,52.54,9.25,51.0,34.54,0.374,5,0,0
SEG_RURAL_NL1,rural,36.66,8.93,35.17,44.68,0.449,2,0,1
SEG_DIST_AR1,district,9.88,22.08,6.2,34.36,0.857,4,0,1
SEG_STATE_AS1,state,21.4,3.2,20.87,12.94,1.236,11,0,1
SEG_HWY_NH37,highway,23.74,32.62,18.3,0.0,3.432,0,0,0
SEG_DIST_MZ1,district,45.43,18.1,42.42,32.01,0.05,12,0,1
SEG_STATE_MN2,state,16.58,19.21,13.38,16.17,2.072,2,0,0
SEG_HWY_NH37,highway,17.88,7.67,16.61,0.0,3.165,1,1,0
SEG_DIST_AR1,district,32.05,4.99,31.22,23.45,0.845,4,0,1
SEG_HWY_NH37,highway,14.11,9.47,12.53,1.85,2.633,0,0,0
SEG_RURAL_TR1,rural,7.5,21.03,4.0,49.67,0.372,2,0,1
SEG_DIST_MZ1,district,68.44,1.61,68.17,32.23,0.58,3,1,1
SEG_STATE_MN2,state,20.22,22.71,16.43,24.61,2.129,1,0,1
SEG_STATE_AS1,state,2.46,13.28,0.25,13.3,1.669,2,0,0
SEG_HWY_NH27,highway,7.74,7.55,6.49,14.47,5.05,5,0,0
SEG_STATE_MN2,state,57.4,11.05,55.56,16.06,1.33,0,0,1
SEG_STATE_MN2,state,36.66,22.85,32.85,27.73,1.835,0,0,0
SEG_DIST_AR1,district,21.45,1.32,21.23,37.96,0.598,4,0,1
SEG_HWY_NH37,highway,17.55,7.21,16.35,3.73,2.845,8,0,0
SEG_STATE_MN2,state,61.61,6.46,60.53,26.45,2.103,7,0,0
SEG_RURAL_NL1,rural,17.86,18.61,14.76,38.81,0.05,1,0,1
SEG_DIST_MZ1,district,15.22,9.08,13.71,42.19,0.83,6,0,1
SEG_STATE_AS1,state,24.89,8.25,23.52,21.98,1.195,2,1,1
SEG_STATE_AS1,state,23.2,5.42,22.3,15.84,1.539,4,0,0
SEG_STATE_MN2,state,23.05,12.91,20.9,20.23,1.922,4,0,0
SEG_DIST_MZ1,district,22.73,11.56,20.81,29.26,0.208,0,0,0
SEG_DIST_MZ1,district,27.12,3.41,26.55,42.52,0.52,1,0,0
SEG_HWY_NH37,highway,47.14,6.65,46.04,9.19,3.058,9,0,1
SEG_DIST_MZ1,district,7.94,10.82,6.14,29.14,0.386,1,0,1
SEG_STATE_AS1,state,27.84,10.05,26.17,20.74,1.271,7,0,0
SEG_STATE_MN2,state,21.67,28.59,16.91,16.02,1.662,3,0,0
SEG_RURAL_TR1,rural,77.45,47.39,69.55,51.97,0.208,2,0,1
SEG_DIST_AR1,district,75.31,33.57,69.72,26.6,0.647,1,1,1
SEG_STATE_AS1,state,17.88,5.72,16.93,22.7,1.36,3,1,0
SEG_RURAL_TR1,rural,24.42,1.76,24.13,46.5,0.05,3,0,1
SEG_HWY_NH37,highway,20.71,25.23,16.51,6.23,3.236,2,0,0
SEG_HWY_NH27,highway,9.92,14.48,7.51,5.51,4.217,5,1,0
SEG_HWY_NH37,highway,60.42,40.66,53.64,0.0,2.872,3,0,0
SEG_STATE_MN2,state,13.19,10.74,11.4,21.41,1.379,1,0,0
SEG_STATE_MN2,state,11.37,11.98,9.38,16.49,1.735,4,0,0
SEG_HWY_NH37,highway,20.24,13.26,18.03,9.36,2.843,3,0,1
SEG_RURAL_TR1,rural,27.99,17.42,25.09,43.99,0.307,0,0,1
SEG_HWY_NH37,highway,18.97,31.86,13.66,5.51,2.934,2,0,0
SEG_DIST_MZ1,district,43.86,5.86,42.89,33.99,0.49,4,1,1
SEG_STATE_MN2,state,39.16,1.08,38.98,20.67,1.662,5,0,1
SEG_STATE_AS1,state,2.23,2.29,1.85,15.74,1.48,3,0,1
SEG_DIST_MZ1,district,24.17,25.48,19.93,37.02,0.05,1,1,0
SEG_STATE_AS1,state,54.06,5.2,53.2,13.3,1.102,1,0,1
SEG_DIST_MZ1,district,55.77,4.11,55.08,33.11,0.595,0,0,0
SEG_HWY_NH37,highway,16.54,16.33,13.82,5.41,2.951,6,0,0
SEG_HWY_NH37,highway,33.3,10.21,31.6,3.8,2.931,0,0,0
SEG_STATE_AS1,state,20.9,9.41,19.34,14.1,1.428,6,0,0
SEG_STATE_AS1,state,44.97,7.54,43.72,14.88,1.392,1,0,0
SEG_HWY_NH27,highway,25.77,21.64,22.17,14.28,4.584,1,1,0
SEG_DIST_MZ1,district,18.79,2.25,18.41,39.06,0.545,0,0,0
SEG_HWY_NH27,highway,12.65,15.13,10.13,0.0,5.514,4,0,0
SEG_DIST_MZ1,district,31.16,17.8,28.19,34.56,0.615,5,1,1
SEG_RURAL_NL1,rural,28.06,6.73,26.94,49.38,0.496,7,0,1
SEG_HWY_NH27,highway,24.88,17.05,22.04,10.69,4.806,1,0,0
SEG_DIST_MZ1,district,9.99,27.78,5.36,39.0,0.424,6,0,1
SEG_DIST_AR1,district,10.3,31.57,5.04,30.87,0.948,0,1,1
SEG_DIST_MZ1,district,78.34,11.85,76.36,39.37,0.05,2,1,1
SEG_STATE_AS1,state,37.3,5.13,36.45,18.94,1.006,2,1,1
SEG_STATE_AS1,state,28.74,20.43,25.34,15.04,0.952,2,0,0
SEG_RURAL_NL1,rural,20.48,8.81,19.01,42.23,0.446,3,0,1
SEG_RURAL_TR1,rural,40.81,7.86,39.5,45.83,0.556,0,0,0
SEG_DIST_MZ1,district,64.88,3.83,64.24,36.88,0.566,1,1,1
SEG_STATE_AS1,state,62.32,4.5,61.57,24.96,1.603,1,1,1
SEG_DIST_MZ1,district,30.15,9.5,28.57,41.2,0.05,3,0,1
SEG_STATE_MN2,state,27.42,16.16,24.73,20.04,2.163,8,0,0
SEG_STATE_AS1,state,23.37,10.31,21.65,16.79,1.163,1,0,0
SEG_RURAL_NL1,rural,16.48,30.28,11.43,36.26,0.69,3,0,1
SEG_DIST_AR1,district,43.55,1.65,43.28,25.32,1.266,1,0,0
SEG_DIST_AR1,district,47.37,24.19,43.34,27.91,1.366,6,0,1
SEG_STATE_AS1,state,46.34,1.1,46.16,21.42,1.877,0,0,0
SEG_STATE_AS1,state,15.95,26.31,11.57,18.59,1.5,1,0,0
SEG_HWY_NH37,highway,34.61,5.18,33.75,8.95,2.854,3,0,0
SEG_RURAL_NL1,rural,56.89,15.49,54.31,40.03,0.555,1,0,0
SEG_HWY_NH37,highway,32.04,2.81,31.57,10.39,2.914,5,0,0
SEG_STATE_AS1,state,3.31,13.0,1.14,18.46,1.624,1,0,0
SEG_DIST_MZ1,district,10.79,29.62,5.85,30.17,0.119,3,0,1
SEG_STATE_MN2,state,2.41,3.01,1.91,26.09,2.236,4,0,0
SEG_HWY_NH27,highway,17.82,15.75,15.2,6.23,5.026,0,0,0
SEG_RURAL_TR1,rural,41.73,12.14,39.7,45.28,0.05,7,0,1
SEG_STATE_AS1,state,38.89,17.3,36.0,12.37,1.173,1,0,0
SEG_DIST_MZ1,district,20.31,12.86,18.17,38.21,0.839,3,0,0
SEG_HWY_NH27,highway,47.42,5.06,46.57,8.39,5.124,3,0,0
SEG_STATE_MN2,state,10.54,1.41,10.3,16.36,2.455,1,0,0
SEG_DIST_MZ1,district,17.96,60.15,7.94,28.99,0.853,7,0,0
SEG_DIST_MZ1,district,19.98,11.56,18.05,38.73,0.822,8,0,0
SEG_STATE_AS1,state,4.47,14.46,2.06,13.85,1.276,2,1,0
SEG_HWY_NH27,highway,10.56,3.21,10.03,4.78,5.055,2,0,0
SEG_DIST_MZ1,district,7.38,0.85,7.24,30.73,0.336,3,1,0
SEG_RURAL_TR1,rural,8.24,22.13,4.55,48.0,0.199,0,0,0
SEG_HWY_NH37,highway,32.25,4.41,31.51,9.73,3.097,6,0,1
SEG_DIST_AR1,district,13.44,10.6,11.67,33.95,0.606,9,0,1
SEG_STATE_MN2,state,24.77,7.58,23.51,19.83,2.561,1,0,1
SEG_STATE_MN2,state,73.85,13.29,71.63,21.73,2.324,1,1,1
SEG_HWY_NH27,highway,20.55,11.22,18.68,2.83,4.913,0,1,0
SEG_DIST_MZ1,district,1.54,12.98,-0.63,31.79,0.373,0,0,0
SEG_DIST_AR1,district,24.54,3.95,23.89,31.1,0.968,2,0,1
SEG_HWY_NH27,highway,14.73,17.33,11.84,12.67,5.088,4,0,0
SEG_HWY_NH37,highway,12.39,0.65,12.29,0.0,3.197,2,0,0
SEG_HWY_NH37,highway,25.87,3.83,25.24,3.04,3.397,5,0,0
SEG_RURAL_NL1,rural,14.05,3.32,13.5,46.8,0.513,0,0,1
SEG_RURAL_TR1,rural,18.76,19.31,15.54,43.98,0.421,5,0,0
SEG_RURAL_NL1,rural,10.0,1.68,9.72,38.59,0.348,1,0,0
SEG_STATE_AS1,state,24.66,7.35,23.43,16.98,0.975,4,0,0
SEG_RURAL_NL1,rural,47.44,5.54,46.52,42.35,0.28,3,0,1
SEG_RURAL_TR1,rural,32.88,3.73,32.26,43.32,0.577,0,0,0
SEG_RURAL_NL1,rural,13.91,8.33,12.52,41.91,0.479,1,0,0
SEG_DIST_MZ1,district,34.15,53.19,25.29,31.63,0.149,2,0,1
SEG_RURAL_NL1,rural,11.28,16.58,8.52,35.57,0.05,2,0,0
SEG_HWY_NH27,highway,38.99,9.26,37.45,0.0,4.76,4,0,0
SEG_RURAL_TR1,rural,39.37,6.47,38.29,50.58,0.05,6,0,1
SEG_STATE_MN2,state,17.94,1.88,17.62,21.41,1.661,0,0,0
SEG_STATE_AS1,state,50.58,32.34,45.19,16.28,1.18,1,1,1
SEG_RURAL_TR1,rural,25.58,6.63,24.48,40.76,0.121,1,0,1
SEG_HWY_NH27,highway,42.27,8.92,40.78,5.84,4.824,1,0,0
SEG_HWY_NH37,highway,39.79,2.65,39.34,8.2,3.38,3,0,1
SEG_DIST_AR1,district,20.28,16.0,17.61,25.75,0.97,0,0,1
SEG_HWY_NH37,highway,64.03,7.28,62.81,3.92,2.718,5,0,0
SEG_DIST_MZ1,district,21.72,45.04,14.21,29.74,0.611,0,0,1
SEG_DIST_AR1,district,20.91,37.98,14.58,30.51,1.478,0,0,1
SEG_HWY_NH27,highway,17.78,16.73,15.0,9.62,4.738,3,0,0
SEG_HWY_NH27,highway,36.92,7.78,35.62,12.59,4.819,6,0,1
SEG_DIST_MZ1,district,7.16,17.49,4.25,31.19,0.401,0,0,1
SEG_STATE_AS1,state,4.54,3.69,3.92,20.56,0.7,4,0,0
SEG_RURAL_NL1,rural,60.22,16.9,57.4,42.61,0.05,5,0,1
SEG_STATE_AS1,state,26.15,6.93,24.99,17.73,1.468,1,0,1
SEG_HWY_NH27,highway,15.15,29.27,10.27,0.0,5.284,0,0,0
SEG_HWY_NH27,highway,8.77,24.39,4.71,0.25,4.911,6,0,0
SEG_DIST_MZ1,district,20.37,13.73,18.08,41.7,0.502,6,0,0
SEG_RURAL_TR1,rural,24.29,20.56,20.86,46.52,0.053,12,0,1
SEG_HWY_NH37,highway,26.27,41.24,19.4,11.1,2.564,2,0,0
SEG_RURAL_NL1,rural,31.45,14.62,29.01,39.97,0.719,1,0,0
SEG_STATE_AS1,state,40.8,2.72,40.35,29.18,1.997,2,0,0
SEG_RURAL_NL1,rural,16.8,7.6,15.54,41.95,0.05,3,1,1
SEG_STATE_AS1,state,54.03,2.19,53.66,12.52,1.524,1,0,1
SEG_HWY_NH37,highway,35.98,20.92,32.49,9.77,2.908,2,0,0
SEG_HWY_NH27,highway,36.95,26.87,32.47,6.2,5.34,6,0,0
SEG_DIST_MZ1,district,23.26,7.14,22.07,33.34,0.402,7,0,0
SEG_STATE_MN2,state,35.62,23.4,31.72,28.34,1.607,2,0,0
SEG_STATE_MN2,state,8.11,17.72,5.16,22.86,2.476,1,0,1
SEG_RURAL_NL1,rural,50.64,7.82,49.34,42.19,0.05,4,1,1
SEG_DIST_AR1,district,27.12,29.23,22.25,30.93,0.967,4,0,1
SEG_DIST_AR1,district,8.47,10.85,6.66,32.56,1.103,0,0,1
SEG_DIST_AR1,district,13.62,5.32,12.73,30.23,1.095,7,0,0
SEG_STATE_MN2,state,22.18,12.97,20.01,21.08,1.449,0,0,0
SEG_HWY_NH27,highway,23.83,41.65,16.88,3.08,5.2,6,0,0
SEG_HWY_NH37,highway,59.68,14.73,57.23,5.57,2.923,2,0,1
SEG_RURAL_NL1,rural,21.03,18.26,17.99,44.61,0.299,0,1,1
SEG_RURAL_TR1,rural,21.02,7.58,19.75,51.38,0.467,0,1,0
SEG_STATE_AS1,state,26.78,1.46,26.53,18.33,2.386,1,0,0
SEG_HWY_NH37,highway,9.48,10.87,7.67,2.73,2.917,0,0,0
SEG_DIST_MZ1,district,18.09,14.69,15.64,34.78,0.419,8,0,0
SEG_HWY_NH37,highway,16.08,55.12,6.89,13.67,2.836,3,0,0
SEG_RURAL_NL1,rural,11.8,11.65,9.86,34.96,0.415,7,0,0
SEG_HWY_NH27,highway,7.89,19.8,4.59,10.39,4.935,7,0,0
SEG_DIST_AR1,district,19.71,13.38,17.48,22.07,1.17,2,0,0
SEG_RURAL_TR1,rural,60.7,37.49,54.46,50.96,0.133,0,0,0
SEG_STATE_MN2,state,22.11,18.19,19.08,22.08,2.397,4,0,1
SEG_HWY_NH27,highway,9.74,6.25,8.7,9.83,4.183,0,0,0
SEG_HWY_NH37,highway,16.04,35.3,10.16,2.58,2.968,3,0,0
SEG_STATE_MN2,state,23.82,7.08,22.64,28.57,2.241,1,0,1
SEG_STATE_AS1,state,18.78,21.02,15.27,17.47,1.751,0,0,0
SEG_DIST_AR1,district,23.29,18.99,20.13,25.91,0.851,6,0,1
SEG_HWY_NH27,highway,38.33,12.26,36.28,9.01,5.383,2,0,1
SEG_RURAL_TR1,rural,43.37,20.56,39.94,43.87,0.05,4,0,1
SEG_HWY_NH27,highway,27.49,10.54,25.73,12.0,5.119,5,0,1
SEG_DIST_AR1,district,79.67,5.36,78.78,29.09,0.719,3,0,0
SEG_RURAL_NL1,rural,51.14,8.57,49.71,48.26,0.122,7,1,1
SEG_RURAL_TR1,rural,21.19,9.87,19.54,54.53,0.108,0,1,0
SEG_RURAL_TR1,rural,22.86,15.52,20.27,43.35,0.05,4,0,1
SEG_DIST_AR1,district,6.73,19.4,3.49,26.27,1.052,8,0,0
SEG_HWY_NH27,highway,19.34,4.5,18.59,3.78,5.234,8,0,0
SEG_RURAL_NL1,rural,73.29,11.43,71.39,40.0,0.05,0,1,0
SEG_STATE_AS1,state,4.62,1.0,4.45,19.99,1.272,0,0,1
SEG_DIST_MZ1,district,31.68,1.76,31.38,45.42,0.252,1,1,1
SEG_RURAL_NL1,rural,17.4,0.9,17.25,44.27,0.218,2,0,1
SEG_DIST_MZ1,district,42.03,7.22,40.83,31.49,0.761,5,0,1
SEG_STATE_AS1,state,34.64,17.1,31.79,18.67,1.465,4,0,0
SEG_RURAL_TR1,rural,16.39,16.2,13.7,46.4,0.05,3,0,0
SEG_HWY_NH37,highway,47.87,3.94,47.22,5.8,3.265,3,0,0
SEG_DIST_AR1,district,26.1,11.31,24.21,29.9,1.07,0,0,0
SEG_RURAL_TR1,rural,14.68,11.04,12.84,40.08,0.575,2,0,0
SEG_RURAL_TR1,rural,24.74,9.12,23.22,41.57,0.178,4,0,1
SEG_DIST_AR1,district,28.41,4.01,27.74,23.93,0.787,1,0,1
SEG_STATE_MN2,state,29.98,14.27,27.61,21.15,2.103,2,0,0
SEG_DIST_AR1,district,54.41,13.54,52.15,27.54,1.094,2,0,1
SEG_HWY_NH37,highway,19.3,11.8,17.33,10.68,2.957,11,1,0
SEG_STATE_AS1,state,42.28,12.78,40.15,7.83,2.032,4,0,1
SEG_HWY_NH27,highway,20.33,1.33,20.11,11.75,5.045,6,0,0
SEG_HWY_NH27,highway,27.63,9.32,26.08,11.26,5.49,10,0,0
SEG_DIST_MZ1,district,18.77,5.1,17.92,38.9,0.584,2,0,1
SEG_RURAL_NL1,rural,11.36,13.59,9.1,37.91,0.478,13,1,1
SEG_STATE_MN2,state,93.58,5.96,92.59,26.23,1.669,8,1,1
SEG_HWY_NH37,highway,15.3,35.33,9.41,8.65,3.008,3,1,0
SEG_RURAL_NL1,rural,70.34,13.01,68.17,41.54,0.511,3,0,1
SEG_RURAL_NL1,rural,60.44,12.2,58.4,35.92,0.651,4,1,1
SEG_RURAL_TR1,rural,35.69,16.57,32.93,44.03,0.405,1,0,0
SEG_STATE_MN2,state,29.58,17.65,26.64,17.98,1.487,2,0,0
SEG_RURAL_TR1,rural,40.63,16.62,37.86,42.81,0.085,1,0,0
SEG_DIST_AR1,district,6.88,2.26,6.5,32.51,0.603,2,0,0
SEG_HWY_NH27,highway,23.5,14.44,21.1,15.29,5.604,1,0,1
SEG_RURAL_NL1,rural,21.86,16.45,19.11,32.0,0.511,12,0,0
SEG_HWY_NH37,highway,40.24,5.76,39.28,2.37,3.261,3,0,0
SEG_STATE_AS1,state,16.97,11.77,15.01,18.89,1.672,2,0,1
SEG_HWY_NH27,highway,17.19,14.49,14.78,5.78,5.111,4,0,1
SEG_RURAL_TR1,rural,14.54,7.66,13.26,37.18,0.208,4,0,0
SEG_STATE_AS1,state,34.26,2.5,33.84,20.86,1.243,6,0,0
SEG_STATE_AS1,state,35.5,6.67,34.39,16.86,1.418,3,0,1
SEG_STATE_MN2,state,16.6,31.4,11.37,20.35,1.669,0,0,0
SEG_STATE_MN2,state,18.65,12.62,16.55,17.79,2.27,2,0,0
SEG_STATE_AS1,state,47.06,7.38,45.82,22.25,1.336,1,0,0
SEG_HWY_NH37,highway,12.4,0.47,12.32,9.72,2.397,4,0,0
SEG_RURAL_NL1,rural,54.29,0.26,54.25,42.54,0.05,0,1,1
SEG_HWY_NH27,highway,29.28,4.44,28.54,0.15,5.243,12,0,0
SEG_RURAL_NL1,rural,11.15,27.77,6.52,38.14,0.05,1,0,1
SEG_STATE_MN2,state,31.82,5.8,30.85,18.03,1.41,2,0,0
SEG_STATE_AS1,state,31.13,23.17,27.27,20.1,1.244,1,0,0
SEG_DIST_AR1,district,34.71,8.86,33.24,23.84,0.509,4,0,0
SEG_DIST_MZ1,district,15.48,5.03,14.64,29.39,0.625,1,0,1
SEG_HWY_NH27,highway,36.87,17.31,33.99,4.35,4.677,3,0,1
SEG_HWY_NH27,highway,85.22,20.25,81.84,0.0,5.291,0,1,0
SEG_RURAL_NL1,rural,8.07,27.39,3.51,40.98,0.462,3,0,0
SEG_RURAL_NL1,rural,20.58,4.82,19.77,35.05,0.05,3,0,0
SEG_DIST_MZ1,district,14.83,17.21,11.97,42.84,0.255,1,1,0
SEG_DIST_AR1,district,23.53,25.69,19.24,30.45,0.776,1,0,0
SEG_RURAL_TR1,rural,47.09,20.07,43.74,46.77,0.135,1,0,0
SEG_HWY_NH37,highway,35.5,40.21,28.8,3.65,3.286,1,0,0
SEG_RURAL_NL1,rural,20.76,4.58,19.99,38.63,0.05,6,0,1
SEG_HWY_NH27,highway,21.9,15.3,19.35,8.83,5.008,0,0,0
SEG_RURAL_NL1,rural,3.4,9.27,1.86,41.77,0.05,2,0,1
SEG_STATE_AS1,state,31.98,4.43,31.25,21.72,1.011,5,0,0
SEG_STATE_AS1,state,52.19,13.64,49.91,9.16,0.905,1,0,0
SEG_HWY_NH27,highway,30.79,6.77,29.66,9.18,5.117,0,0,0
SEG_HWY_NH27,highway,6.42,50.81,-2.05,8.44,5.156,0,1,1
SEG_HWY_NH27,highway,5.03,9.48,3.45,14.55,5.252,6,0,0
SEG_DIST_AR1,district,7.51,23.58,3.58,24.31,0.761,3,0,0
SEG_DIST_MZ1,district,17.84,0.79,17.71,45.95,0.549,4,0,0
SEG_RURAL_NL1,rural,19.08,9.57,17.48,36.74,0.418,7,0,1
SEG_DIST_AR1,district,63.3,5.85,62.32,30.75,0.616,7,0,0
SEG_RURAL_NL1,rural,41.4,3.91,40.74,41.83,0.085,6,0,1
SEG_RURAL_TR1,rural,21.47,6.11,20.46,41.49,0.05,4,1,1
SEG_RURAL_TR1,rural,13.85,2.46,13.44,41.72,0.891,2,0,1
SEG_HWY_NH37,highway,67.02,1.26,66.81,2.86,2.538,3,1,0
SEG_STATE_AS1,state,19.34,26.35,14.95,16.47,2.166,5,0,0
SEG_DIST_AR1,district,4.63,15.17,2.11,34.42,1.42,2,0,0
SEG_RURAL_NL1,rural,56.4,2.33,56.01,40.64,0.212,1,0,1
SEG_STATE_AS1,state,56.71,3.87,56.06,21.89,1.07,10,0,1
SEG_RURAL_NL1,rural,120.84,12.54,118.75,37.56,0.05,0,1,1
SEG_HWY_NH37,highway,8.63,15.66,6.02,1.22,2.852,7,0,0
SEG_RURAL_NL1,rural,48.97,31.56,43.71,31.76,0.349,4,0,0
SEG_DIST_MZ1,district,43.33,4.81,42.53,34.42,0.742,4,0,0
SEG_STATE_MN2,state,19.72,5.54,18.8,19.8,2.06,5,1,0
SEG_HWY_NH37,highway,7.11,8.71,5.66,4.33,3.754,7,0,0
SEG_RURAL_TR1,rural,18.24,10.8,16.44,38.73,0.05,4,0,0
SEG_DIST_AR1,district,17.24,16.16,14.54,26.79,1.096,2,0,1
SEG_DIST_MZ1,district,18.02,11.22,16.15,32.29,0.555,4,0,0
SEG_HWY_NH37,highway,22.91,8.22,21.54,0.0,3.197,5,0,0
SEG_DIST_MZ1,district,35.92,0.08,35.9,43.92,0.732,0,0,0
SEG_DIST_AR1,district,33.0,6.88,31.85,34.75,0.262,7,0,0
SEG_DIST_AR1,district,6.55,29.03,1.71,28.8,0.641,2,0,0
SEG_DIST_AR1,district,8.2,12.66,6.09,28.84,0.362,1,0,0
SEG_RURAL_TR1,rural,98.77,36.74,92.65,50.9,0.05,0,1,1
SEG_HWY_NH27,highway,21.77,24.43,17.7,7.13,4.789,0,0,0
SEG_STATE_MN2,state,16.39,0.65,16.28,31.48,1.722,7,0,0
SEG_STATE_AS1,state,37.52,11.7,35.57,17.36,1.48,2,0,1
SEG_DIST_AR1,district,87.5,44.78,80.04,28.83,1.3,1,0,0
SEG_RURAL_TR1,rural,29.64,5.67,28.7,49.42,0.118,3,0,0
SEG_DIST_MZ1,district,55.85,10.47,54.1,35.4,0.658,2,1,1
SEG_DIST_AR1,district,10.97,14.59,8.54,29.67,0.612,1,1,0
SEG_RURAL_NL1,rural,16.13,24.49,12.05,44.59,0.05,3,0,1
SEG_HWY_NH27,highway,11.96,17.09,9.11,8.65,4.607,0,0,0
SEG_STATE_MN2,state,15.07,41.04,8.23,27.37,2.118,2,0,0
SEG_RURAL_TR1,rural,52.3,17.83,49.33,49.19,0.159,4,0,1
SEG_STATE_MN2,state,36.83,4.34,36.11,24.6,1.986,1,0,1
SEG_RURAL_NL1,rural,84.74,8.07,83.39,44.59,0.498,3,0,0
SEG_RURAL_TR1,rural,18.97,11.33,17.08,38.28,0.336,1,0,1
SEG_DIST_MZ1,district,16.58,19.89,13.27,31.4,0.627,2,1,1
SEG_HWY_NH37,highway,36.96,5.1,36.11,1.51,2.907,1,0,0
SEG_STATE_AS1,state,52.78,18.06,49.77,24.42,1.557,3,1,1
SEG_HWY_NH27,highway,66.12,21.19,62.58,20.79,4.594,1,1,1
SEG_DIST_AR1,district,17.59,15.9,14.94,25.84,0.607,4,0,1
SEG_RURAL_NL1,rural,18.57,43.42,11.34,44.29,0.201,8,0,1
SEG_STATE_AS1,state,11.72,6.17,10.69,15.71,1.279,4,0,1
SEG_HWY_NH37,highway,41.6,2.67,41.15,11.39,3.148,2,0,0
SEG_STATE_AS1,state,17.15,7.55,15.89,10.34,1.27,1,0,0
SEG_STATE_MN2,state,10.35,21.08,6.83,25.04,1.732,1,0,0
SEG_STATE_MN2,state,12.02,50.57,3.6,25.3,1.787,2,0,0
SEG_HWY_NH37,highway,2.28,11.33,0.39,1.31,3.057,0,0,0
SEG_STATE_MN2,state,36.86,7.57,35.6,32.0,1.631,8,0,0
SEG_HWY_NH37,highway,10.84,8.28,9.46,7.14,3.342,0,0,0
SEG_RURAL_TR1,rural,11.05,16.28,8.34,36.51,0.625,5,0,1
SEG_HWY_NH37,highway,11.65,5.99,10.65,0.0,2.814,0,0,0
SEG_DIST_MZ1,district,8.45,46.28,0.74,41.4,0.11,2,0,1
SEG_STATE_MN2,state,19.29,19.63,16.02,18.11,2.177,5,0,0
SEG_DIST_AR1,district,27.18,7.7,25.9,34.02,0.764,1,0,0
SEG_DIST_MZ1,district,5.74,4.41,5.01,35.79,1.123,0,0,0
SEG_RURAL_TR1,rural,34.26,0.94,34.11,52.38,0.05,5,0,0
SEG_RURAL_NL1,rural,69.0,7.29,67.78,43.29,0.05,2,1,1
SEG_HWY_NH27,highway,14.42,15.79,11.79,15.49,5.085,4,0,0
SEG_HWY_NH37,highway,37.16,7.54,35.9,6.66,3.11,4,0,0
SEG_STATE_MN2,state,89.46,24.29,85.41,24.47,1.871,7,0,1
SEG_DIST_MZ1,district,22.62,9.46,21.04,25.97,0.104,4,0,0
SEG_RURAL_TR1,rural,42.42,8.5,41.0,38.47,0.578,3,0,1
SEG_RURAL_TR1,rural,6.51,21.48,2.93,48.83,0.05,6,0,1
SEG_STATE_AS1,state,41.19,7.43,39.95,16.57,1.371,0,0,0
SEG_RURAL_TR1,rural,39.22,31.2,34.02,43.44,0.677,4,0,0
SEG_DIST_MZ1,district,50.13,10.81,48.33,43.38,0.75,3,0,1
SEG_DIST_MZ1,district,37.98,4.09,37.3,44.46,0.758,7,0,0
SEG_STATE_AS1,state,14.65,31.26,9.44,24.42,1.065,3,0,1
SEG_DIST_AR1,district,43.49,11.8,41.53,39.65,0.995,3,0,0
SEG_HWY_NH27,highway,39.51,2.45,39.1,4.83,4.545,1,0,0
SEG_DIST_AR1,district,12.07,2.98,11.57,25.0,0.304,2,0,0
SEG_HWY_NH37,highway,61.5,7.6,60.24,10.56,2.837,8,0,0
SEG_RURAL_NL1,rural,35.47,3.89,34.82,44.94,0.05,4,0,1
SEG_HWY_NH37,highway,15.31,8.66,13.87,8.08,3.063,10,0,0
SEG_STATE_AS1,state,34.02,7.4,32.79,18.48,1.425,6,0,1
SEG_STATE_MN2,state,21.74,28.07,17.06,17.12,1.837,1,0,0
SEG_STATE_MN2,state,9.35,1.79,9.06,21.19,1.54,3,0,0
SEG_STATE_MN2,state,67.64,8.78,66.18,28.39,2.342,4,0,0
SEG_STATE_MN2,state,29.84,6.58,28.75,19.52,2.611,2,1,1
SEG_DIST_AR1,district,14.22,3.88,13.58,35.03,0.613,3,0,1
SEG_RURAL_NL1,rural,58.22,10.06,56.54,42.56,0.61,9,0,1
SEG_HWY_NH37,highway,59.9,4.68,59.11,3.98,2.827,1,0,0
SEG_HWY_NH37,highway,17.28,5.61,16.35,4.26,3.123,1,0,0
SEG_RURAL_TR1,rural,42.54,19.22,39.33,44.95,0.706,1,0,0
SEG_STATE_AS1,state,88.35,13.13,86.16,25.92,1.841,9,0,1
SEG_STATE_AS1,state,22.08,7.92,20.76,17.51,1.645,3,0,0
SEG_HWY_NH37,highway,35.96,3.59,35.36,2.54,2.798,5,0,0
SEG_STATE_MN2,state,21.26,14.31,18.88,18.57,2.236,0,0,0
SEG_DIST_AR1,district,71.08,10.78,69.28,32.72,0.846,2,1,0
SEG_DIST_AR1,district,12.22,4.48,11.48,31.24,1.274,4,0,0
SEG_DIST_AR1,district,11.41,4.86,10.6,38.72,0.713,2,0,1
SEG_RURAL_NL1,rural,71.99,23.13,68.14,49.1,0.636,6,1,1
SEG_RURAL_NL1,rural,32.02,1.55,31.77,46.59,0.234,5,0,0
SEG_DIST_MZ1,district,40.97,3.43,40.39,40.86,0.066,2,0,1
SEG_RURAL_TR1,rural,2.17,36.43,-3.91,51.8,0.356,1,0,0
SEG_DIST_AR1,district,5.43,19.64,2.15,29.13,0.964,7,0,0
SEG_STATE_MN2,state,14.64,1.74,14.35,14.0,2.001,3,1,1
SEG_RURAL_TR1,rural,29.79,2.89,29.31,45.81,0.727,4,0,1
SEG_DIST_AR1,district,31.37,16.88,28.56,28.58,1.229,2,0,0
SEG_RURAL_NL1,rural,3.8,11.15,1.94,35.12,0.465,4,0,1
SEG_HWY_NH27,highway,4.42,8.64,2.98,6.63,4.97,2,0,1
SEG_HWY_NH37,highway,73.5,110.89,55.02,6.72,3.265,2,0,0
SEG_DIST_MZ1,district,5.53,2.83,5.06,34.92,0.118,7,0,1
SEG_DIST_AR1,district,9.97,10.62,8.2,29.21,1.199,4,0,1
SEG_DIST_AR1,district,4.17,10.22,2.47,35.45,0.844,4,0,1
SEG_HWY_NH27,highway,21.55,12.0,19.55,1.12,4.671,1,0,0
SEG_RURAL_TR1,rural,29.11,13.44,26.87,40.47,0.207,1,0,0
SEG_HWY_NH27,highway,23.51,1.13,23.32,6.63,5.361,0,0,0
SEG_DIST_MZ1,district,37.93,16.13,35.24,35.3,0.651,1,0,0
SEG_DIST_AR1,district,16.8,26.94,12.31,22.36,0.515,5,0,0
SEG_DIST_MZ1,district,37.49,8.16,36.13,29.15,0.18,7,0,0
SEG_DIST_AR1,district,15.71,44.47,8.3,27.9,0.156,0,0,0
SEG_DIST_AR1,district,13.39,15.81,10.75,27.8,0.964,5,0,1
SEG_DIST_AR1,district,11.05,10.03,9.38,39.4,0.881,1,0,0
SEG_STATE_MN2,state,22.0,17.67,19.06,21.17,1.593,4,0,0
SEG_STATE_AS1,state,20.27,15.94,17.61,11.18,2.078,0,0,0
SEG_STATE_MN2,state,29.29,12.76,27.17,23.88,1.947,4,1,0
SEG_HWY_NH37,highway,43.89,26.92,39.4,3.8,2.893,2,0,0
SEG_RURAL_NL1,rural,25.81,41.84,18.83,50.16,0.078,3,1,1
SEG_DIST_MZ1,district,9.23,0.88,9.08,29.65,0.465,0,0,0
SEG_STATE_AS1,state,27.05,3.63,26.45,19.21,1.324,2,0,0
SEG_HWY_NH37,highway,29.88,5.68,28.93,11.62,2.866,0,1,0
SEG_RURAL_TR1,rural,11.53,0.64,11.43,52.2,0.05,3,0,0
SEG_DIST_AR1,district,24.64,11.17,22.78,28.15,0.996,4,0,1
SEG_DIST_AR1,district,16.24,1.77,15.95,25.14,0.654,1,1,1
SEG_RURAL_NL1,rural,10.78,7.21,9.58,36.41,0.05,8,0,0
SEG_RURAL_NL1,rural,24.36,17.2,21.49,36.31,0.374,4,0,0
SEG_RURAL_NL1,rural,53.31,2.83,52.84,38.17,0.306,16,1,1
SEG_HWY_NH37,highway,4.96,1.88,4.65,0.0,2.962,0,0,0
SEG_STATE_MN2,state,14.6,11.27,12.72,20.61,1.622,1,0,0
SEG_DIST_MZ1,district,29.91,3.1,29.39,19.67,0.928,1,1,0
SEG_STATE_MN2,state,7.08,9.66,5.47,28.19,2.345,0,0,0
SEG_RURAL_TR1,rural,14.37,11.5,12.45,47.73,0.05,2,0,1
SEG_DIST_MZ1,district,13.49,3.09,12.97,34.46,0.643,1,0,0
SEG_DIST_AR1,district,29.89,8.92,28.4,29.75,1.015,4,0,1
SEG_STATE_AS1,state,42.88,35.72,36.92,16.29,1.074,1,0,0
SEG_STATE_AS1,state,42.46,7.92,41.14,15.65,1.158,5,0,0
SEG_DIST_AR1,district,18.6,18.03,15.59,27.24,0.4,2,0,0
SEG_HWY_NH27,highway,46.9,9.15,45.38,8.62,4.543,4,0,0
SEG_RURAL_TR1,rural,6.42,15.81,3.79,41.26,0.05,4,0,0
SEG_STATE_AS1,state,52.02,18.2,48.99,15.97,1.237,3,0,1
SEG_DIST_AR1,district,11.93,10.28,10.22,34.4,0.858,3,0,0
SEG_STATE_AS1,state,34.23,4.47,33.49,11.59,1.425,5,0,0
SEG_DIST_MZ1,district,18.54,3.64,17.93,35.1,0.536,1,0,0
SEG_HWY_NH27,highway,40.7,8.25,39.32,4.01,4.894,3,0,0
SEG_STATE_MN2,state,17.46,5.06,16.62,20.53,2.266,9,0,1
SEG_DIST_MZ1,district,17.35,22.03,13.68,40.8,0.314,6,0,0
SEG_STATE_MN2,state,9.56,16.38,6.83,16.28,1.347,9,0,0
SEG_DIST_AR1,district,36.43,5.28,35.55,31.08,0.514,0,1,0
SEG_RURAL_NL1,rural,52.96,5.96,51.97,42.81,0.257,3,0,1
SEG_DIST_MZ1,district,103.63,6.8,102.5,36.44,0.931,5,0,1
SEG_DIST_MZ1,district,23.26,9.28,21.71,39.9,0.344,2,0,1
SEG_DIST_AR1,district,12.06,9.07,10.55,38.93,0.999,11,0,1
SEG_DIST_AR1,district,12.82,1.87,12.51,22.95,0.946,2,0,0
SEG_RURAL_TR1,rural,56.51,7.41,55.27,43.42,0.05,8,1,1
SEG_HWY_NH27,highway,14.78,2.44,14.38,12.87,4.479,5,0,0
SEG_RURAL_TR1,rural,28.62,12.34,26.56,52.73,0.343,4,0,1
SEG_HWY_NH37,highway,29.97,53.91,20.99,0.0,3.327,1,0,0
SEG_HWY_NH27,highway,17.16,9.82,15.52,11.93,4.832,5,0,0
SEG_RURAL_TR1,rural,35.47,1.83,35.17,44.19,0.05,0,0,0
SEG_STATE_MN2,state,43.92,5.88,42.94,22.1,1.955,2,0,0
SEG_HWY_NH27,highway,7.66,1.69,7.38,2.87,4.87,13,0,1
SEG_RURAL_NL1,rural,16.15,16.48,13.4,48.77,0.573,1,0,0
SEG_DIST_AR1,district,10.39,6.65,9.28,31.52,0.909,1,0,1
SEG_RURAL_NL1,rural,16.05,31.56,10.79,43.2,0.69,2,0,0
SEG_HWY_NH37,highway,4.5,11.19,2.64,6.43,2.637,3,0,0
SEG_STATE_AS1,state,15.23,33.59,9.63,17.55,1.533,1,0,0
SEG_STATE_AS1,state,19.85,12.25,17.81,18.78,1.283,1,0,0
SEG_STATE_MN2,state,20.55,15.83,17.91,26.28,1.786,4,0,0
SEG_DIST_MZ1,district,14.95,11.63,13.01,34.01,0.384,9,1,0
SEG_RURAL_NL1,rural,13.84,2.68,13.39,40.87,0.165,5,0,0
SEG_RURAL_TR1,rural,31.6,8.44,30.19,39.07,0.059,4,0,1
SEG_STATE_AS1,state,53.54,6.92,52.38,16.63,1.292,4,1,0
SEG_DIST_MZ1,district,19.71,6.86,18.57,29.7,0.05,1,0,1
SEG_STATE_AS1,state,70.2,34.77,64.41,14.71,1.746,0,1,1
SEG_HWY_NH27,highway,18.97,24.48,14.89,1.6,4.758,4,0,1
SEG_RURAL_TR1,rural,30.97,15.34,28.41,38.91,0.578,1,0,0
SEG_DIST_MZ1,district,28.99,14.89,26.51,37.21,0.438,0,1,0
SEG_STATE_AS1,state,48.65,2.94,48.16,16.43,1.469,1,0,1
SEG_DIST_MZ1,district,28.28,27.17,23.75,34.85,0.607,3,0,1
SEG_HWY_NH37,highway,15.92,5.14,15.07,0.45,3.503,6,0,0
SEG_HWY_NH37,highway,24.18,21.13,20.66,11.09,2.386,3,0,1
SEG_RURAL_TR1,rural,5.61,11.68,3.66,46.57,0.05,2,0,0
SEG_DIST_AR1,district,24.98,42.94,17.82,22.43,1.158,2,0,0
SEG_STATE_MN2,state,10.12,13.84,7.82,12.8,2.301,1,0,0
SEG_STATE_AS1,state,20.31,10.33,18.58,17.86,1.216,9,0,0
SEG_STATE_AS1,state,70.16,39.72,63.54,18.53,1.026,0,1,0
SEG_RURAL_TR1,rural,25.19,6.11,24.17,43.98,0.179,10,0,0
SEG_HWY_NH27,highway,14.83,5.27,13.95,14.75,5.122,7,0,0
SEG_STATE_AS1,state,14.42,15.9,11.77,19.5,1.59,0,1,1
SEG_RURAL_NL1,rural,30.67,19.16,27.48,38.28,0.115,2,0,1
SEG_RURAL_NL1,rural,40.37,13.26,38.16,39.43,0.504,3,0,0
SEG_RURAL_NL1,rural,23.61,3.89,22.96,34.61,0.262,2,0,1
SEG_RURAL_NL1,rural,9.29,1.75,9.0,31.96,0.115,3,0,0
SEG_RURAL_TR1,rural,46.12,27.0,41.62,50.08,0.05,3,0,0
SEG_RURAL_NL1,rural,19.74,1.02,19.57,44.38,0.082,5,0,0
SEG_HWY_NH37,highway,11.84,10.61,10.07,6.91,2.717,9,1,0
SEG_HWY_NH37,highway,25.67,16.0,23.01,2.99,3.117,4,0,0
SEG_STATE_MN2,state,4.31,5.83,3.34,26.16,2.041,2,0,0
SEG_DIST_MZ1,district,12.93,16.96,10.1,30.83,0.493,2,0,1
SEG_HWY_NH37,highway,11.74,7.26,10.53,0.19,2.297,0,0,0
SEG_DIST_MZ1,district,5.84,20.23,2.47,27.89,0.14,2,0,0
SEG_STATE_MN2,state,13.39,12.2,11.36,14.96,2.092,1,0,1
SEG_HWY_NH37,highway,38.36,24.66,34.25,13.88,3.145,0,0,0
SEG_HWY_NH37,highway,26.15,19.6,22.88,8.0,3.133,9,0,1
SEG_STATE_MN2,state,14.41,7.96,13.08,24.77,2.458,9,1,1
SEG_STATE_MN2,state,58.0,31.26,52.79,23.41,2.156,0,0,1
SEG_DIST_MZ1,district,26.72,2.62,26.29,28.02,0.078,4,0,1
SEG_DIST_AR1,district,21.2,13.4,18.97,28.68,0.339,4,0,0
SEG_STATE_AS1,state,26.3,2.86,25.83,15.53,1.569,1,0,0
SEG_HWY_NH27,highway,30.7,10.0,29.03,7.58,4.566,8,0,0
SEG_RURAL_NL1,rural,4.89,23.16,1.03,39.43,0.507,1,0,0
SEG_DIST_AR1,district,15.95,27.32,11.4,25.37,1.133,2,0,1
SEG_STATE_AS1,state,39.47,25.1,35.29,27.06,1.247,1,0,0
SEG_HWY_NH27,highway,1.89,3.74,1.27,2.7,5.171,2,0,0
SEG_HWY_NH37,highway,12.84,12.54,10.75,0.0,3.225,4,0,1
SEG_DIST_AR1,district,11.51,1.68,11.23,34.72,1.042,5,0,1
SEG_DIST_AR1,district,48.24,21.01,44.74,33.21,1.244,0,0,1
SEG_RURAL_TR1,rural,36.17,30.11,31.15,46.14,0.05,0,0,1
SEG_DIST_MZ1,district,44.97,7.31,43.75,40.29,0.355,5,0,1
SEG_RURAL_NL1,rural,20.41,12.01,18.41,35.97,0.396,1,0,0
SEG_STATE_AS1,state,58.86,24.16,54.83,26.04,1.214,5,0,1
SEG_DIST_MZ1,district,12.21,17.96,9.22,35.01,1.197,4,0,1
SEG_RURAL_TR1,rural,7.77,16.58,5.0,50.22,0.193,2,0,0
SEG_DIST_MZ1,district,28.64,23.54,24.72,23.11,0.07,2,0,0
SEG_STATE_MN2,state,48.51,35.36,42.62,13.93,1.719,4,0,0
SEG_STATE_AS1,state,6.59,16.44,3.85,14.1,1.816,8,0,0
SEG_RURAL_NL1,rural,15.57,19.79,12.27,42.6,0.21,3,0,0
SEG_HWY_NH37,highway,10.48,2.56,10.06,0.0,3.07,7,0,0
SEG_STATE_MN2,state,22.72,60.22,12.68,21.14,1.696,0,0,0
SEG_STATE_MN2,state,50.13,13.71,47.85,31.73,1.873,5,1,0
SEG_STATE_AS1,state,19.34,5.62,18.41,21.0,1.188,0,0,0
SEG_STATE_MN2,state,2.95,6.53,1.86,32.4,1.98,1,0,0
SEG_HWY_NH37,highway,32.71,11.39,30.81,0.0,3.304,5,0,1
SEG_STATE_AS1,state,11.49,16.98,8.66,12.12,1.737,2,0,0
SEG_HWY_NH27,highway,22.95,23.94,18.96,3.18,5.308,5,0,0
SEG_DIST_MZ1,district,32.3,12.4,30.23,36.81,1.29,7,0,0
SEG_HWY_NH37,highway,8.28,2.48,7.87,0.0,2.645,2,0,0
SEG_RURAL_NL1,rural,24.91,16.41,22.18,38.52,0.74,2,1,1
SEG_DIST_AR1,district,13.82,19.11,10.63,38.62,0.992,4,0,0
SEG_HWY_NH37,highway,38.79,6.21,37.76,13.92,2.57,4,0,0
SEG_HWY_NH37,highway,16.29,7.06,15.11,9.76,2.9,0,0,0
SEG_HWY_NH27,highway,45.18,30.87,40.04,0.0,4.764,2,0,0
SEG_HWY_NH37,highway,18.81,3.53,18.22,2.98,3.463,2,0,0
SEG_HWY_NH37,highway,33.79,11.09,31.94,6.47,2.843,5,0,0
SEG_HWY_NH27,highway,20.32,26.42,15.92,4.83,4.987,2,0,0
SEG_RURAL_NL1,rural,11.7,5.54,10.77,47.75,0.05,0,0,0
SEG_RURAL_TR1,rural,20.54,54.08,11.53,40.4,0.349,7,0,1
SEG_RURAL_NL1,rural,5.55,8.24,4.17,42.17,0.327,5,1,0
SEG_HWY_NH27,highway,57.25,43.14,50.06,8.67,4.857,2,0,0
SEG_DIST_AR1,district,37.85,15.06,35.34,30.17,1.085,3,0,1
SEG_RURAL_TR1,rural,7.59,8.37,6.19,46.42,0.747,5,0,0
SEG_STATE_AS1,state,9.82,27.79,5.19,23.86,1.481,2,0,1
SEG_STATE_MN2,state,50.46,15.96,47.8,14.76,1.555,3,0,1
SEG_HWY_NH37,highway,42.39,31.06,37.21,13.55,3.224,3,0,0
SEG_DIST_AR1,district,16.99,21.73,13.37,38.0,1.113,1,0,1
SEG_RURAL_NL1,rural,43.69,4.95,42.86,39.39,0.973,9,0,0
SEG_HWY_NH27,highway,4.74,8.18,3.37,6.14,5.347,3,0,0
SEG_DIST_AR1,district,33.21,12.89,31.06,31.01,0.974,5,0,1
SEG_STATE_AS1,state,38.2,17.87,35.22,8.05,1.351,6,0,0
SEG_RURAL_NL1,rural,18.02,13.63,15.74,40.91,0.05,3,0,1
SEG_HWY_NH27,highway,19.83,13.88,17.51,6.7,5.224,0,1,0
SEG_HWY_NH27,highway,28.13,6.24,27.09,0.0,5.112,1,0,0
SEG_DIST_AR1,district,15.01,36.36,8.96,23.86,0.831,0,1,0
SEG_HWY_NH27,highway,21.78,16.4,19.04,0.0,4.592,12,0,1
SEG_HWY_NH27,highway,18.77,18.83,15.63,3.22,5.226,2,0,0
SEG_RURAL_TR1,rural,94.36,5.02,93.53,42.71,0.581,0,0,1
SEG_STATE_MN2,state,26.74,10.97,24.92,32.91,2.303,2,0,0
SEG_STATE_MN2,state,26.59,12.77,24.47,19.26,1.778,4,0,1
SEG_DIST_AR1,district,73.18,7.12,71.99,24.42,0.962,7,1,1
SEG_STATE_MN2,state,9.86,27.81,5.22,21.69,2.237,3,0,0
SEG_DIST_MZ1,district,19.6,8.08,18.26,35.98,0.05,5,0,1
SEG_RURAL_NL1,rural,16.96,14.18,14.6,36.6,0.05,1,0,0
SEG_DIST_AR1,district,26.72,28.72,21.94,32.12,0.618,4,0,1
SEG_STATE_AS1,state,28.95,31.57,23.69,22.93,1.214,1,0,1
SEG_HWY_NH37,highway,12.37,5.98,11.37,9.26,3.195,1,0,0
SEG_RURAL_TR1,rural,16.53,28.92,11.71,46.8,0.463,4,0,1
SEG_STATE_MN2,state,8.24,19.74,4.95,17.11,1.586,4,0,0
SEG_RURAL_TR1,rural,51.39,17.89,48.41,44.55,0.05,2,1,0
SEG_DIST_MZ1,district,47.96,2.81,47.49,29.46,0.491,7,0,1
SEG_STATE_MN2,state,48.72,13.29,46.5,17.34,2.455,3,0,0
SEG_HWY_NH37,highway,51.64,6.13,50.61,3.16,3.509,6,0,0
SEG_HWY_NH37,highway,95.09,14.23,92.72,5.3,3.111,5,1,0
SEG_HWY_NH27,highway,86.19,9.37,84.63,8.9,5.077,1,0,0
SEG_HWY_NH27,highway,19.2,3.36,18.64,8.81,4.529,0,0,0
SEG_RURAL_TR1,rural,12.52,7.52,11.27,48.39,0.243,0,0,0
SEG_STATE_AS1,state,19.7,2.31,19.32,14.0,1.628,4,0,1
SEG_HWY_NH27,highway,35.78,65.6,24.84,13.76,5.155,2,0,0
SEG_HWY_NH27,highway,2.72,12.16,0.69,8.01,5.284,1,0,0
SEG_HWY_NH27,highway,62.68,10.74,60.89,7.21,4.993,6,1,0
SEG_DIST_AR1,district,23.22,13.31,21.0,35.74,0.474,0,0,1
SEG_STATE_MN2,state,22.58,50.35,14.19,24.59,1.633,5,0,0
SEG_RURAL_TR1,rural,16.3,16.78,13.5,45.05,0.291,1,1,1
SEG_DIST_AR1,district,26.9,38.29,20.52,30.33,1.15,2,0,0
SEG_DIST_AR1,district,5.11,2.95,4.61,27.74,1.615,3,0,0
SEG_RURAL_TR1,rural,14.45,13.88,12.14,49.77,0.246,4,0,0
SEG_HWY_NH37,highway,4.72,16.08,2.04,5.97,3.1,3,0,0
SEG_HWY_NH27,highway,32.85,20.34,29.46,19.39,4.905,5,0,0
SEG_STATE_AS1,state,9.62,11.55,7.69,32.57,0.967,0,0,1
SEG_HWY_NH37,highway,33.06,26.03,28.72,11.68,2.985,9,0,0
SEG_DIST_AR1,district,58.31,11.56,56.38,26.52,0.472,0,1,1
SEG_DIST_MZ1,district,18.99,11.24,17.12,35.9,0.649,5,0,0
SEG_DIST_MZ1,district,22.79,8.32,21.4,30.99,0.707,3,0,0
SEG_RURAL_NL1,rural,11.59,22.02,7.92,38.78,0.083,6,0,1
SEG_HWY_NH27,highway,72.81,6.14,71.79,13.36,5.056,4,0,0
SEG_HWY_NH27,highway,2.19,42.24,-4.85,5.97,4.55,2,0,0
SEG_HWY_NH37,highway,13.45,1.12,13.26,8.15,2.646,10,0,0
SEG_HWY_NH37,highway,9.94,31.58,4.67,5.3,3.159,2,0,0
SEG_STATE_AS1,state,25.58,17.62,22.64,16.42,1.764,2,0,0
SEG_STATE_AS1,state,38.27,16.49,35.52,22.68,2.15,3,0,0
SEG_DIST_MZ1,district,17.81,33.42,12.24,34.24,1.02,1,0,0
SEG_DIST_MZ1,district,16.95,20.59,13.51,39.24,0.731,2,0,1
SEG_RURAL_TR1,rural,46.21,19.16,43.02,43.11,0.43,1,0,0
SEG_DIST_AR1,district,14.3,8.88,12.82,23.57,0.975,3,0,1
SEG_HWY_NH27,highway,3.27,5.25,2.4,6.03,5.122,3,0,0
SEG_DIST_MZ1,district,38.34,9.18,36.81,33.58,0.604,3,1,0
SEG_DIST_MZ1,district,65.19,3.44,64.62,35.08,0.445,6,1,1
SEG_STATE_AS1,state,43.78,17.99,40.78,14.02,0.935,7,0,1
SEG_HWY_NH27,highway,7.9,6.28,6.85,16.53,4.769,0,0,0
SEG_RURAL_NL1,rural,6.91,8.3,5.53,41.59,0.254,2,0,0
SEG_RURAL_NL1,rural,11.96,7.48,10.71,33.51,0.206,8,0,0
SEG_RURAL_TR1,rural,24.95,24.36,20.9,42.91,0.05,6,0,0
SEG_DIST_AR1,district,24.96,5.39,24.06,30.2,0.621,0,0,1
SEG_RURAL_NL1,rural,15.94,10.29,14.22,37.05,0.287,1,0,0
SEG_RURAL_TR1,rural,25.85,33.97,20.19,45.62,0.176,1,0,0
SEG_RURAL_NL1,rural,34.53,7.01,33.36,45.05,0.243,4,1,1
SEG_STATE_AS1,state,25.45,14.66,23.0,24.78,1.95,3,0,1
SEG_HWY_NH27,highway,23.28,2.29,22.9,5.39,4.917,0,0,0
SEG_STATE_AS1,state,55.62,10.39,53.88,22.8,1.8,3,1,0
SEG_HWY_NH37,highway,30.53,35.68,24.58,0.0,2.662,2,0,0
SEG_STATE_AS1,state,21.02,12.42,18.95,27.51,1.381,6,0,1
SEG_HWY_NH27,highway,18.75,4.83,17.94,8.65,5.325,3,0,1
SEG_RURAL_NL1,rural,46.47,12.24,44.43,42.44,0.753,5,0,0
SEG_RURAL_TR1,rural,25.59,19.26,22.38,40.16,0.252,2,0,0
SEG_RURAL_TR1,rural,22.9,17.66,19.95,43.54,0.323,2,0,0
SEG_STATE_AS1,state,50.82,0.62,50.71,18.54,1.429,1,0,0
SEG_RURAL_NL1,rural,47.19,5.25,46.32,44.1,0.44,7,0,0
SEG_DIST_MZ1,district,21.22,1.82,20.92,37.16,1.074,2,0,0
SEG_HWY_NH37,highway,18.48,17.48,15.57,6.91,3.051,0,0,0
SEG_STATE_AS1,state,18.15,10.58,16.38,23.17,1.281,13,0,1
SEG_RURAL_TR1,rural,76.38,8.29,75.0,42.16,0.05,0,1,1
SEG_RURAL_TR1,rural,5.32,11.42,3.42,47.06,0.165,6,0,1
SEG_HWY_NH27,highway,18.58,11.25,16.71,3.65,4.389,0,1,1
SEG_RURAL_NL1,rural,34.74,49.95,26.41,41.91,0.19,2,0,1
SEG_RURAL_TR1,rural,11.38,25.69,7.1,46.89,0.05,0,0,0
SEG_HWY_NH37,highway,7.03,3.15,6.5,0.0,2.824,7,0,0
SEG_HWY_NH27,highway,31.22,17.87,28.24,2.74,4.967,5,0,0
SEG_DIST_AR1,district,19.16,9.18,17.63,28.26,0.706,0,0,1
SEG_DIST_MZ1,district,41.31,14.77,38.85,32.76,1.37,6,0,1
SEG_HWY_NH37,highway,10.24,34.23,4.53,15.81,2.186,3,0,0
SEG_STATE_MN2,state,48.82,17.55,45.9,15.08,1.674,1,0,0
SEG_DIST_MZ1,district,14.33,6.59,13.23,34.18,1.009,2,0,0
SEG_HWY_NH27,highway,27.37,29.29,22.49,6.3,5.007,5,0,1
SEG_RURAL_NL1,rural,11.53,6.15,10.51,39.78,0.418,1,0,0
SEG_STATE_MN2,state,27.07,0.99,26.91,15.67,1.83,1,0,0
SEG_RURAL_TR1,rural,143.31,24.48,139.23,48.24,0.05,0,0,0
SEG_DIST_MZ1,district,37.73,2.3,37.35,39.16,1.13,3,0,1
SEG_RURAL_NL1,rural,9.76,53.0,0.93,44.07,0.05,3,0,0
SEG_STATE_AS1,state,35.09,38.19,28.72,22.15,1.664,3,0,0
SEG_HWY_NH37,highway,3.72,9.6,2.12,0.78,2.547,4,0,0
SEG_HWY_NH37,highway,8.85,24.87,4.71,5.39,3.151,3,0,0
SEG_STATE_AS1,state,11.65,5.45,10.74,19.76,1.056,2,0,0
SEG_RURAL_TR1,rural,30.2,6.67,29.09,45.04,0.297,5,0,0
SEG_RURAL_TR1,rural,22.2,21.69,18.59,40.68,0.729,2,0,0
SEG_STATE_AS1,state,25.09,5.63,24.15,20.93,1.441,0,1,1
SEG_HWY_NH27,highway,43.91,17.77,40.95,15.71,5.163,5,0,1
SEG_RURAL_TR1,rural,43.51,24.14,39.48,43.6,0.161,4,0,0
SEG_DIST_MZ1,district,39.53,20.34,36.14,37.04,0.769,0,0,0
SEG_STATE_MN2,state,14.44,1.55,14.18,24.63,1.897,2,0,1
SEG_DIST_MZ1,district,45.83,4.19,45.13,35.95,0.823,1,0,0
SEG_DIST_AR1,district,10.31,26.26,5.93,28.69,0.525,0,0,0
SEG_HWY_NH37,highway,12.86,4.23,12.15,5.06,3.304,3,0,1
SEG_STATE_MN2,state,30.0,5.65,29.05,20.62,2.499,1,0,0
SEG_RURAL_NL1,rural,10.38,21.45,6.8,46.73,0.263,2,0,1
SEG_RURAL_NL1,rural,50.32,2.11,49.96,34.96,0.341,2,0,0
SEG_STATE_MN2,state,74.87,4.83,74.07,13.83,1.951,3,1,1
SEG_HWY_NH27,highway,7.99,1.81,7.68,0.0,5.021,1,0,0
SEG_RURAL_TR1,rural,14.93,6.56,13.84,42.22,0.335,0,0,0
SEG_RURAL_TR1,rural,42.99,5.31,42.11,43.33,0.293,0,0,0
SEG_RURAL_TR1,rural,159.4,27.03,154.89,45.98,0.086,0,0,0
SEG_HWY_NH27,highway,23.98,32.86,18.5,0.0,4.617,2,0,0
SEG_RURAL_TR1,rural,38.25,47.14,30.39,55.66,0.696,2,0,1
SEG_RURAL_TR1,rural,18.31,13.53,16.06,37.87,0.05,6,0,0
SEG_DIST_MZ1,district,54.68,26.78,50.21,30.82,0.64,4,0,1
SEG_HWY_NH27,highway,73.14,8.01,71.81,5.28,4.684,2,1,1
SEG_RURAL_TR1,rural,18.62,13.12,16.43,52.92,0.126,11,1,0
SEG_HWY_NH37,highway,44.45,6.79,43.31,0.0,2.779,7,0,1
SEG_HWY_NH27,highway,42.97,3.15,42.44,0.93,5.064,3,0,0
SEG_RURAL_NL1,rural,26.72,8.93,25.23,41.55,0.05,8,0,1
SEG_RURAL_NL1,rural,9.49,10.07,7.81,38.46,0.404,5,0,0
SEG_HWY_NH37,highway,43.14,3.47,42.57,12.21,2.906,3,0,0
SEG_HWY_NH37,highway,27.57,9.23,26.03,7.8,3.421,1,0,1
SEG_HWY_NH27,highway,94.32,13.47,92.08,12.84,5.283,3,1,0
SEG_DIST_AR1,district,37.26,33.42,31.69,32.15,0.621,4,0,1
SEG_STATE_MN2,state,15.5,16.52,12.74,21.1,1.602,3,0,1
SEG_RURAL_TR1,rural,4.52,8.92,3.04,42.95,0.125,4,0,1
SEG_DIST_MZ1,district,20.65,24.45,16.58,32.01,0.403,2,0,0
SEG_DIST_MZ1,district,17.26,12.55,15.17,28.04,0.05,2,0,1
SEG_HWY_NH37,highway,71.03,9.02,69.53,3.67,2.826,1,1,1
SEG_STATE_MN2,state,73.01,5.64,72.07,17.38,2.187,3,1,1
SEG_RURAL_TR1,rural,31.87,13.23,29.66,39.57,0.05,1,1,1
SEG_DIST_MZ1,district,13.92,8.37,12.53,39.59,0.642,3,0,1
SEG_RURAL_TR1,rural,23.4,18.29,20.35,43.38,0.081,8,0,0
SEG_DIST_MZ1,district,34.99,33.78,29.36,28.09,0.05,2,0,1
SEG_RURAL_TR1,rural,15.41,34.38,9.68,34.52,0.098,8,0,1
SEG_HWY_NH27,highway,54.09,17.06,51.24,3.09,4.815,3,1,0
SEG_HWY_NH27,highway,37.99,0.83,37.85,14.02,5.086,4,0,0
SEG_STATE_MN2,state,17.56,7.66,16.28,18.21,1.663,2,0,0
SEG_HWY_NH37,highway,31.38,9.24,29.84,1.21,2.714,1,0,0
SEG_DIST_MZ1,district,50.14,22.7,46.35,43.3,0.44,7,0,1
SEG_DIST_MZ1,district,17.51,15.27,14.96,38.48,0.74,3,0,0
SEG_DIST_AR1,district,29.06,3.53,28.47,28.19,1.104,0,0,0
SEG_DIST_MZ1,district,23.65,13.27,21.44,33.94,0.761,1,0,0
SEG_HWY_NH27,highway,25.65,11.93,23.66,4.95,4.875,3,1,0
SEG_HWY_NH37,highway,13.67,4.3,12.96,10.79,2.633,13,0,1
SEG_STATE_AS1,state,25.06,16.03,22.39,16.66,2.272,2,0,0
SEG_RURAL_TR1,rural,15.63,5.01,14.79,53.73,0.053,1,0,0
SEG_STATE_AS1,state,36.91,43.19,29.71,23.15,1.121,5,0,1
SEG_RURAL_NL1,rural,76.01,30.95,70.85,41.62,0.707,1,0,1
SEG_HWY_NH27,highway,14.17,4.69,13.39,13.98,5.292,13,0,0
SEG_DIST_AR1,district,22.68,3.96,22.02,34.17,1.334,1,0,0
SEG_STATE_MN2,state,5.3,26.33,0.91,21.57,1.99,0,0,0
SEG_STATE_MN2,state,24.94,52.53,16.19,20.97,2.305,3,0,1
SEG_HWY_NH27,highway,48.28,23.33,44.39,12.81,4.804,5,0,0
SEG_RURAL_NL1,rural,27.19,30.89,22.04,34.8,0.551,3,0,0
SEG_STATE_MN2,state,17.18,3.22,16.64,21.79,1.403,0,0,0
SEG_RURAL_TR1,rural,67.9,15.31,65.34,37.29,0.342,2,0,0
SEG_STATE_MN2,state,21.44,12.28,19.39,9.97,2.146,2,1,0
SEG_DIST_MZ1,district,28.17,14.7,25.72,37.1,0.492,4,0,0
SEG_HWY_NH27,highway,5.24,16.66,2.47,12.39,4.951,2,0,0
SEG_RURAL_NL1,rural,16.09,14.9,13.61,42.19,0.364,6,0,1
SEG_HWY_NH37,highway,31.53,22.87,27.71,2.89,2.915,3,0,1
SEG_HWY_NH27,highway,21.56,5.81,20.59,0.05,4.842,9,0,0
SEG_RURAL_TR1,rural,31.19,25.71,26.9,38.91,0.469,3,0,0
SEG_RURAL_TR1,rural,62.8,1.0,62.64,44.61,0.323,0,1,1
SEG_STATE_AS1,state,22.04,40.78,15.24,24.25,1.528,2,0,0
SEG_RURAL_TR1,rural,67.61,3.12,67.09,46.93,0.443,2,1,1
SEG_HWY_NH37,highway,30.14,14.57,27.71,0.0,3.09,1,0,0
SEG_HWY_NH37,highway,28.42,6.12,27.4,1.72,3.283,0,0,0
SEG_RURAL_NL1,rural,51.52,15.12,49.01,48.94,0.05,3,0,0
SEG_RURAL_TR1,rural,26.73,7.91,25.41,43.47,0.749,3,1,1
SEG_STATE_AS1,state,31.95,19.4,28.72,14.93,1.667,7,0,1
SEG_STATE_AS1,state,6.33,9.27,4.78,14.37,1.695,2,0,0
SEG_STATE_AS1,state,30.23,11.93,28.25,10.16,1.636,0,0,0
SEG_HWY_NH27,highway,21.09,17.87,18.11,9.91,4.815,0,0,0
SEG_RURAL_NL1,rural,24.28,36.91,18.13,42.74,0.504,0,0,0
SEG_DIST_MZ1,district,127.67,32.08,122.32,33.43,0.472,0,1,1
SEG_RURAL_NL1,rural,48.86,12.52,46.77,49.58,0.35,2,0,1
SEG_RURAL_NL1,rural,17.52,21.32,13.97,36.29,0.05,4,0,1
SEG_STATE_MN2,state,13.17,8.38,11.77,15.29,1.38,0,0,0
SEG_DIST_AR1,district,34.15,6.68,33.03,27.33,1.317,0,0,1
SEG_RURAL_NL1,rural,5.96,14.27,3.58,37.52,0.521,4,0,1
SEG_DIST_MZ1,district,19.66,13.55,17.4,25.01,0.27,6,0,0
SEG_DIST_AR1,district,31.66,11.2,29.79,19.66,1.024,1,1,1
SEG_RURAL_TR1,rural,51.78,1.63,51.51,37.38,0.305,2,0,1
SEG_STATE_AS1,state,18.56,5.29,17.68,11.63,1.191,7,0,1
SEG_STATE_AS1,state,10.37,4.82,9.57,11.46,1.507,1,0,1
SEG_RURAL_NL1,rural,7.04,9.18,5.51,37.02,0.43,3,0,1
SEG_DIST_AR1,district,71.0,21.44,67.42,37.5,0.935,0,1,1
SEG_DIST_MZ1,district,30.52,11.16,28.66,35.24,0.407,3,0,0
SEG_STATE_MN2,state,41.33,9.73,39.71,25.32,1.521,5,0,1
SEG_STATE_MN2,state,8.35,25.83,4.05,20.56,2.39,0,0,0
SEG_STATE_MN2,state,19.59,31.52,14.33,21.92,2.196,6,0,0
SEG_DIST_AR1,district,35.23,9.28,33.68,26.61,0.593,8,0,1
SEG_DIST_MZ1,district,7.05,18.56,3.96,34.73,0.142,0,0,0
SEG_STATE_AS1,state,27.46,4.19,26.76,15.4,1.495,4,0,0
SEG_STATE_AS1,state,50.45,13.12,48.26,16.3,1.775,3,0,1
SEG_DIST_MZ1,district,10.87,40.7,4.09,39.29,0.717,3,1,0
SEG_HWY_NH27,highway,35.58,11.92,33.6,0.0,4.974,3,0,1
SEG_DIST_MZ1,district,6.69,22.19,2.99,39.52,0.557,0,0,1
SEG_RURAL_TR1,rural,30.71,11.09,28.87,45.6,0.171,0,0,1
SEG_RURAL_NL1,rural,42.76,28.83,37.96,42.93,0.82,9,0,0
SEG_DIST_AR1,district,61.31,2.63,60.87,27.4,0.737,4,0,1
SEG_RURAL_NL1,rural,20.4,7.8,19.1,41.67,0.849,2,0,0
SEG_HWY_NH37,highway,10.42,14.72,7.96,0.0,2.825,4,0,0
SEG_HWY_NH27,highway,5.22,5.69,4.27,9.8,4.915,2,0,0
SEG_HWY_NH37,highway,6.31,16.06,3.63,9.03,2.885,1,0,0
SEG_RURAL_NL1,rural,38.44,2.1,38.09,38.91,0.821,4,0,1
SEG_STATE_AS1,state,50.21,1.64,49.93,19.51,1.091,0,1,0
SEG_HWY_NH37,highway,52.57,19.78,49.28,2.44,3.143,3,0,0
SEG_HWY_NH37,highway,15.07,18.08,12.06,1.25,2.745,20,0,0
SEG_STATE_MN2,state,32.65,18.51,29.56,21.51,2.122,3,0,1
SEG_DIST_AR1,district,3.56,4.79,2.76,31.19,1.273,3,0,0
SEG_STATE_AS1,state,24.19,1.45,23.95,22.63,1.422,2,0,0
SEG_DIST_AR1,district,37.85,29.12,33.0,27.18,0.536,7,0,0
SEG_DIST_AR1,district,9.2,16.94,6.37,44.4,0.803,7,0,1
SEG_STATE_AS1,state,14.48,19.74,11.19,12.13,1.922,4,0,1
SEG_HWY_NH37,highway,11.09,3.39,10.53,5.0,3.097,3,0,0
SEG_DIST_AR1,district,12.01,3.88,11.36,29.81,0.293,2,0,0
SEG_STATE_MN2,state,56.48,2.18,56.12,15.65,2.254,3,1,1
SEG_HWY_NH37,highway,6.54,18.73,3.42,14.56,3.328,7,1,0
SEG_DIST_MZ1,district,20.46,22.86,16.65,36.39,0.498,3,0,0
SEG_RURAL_TR1,rural,6.63,4.09,5.95,38.11,0.329,0,0,1
SEG_HWY_NH27,highway,46.58,8.09,45.23,13.76,4.998,5,0,0
SEG_STATE_MN2,state,51.91,8.84,50.44,18.66,1.61,1,1,1
SEG_RURAL_NL1,rural,7.15,20.29,3.77,46.57,0.409,0,0,1
SEG_STATE_MN2,state,40.37,5.26,39.49,23.04,1.573,5,0,0
SEG_DIST_AR1,district,21.25,4.96,20.42,30.55,0.162,3,0,1
SEG_HWY_NH37,highway,26.25,15.36,23.68,0.0,2.582,1,0,0
SEG_RURAL_NL1,rural,14.89,15.77,12.26,35.36,0.141,4,1,1
SEG_RURAL_NL1,rural,36.86,15.73,34.24,45.58,0.465,2,0,1
SEG_RURAL_NL1,rural,5.47,17.47,2.56,38.4,0.366,5,0,1
SEG_DIST_MZ1,district,12.95,21.69,9.33,29.51,0.214,0,0,0
SEG_HWY_NH37,highway,66.22,2.37,65.83,4.43,2.811,0,0,0
SEG_HWY_NH37,highway,21.82,33.41,16.25,3.8,3.361,5,0,0
SEG_DIST_AR1,district,13.15,1.39,12.92,29.11,1.178,3,0,0
SEG_STATE_MN2,state,50.23,10.17,48.54,20.22,1.701,1,0,0
SEG_RURAL_TR1,rural,35.96,13.37,33.73,42.45,0.194,2,0,1
SEG_STATE_MN2,state,21.65,5.86,20.67,20.32,1.71,2,0,0
SEG_DIST_MZ1,district,123.66,25.65,119.39,33.22,0.83,3,0,1
SEG_STATE_MN2,state,32.22,4.47,31.47,18.12,2.069,1,0,1
SEG_STATE_MN2,state,11.22,0.2,11.19,18.9,2.165,0,0,0
SEG_DIST_AR1,district,56.39,42.86,49.25,29.08,0.641,3,0,0
SEG_RURAL_TR1,rural,18.74,5.08,17.89,42.99,0.05,3,0,1
SEG_STATE_AS1,state,17.96,9.88,16.32,21.5,1.557,4,0,1
SEG_HWY_NH27,highway,15.86,13.25,13.65,2.97,5.28,3,0,0
SEG_STATE_AS1,state,16.21,1.5,15.96,20.38,1.702,1,0,0
SEG_STATE_AS1,state,19.84,7.81,18.54,24.97,1.853,2,0,0
SEG_HWY_NH27,highway,47.76,11.14,45.91,9.53,4.78,5,0,1
SEG_RURAL_NL1,rural,26.59,23.21,22.72,39.16,0.05,8,0,1
SEG_HWY_NH37,highway,25.94,34.2,20.24,8.22,3.016,2,0,0
SEG_RURAL_NL1,rural,20.04,14.32,17.65,46.93,0.227,0,0,1
SEG_DIST_AR1,district,12.49,8.85,11.01,30.86,0.965,2,0,1
SEG_DIST_AR1,district,27.93,1.6,27.66,29.52,0.665,2,0,1
SEG_STATE_AS1,state,2.44,17.74,-0.52,19.71,2.021,4,0,0
SEG_STATE_AS1,state,43.25,10.88,41.44,12.18,1.869,0,0,0
SEG_DIST_AR1,district,28.46,15.17,25.93,32.7,0.392,2,0,0
SEG_HWY_NH37,highway,34.1,2.85,33.63,0.0,3.683,0,0,0
SEG_DIST_MZ1,district,31.94,16.35,29.22,43.05,0.558,1,0,0
SEG_RURAL_TR1,rural,2.51,17.39,-0.39,47.27,1.019,4,0,0
SEG_STATE_AS1,state,28.85,8.6,27.42,24.93,1.793,0,0,0
SEG_HWY_NH37,highway,17.29,13.59,15.02,0.68,3.315,1,0,0
SEG_STATE_AS1,state,10.82,11.1,8.97,17.27,1.768,0,1,1
SEG_DIST_MZ1,district,33.41,10.61,31.64,31.35,0.78,1,0,0
SEG_HWY_NH37,highway,30.51,3.9,29.86,2.98,3.445,2,1,0
SEG_DIST_AR1,district,19.28,14.44,16.87,19.57,1.246,0,0,1
SEG_RURAL_TR1,rural,38.03,2.85,37.55,42.93,0.05,6,0,0
SEG_DIST_MZ1,district,25.82,11.28,23.94,32.59,0.166,2,0,0
SEG_HWY_NH27,highway,47.3,13.78,45.0,6.73,4.855,1,0,0
SEG_DIST_MZ1,district,39.27,11.69,37.32,33.63,0.674,2,0,0
SEG_STATE_MN2,state,23.33,15.21,20.8,33.31,1.819,3,0,1
SEG_STATE_AS1,state,12.17,7.77,10.88,16.53,1.222,0,0,0
SEG_HWY_NH27,highway,36.6,6.89,35.45,1.95,5.147,0,0,0
SEG_STATE_AS1,state,75.9,0.55,75.81,15.68,1.868,2,0,0
SEG_RURAL_NL1,rural,50.33,1.8,50.03,39.91,0.665,3,1,1
SEG_RURAL_NL1,rural,5.32,5.45,4.41,45.84,0.05,3,0,0
SEG_HWY_NH27,highway,38.01,5.37,37.12,10.47,5.331,10,0,0
SEG_DIST_MZ1,district,30.71,11.54,28.79,34.88,0.581,3,0,0
SEG_STATE_MN2,state,16.05,17.03,13.22,21.2,2.204,10,1,1
SEG_STATE_MN2,state,29.43,37.18,23.23,17.49,2.034,3,0,1
SEG_DIST_MZ1,district,29.89,12.21,27.86,37.05,0.294,0,1,1
SEG_DIST_MZ1,district,29.96,7.77,28.66,29.28,0.353,2,0,0
SEG_DIST_MZ1,district,9.02,15.12,6.5,43.99,0.637,1,0,1
SEG_DIST_AR1,district,10.31,3.65,9.7,28.29,0.939,2,0,1
SEG_STATE_MN2,state,27.74,15.89,25.1,25.23,2.09,8,0,0
SEG_RURAL_TR1,rural,11.26,7.01,10.09,37.58,0.05,14,1,0
SEG_HWY_NH37,highway,15.5,11.97,13.51,13.25,3.01,2,0,0
SEG_HWY_NH27,highway,33.95,8.26,32.58,7.79,4.71,3,1,0
SEG_DIST_MZ1,district,6.33,19.53,3.08,31.47,0.35,1,0,0
SEG_RURAL_TR1,rural,38.43,6.61,37.33,40.59,0.529,0,0,1
SEG_STATE_MN2,state,18.61,25.0,14.45,20.68,2.371,0,0,0
SEG_STATE_MN2,state,26.58,12.44,24.51,34.23,2.065,3,1,1
SEG_HWY_NH37,highway,6.3,7.97,4.97,0.0,2.846,0,0,0
SEG_DIST_MZ1,district,53.11,9.2,51.57,35.99,0.111,7,1,1
SEG_RURAL_NL1,rural,19.08,2.44,18.67,45.48,0.05,0,0,1
SEG_HWY_NH27,highway,20.8,7.3,19.58,1.08,4.815,3,0,0
SEG_RURAL_NL1,rural,22.03,3.04,21.53,36.12,0.05,5,0,0
SEG_DIST_AR1,district,60.25,45.42,52.68,31.19,0.968,1,1,1
SEG_DIST_AR1,district,35.4,20.43,31.99,36.81,0.519,2,0,0
SEG_HWY_NH37,highway,14.91,1.04,14.74,0.73,2.548,3,0,0
SEG_DIST_MZ1,district,19.28,1.47,19.04,30.58,0.477,0,1,1
SEG_RURAL_TR1,rural,21.43,0.96,21.27,46.06,0.05,6,0,1
SEG_RURAL_TR1,rural,6.5,4.09,5.81,39.49,0.05,3,0,0
SEG_HWY_NH37,highway,29.85,40.5,23.1,0.38,3.039,1,0,0
SEG_DIST_AR1,district,69.39,9.66,67.78,26.33,0.42,0,0,0
SEG_STATE_MN2,state,18.71,8.07,17.36,24.8,2.076,4,0,0
SEG_DIST_MZ1,district,28.57,25.6,24.3,39.1,0.31,0,0,0
SEG_HWY_NH27,highway,19.04,10.5,17.29,6.1,4.515,3,0,0
SEG_HWY_NH27,highway,29.42,10.96,27.6,4.68,5.706,5,0,1
SEG_STATE_AS1,state,82.63,12.43,80.56,12.62,1.11,1,1,1
SEG_HWY_NH37,highway,13.94,7.63,12.67,16.78,2.874,0,0,0
SEG_HWY_NH27,highway,9.93,8.88,8.45,7.66,4.769,1,1,0
SEG_STATE_MN2,state,53.74,16.79,50.94,15.38,2.269,3,1,0
SEG_STATE_MN2,state,20.45,1.37,20.22,23.05,1.74,9,0,0
SEG_RURAL_NL1,rural,15.71,14.71,13.26,40.89,0.395,4,0,1
SEG_HWY_NH27,highway,25.91,2.93,25.42,10.23,4.945,0,0,0
SEG_STATE_MN2,state,51.41,21.67,47.8,19.97,2.247,4,1,1
SEG_RURAL_NL1,rural,69.34,0.94,69.19,44.78,0.151,3,0,1
SEG_HWY_NH27,highway,12.74,18.85,9.6,13.35,4.704,4,1,0
SEG_STATE_AS1,state,65.12,9.33,63.57,22.57,1.408,2,1,0
SEG_HWY_NH37,highway,12.55,13.25,10.34,7.31,3.304,7,0,0
SEG_RURAL_TR1,rural,37.59,14.73,35.13,50.81,0.247,1,0,0
SEG_DIST_MZ1,district,18.29,10.37,16.56,29.51,0.607,0,0,0
SEG_HWY_NH37,highway,15.28,10.37,13.55,2.77,3.304,2,0,0
SEG_HWY_NH27,highway,7.15,79.82,-6.15,12.43,4.772,1,0,0
SEG_HWY_NH27,highway,28.41,19.87,25.1,7.23,4.349,1,1,0
SEG_HWY_NH37,highway,14.09,51.44,5.52,7.25,2.939,5,1,1
SEG_STATE_AS1,state,81.05,12.58,78.95,13.44,0.853,3,0,1
SEG_DIST_AR1,district,38.81,4.74,38.02,35.24,0.974,6,1,1
SEG_HWY_NH27,highway,58.42,17.07,55.58,6.04,5.269,0,1,1
SEG_STATE_MN2,state,32.67,21.59,29.07,9.44,1.677,12,0,1
SEG_DIST_AR1,district,31.59,55.28,22.37,19.55,0.138,0,1,0
SEG_RURAL_NL1,rural,22.36,7.86,21.05,47.32,0.679,2,0,1
SEG_RURAL_NL1,rural,43.13,2.44,42.72,40.24,0.669,6,0,0
SEG_RURAL_TR1,rural,17.73,2.99,17.23,44.31,0.05,6,0,1
SEG_RURAL_NL1,rural,29.07,13.94,26.74,32.15,0.107,1,0,1
SEG_RURAL_NL1,rural,43.28,23.4,39.38,44.27,0.418,3,0,1
SEG_DIST_MZ1,district,44.72,11.27,42.84,34.7,0.321,5,0,1
SEG_HWY_NH37,highway,30.15,4.44,29.41,5.52,3.259,3,0,1
SEG_RURAL_NL1,rural,53.34,28.28,48.63,39.2,0.861,3,0,1
SEG_HWY_NH27,highway,31.36,2.34,30.97,8.08,4.644,2,0,0
SEG_HWY_NH37,highway,64.55,23.17,60.69,7.53,2.579,0,1,1
SEG_HWY_NH27,highway,26.98,13.88,24.67,1.72,5.179,0,0,1
SEG_HWY_NH37,highway,33.64,13.99,31.31,1.57,2.579,2,0,0
SEG_HWY_NH27,highway,17.91,67.32,6.69,9.27,5.552,6,0,0
SEG_DIST_MZ1,district,6.44,19.15,3.25,35.68,0.776,2,0,1
SEG_HWY_NH27,highway,35.66,3.85,35.02,7.16,5.064,1,0,1
SEG_DIST_AR1,district,17.28,11.01,15.45,28.72,0.726,5,0,1
SEG_DIST_AR1,district,53.05,7.12,51.86,25.69,0.331,3,1,1
SEG_HWY_NH27,highway,7.66,17.87,4.68,11.04,5.282,3,0,0
SEG_DIST_AR1,district,10.05,3.75,9.43,33.9,1.34,6,0,1
SEG_RURAL_TR1,rural,10.32,13.08,8.14,39.86,0.586,13,0,1
SEG_RURAL_NL1,rural,69.58,10.11,67.89,40.81,0.531,1,0,1
SEG_RURAL_NL1,rural,15.42,16.89,12.61,31.38,0.116,3,0,0
SEG_HWY_NH37,highway,7.36,18.66,4.25,1.05,3.263,5,0,0
SEG_RURAL_TR1,rural,23.04,35.04,17.2,53.91,0.437,0,0,0
SEG_STATE_AS1,state,52.08,11.56,50.15,19.36,1.384,1,0,0
SEG_STATE_MN2,state,12.19,37.2,5.99,15.46,1.937,5,0,0
SEG_STATE_AS1,state,13.71,16.86,10.9,20.98,1.722,2,0,0
SEG_RURAL_NL1,rural,21.9,2.31,21.52,42.82,0.549,11,1,1
SEG_DIST_AR1,district,47.1,24.57,43.0,31.91,1.023,0,0,0
SEG_STATE_AS1,state,86.26,22.81,82.46,18.11,1.178,0,0,0
SEG_DIST_AR1,district,52.69,8.43,51.29,23.14,0.216,0,0,1
SEG_DIST_MZ1,district,43.6,45.71,35.99,36.58,0.494,2,0,1
SEG_HWY_NH37,highway,66.83,34.89,61.02,3.67,2.449,3,0,0
SEG_STATE_AS1,state,16.5,14.24,14.13,19.39,1.386,4,0,0
SEG_HWY_NH27,highway,12.07,25.45,7.82,4.01,4.594,0,0,0
SEG_HWY_NH37,highway,13.65,21.2,10.12,12.04,2.606,0,0,0
SEG_HWY_NH37,highway,51.97,15.48,49.39,5.11,3.342,10,1,1
SEG_RURAL_NL1,rural,17.25,35.87,11.27,38.15,0.405,2,0,0
SEG_HWY_NH27,highway,14.54,4.52,13.79,14.73,5.058,2,0,0
SEG_DIST_AR1,district,18.23,9.28,16.68,35.47,1.258,0,0,0
SEG_STATE_MN2,state,13.26,1.5,13.01,22.8,2.592,2,0,0
SEG_DIST_MZ1,district,47.85,1.89,47.54,37.49,0.278,4,0,1
SEG_STATE_MN2,state,35.82,1.49,35.57,19.19,2.247,3,0,0
SEG_RURAL_NL1,rural,26.3,18.13,23.28,41.26,0.438,4,0,1
SEG_STATE_AS1,state,6.11,1.32,5.89,17.94,1.504,4,0,0
SEG_STATE_AS1,state,5.12,24.69,1.01,16.51,1.135,0,0,0
SEG_STATE_AS1,state,16.32,26.19,11.96,21.18,1.421,2,0,1
SEG_STATE_MN2,state,14.99,20.63,11.56,26.42,1.736,1,0,1
SEG_DIST_AR1,district,6.53,25.78,2.24,30.89,1.19,3,0,0
SEG_STATE_MN2,state,15.59,4.4,14.85,26.02,2.098,2,0,0
SEG_HWY_NH27,highway,14.99,7.41,13.76,4.56,4.717,5,0,0
SEG_STATE_AS1,state,11.79,14.45,9.38,15.1,1.45,4,0,0
SEG_HWY_NH37,highway,18.97,8.92,17.49,13.63,2.702,7,0,0
SEG_RURAL_TR1,rural,15.12,7.04,13.95,41.83,0.05,1,0,1
SEG_HWY_NH27,highway,12.24,5.14,11.38,2.2,4.908,4,0,0
SEG_DIST_AR1,district,12.01,3.65,11.4,38.71,1.006,1,1,1
SEG_HWY_NH27,highway,15.49,18.24,12.45,6.76,4.664,7,0,0
SEG_DIST_AR1,district,23.6,10.73,21.81,19.65,0.889,3,0,0
SEG_HWY_NH27,highway,5.51,19.2,2.31,15.75,4.872,1,0,0
SEG_STATE_MN2,state,11.91,4.85,11.1,16.79,1.824,1,1,0
SEG_RURAL_TR1,rural,18.67,15.33,16.12,42.9,0.422,5,0,0
SEG_DIST_MZ1,district,8.9,21.6,5.3,39.31,0.588,9,0,1
SEG_DIST_MZ1,district,28.92,33.82,23.29,38.84,0.457,2,0,1
SEG_STATE_AS1,state,21.73,3.96,21.07,14.94,1.404,5,0,1
SEG_STATE_MN2,state,38.89,17.37,36.0,22.67,2.176,0,0,0
SEG_HWY_NH27,highway,20.22,17.14,17.36,15.6,5.067,0,0,0
SEG_DIST_AR1,district,40.25,46.84,32.45,36.83,1.218,3,0,0
SEG_HWY_NH27,highway,9.83,6.03,8.82,8.54,4.767,4,1,0
SEG_STATE_MN2,state,14.41,16.5,11.66,15.58,1.978,2,0,0
SEG_DIST_MZ1,district,58.04,22.7,54.25,35.76,0.388,5,0,1
SEG_RURAL_TR1,rural,4.42,13.44,2.18,48.5,0.127,2,0,0
SEG_RURAL_TR1,rural,22.01,16.12,19.33,42.91,0.479,1,0,0
SEG_DIST_MZ1,district,22.88,14.67,20.44,32.63,0.551,6,0,0
SEG_DIST_AR1,district,24.04,8.26,22.67,36.18,0.517,5,0,0
SEG_STATE_AS1,state,14.36,4.8,13.56,12.68,1.587,5,0,1
SEG_DIST_MZ1,district,56.5,11.09,54.65,32.93,0.052,7,1,1
SEG_DIST_MZ1,district,33.81,9.44,32.24,32.02,0.076,3,0,0
SEG_RURAL_NL1,rural,40.64,2.38,40.24,33.81,0.924,0,0,0
SEG_STATE_AS1,state,25.83,1.75,25.54,18.67,1.289,4,0,0
SEG_HWY_NH37,highway,34.43,3.53,33.84,9.99,3.197,5,0,1
SEG_DIST_MZ1,district,34.08,10.81,32.28,33.94,0.16,0,0,1
SEG_STATE_MN2,state,38.8,45.74,31.18,26.53,1.821,0,0,0
SEG_STATE_MN2,state,38.5,7.05,37.32,14.46,1.773,0,0,0
SEG_RURAL_NL1,rural,23.92,11.95,21.93,38.98,0.494,0,0,0
SEG_DIST_AR1,district,34.73,19.57,31.47,29.68,1.191,5,0,1
SEG_DIST_MZ1,district,40.23,6.57,39.13,28.79,0.503,4,0,1
SEG_STATE_AS1,state,40.04,1.05,39.86,15.5,1.488,4,0,1
SEG_DIST_MZ1,district,43.77,8.39,42.37,40.15,0.514,4,0,0
SEG_RURAL_TR1,rural,13.62,16.57,10.86,40.63,0.071,12,0,1
SEG_RURAL_TR1,rural,17.94,6.74,16.82,38.3,0.283,0,0,1
SEG_RURAL_TR1,rural,27.87,1.21,27.67,48.56,0.05,19,0,0
SEG_DIST_MZ1,district,20.85,5.11,20.0,33.21,0.694,1,0,0
SEG_DIST_AR1,district,7.07,7.16,5.88,36.1,0.62,1,0,1
SEG_RURAL_TR1,rural,14.4,6.86,13.26,44.55,0.113,9,0,0
SEG_HWY_NH27,highway,8.94,13.44,6.7,7.64,5.475,5,0,0
SEG_STATE_AS1,state,29.93,24.94,25.77,24.03,0.972,1,0,1
SEG_HWY_NH27,highway,42.65,6.56,41.56,3.93,5.334,5,0,0
SEG_DIST_AR1,district,24.68,28.84,19.87,35.7,0.709,8,0,1
SEG_STATE_AS1,state,26.63,4.56,25.87,21.19,1.42,5,1,1
SEG_STATE_MN2,state,16.74,66.46,5.66,23.39,2.055,4,0,0
SEG_DIST_AR1,district,52.46,3.97,51.8,29.38,0.293,5,1,0
SEG_HWY_NH27,highway,62.99,4.17,62.3,0.0,5.204,1,1,1
SEG_HWY_NH27,highway,8.88,4.66,8.11,8.61,5.458,1,0,0
SEG_HWY_NH37,highway,26.05,7.04,24.88,0.0,3.312,5,0,0
SEG_HWY_NH37,highway,39.13,9.49,37.55,4.87,3.15,0,0,1
SEG_RURAL_NL1,rural,20.91,3.31,20.36,47.43,0.409,6,0,1
SEG_STATE_MN2,state,51.2,11.56,49.27,25.23,1.715,5,1,1
SEG_HWY_NH37,highway,31.83,6.15,30.81,1.12,2.897,5,0,0
SEG_DIST_AR1,district,14.68,44.74,7.22,36.37,0.428,1,0,0
SEG_RURAL_TR1,rural,13.35,22.64,9.57,38.51,0.463,0,0,0
SEG_STATE_AS1,state,9.33,8.17,7.97,18.36,1.845,5,0,1
SEG_DIST_MZ1,district,25.69,29.06,20.85,32.79,0.349,2,0,0
SEG_RURAL_NL1,rural,12.94,24.35,8.88,38.43,0.087,3,0,1
SEG_STATE_MN2,state,20.4,1.31,20.18,27.8,2.036,2,0,0
SEG_DIST_AR1,district,42.86,12.15,40.84,24.45,0.246,1,0,1
SEG_STATE_AS1,state,25.94,14.11,23.59,17.17,1.337,0,1,1
SEG_RURAL_TR1,rural,22.42,6.58,21.33,50.44,0.326,1,0,1
SEG_HWY_NH27,highway,15.39,24.01,11.38,6.13,5.234,12,0,0
SEG_RURAL_NL1,rural,17.35,8.02,16.02,40.39,0.686,2,1,0
SEG_DIST_MZ1,district,63.81,20.7,60.36,35.44,1.006,3,0,1
SEG_HWY_NH37,highway,25.79,3.83,25.15,4.24,3.029,6,0,0
SEG_STATE_MN2,state,12.22,0.29,12.18,21.64,1.691,3,0,0
SEG_STATE_AS1,state,37.68,26.14,33.32,21.19,1.433,0,0,0
SEG_STATE_AS1,state,20.35,4.57,19.59,23.76,1.32,5,0,0
SEG_RURAL_TR1,rural,25.16,13.33,22.94,50.61,0.071,1,0,0
SEG_STATE_AS1,state,26.65,50.84,18.18,15.71,1.019,5,0,1
SEG_STATE_AS1,state,37.24,8.48,35.82,17.12,1.132,2,0,0
SEG_STATE_AS1,state,24.95,11.52,23.03,17.0,1.887,1,0,0
SEG_RURAL_TR1,rural,55.58,5.94,54.59,41.67,0.05,3,0,0
SEG_DIST_MZ1,district,18.05,16.23,15.35,29.01,0.377,1,1,1
SEG_HWY_NH37,highway,31.43,3.33,30.87,4.05,2.543,1,0,1
SEG_STATE_MN2,state,12.67,11.55,10.74,33.43,2.025,6,0,1
SEG_RURAL_TR1,rural,8.16,14.41,5.75,37.7,0.231,4,0,0
SEG_STATE_MN2,state,35.72,20.85,32.25,20.0,1.942,1,0,0
SEG_HWY_NH27,highway,80.26,13.43,78.02,3.14,5.177,1,0,0
SEG_DIST_AR1,district,10.16,5.43,9.25,34.24,1.045,2,0,0
SEG_DIST_MZ1,district,9.29,28.51,4.53,36.02,0.4,4,0,1
SEG_STATE_MN2,state,49.06,23.16,45.2,17.22,1.705,4,0,0
SEG_HWY_NH37,highway,12.13,5.13,11.28,1.21,2.752,0,0,0
SEG_STATE_MN2,state,4.21,48.49,-3.87,23.62,1.841,2,0,0
SEG_DIST_MZ1,district,19.0,18.11,15.98,39.61,0.238,3,0,0
SEG_RURAL_NL1,rural,24.95,11.14,23.09,47.18,0.91,5,0,0
SEG_RURAL_TR1,rural,33.97,23.78,30.01,50.8,0.42,1,0,1
SEG_RURAL_TR1,rural,12.68,3.61,12.08,40.72,0.869,1,0,1
SEG_HWY_NH37,highway,17.61,6.73,16.49,13.83,2.828,2,0,1
SEG_HWY_NH37,highway,38.87,33.61,33.27,0.0,3.307,7,0,0
SEG_DIST_MZ1,district,13.8,4.9,12.98,39.61,0.658,6,0,1
SEG_HWY_NH27,highway,3.71,18.27,0.66,3.32,4.852,4,0,0
SEG_DIST_AR1,district,33.62,26.63,29.18,29.89,0.612,3,0,0
SEG_DIST_AR1,district,69.56,3.88,68.91,34.9,0.996,5,1,1
SEG_STATE_AS1,state,22.5,24.36,18.44,27.39,1.304,2,0,1
SEG_RURAL_NL1,rural,48.13,10.77,46.34,31.95,0.975,0,0,0
SEG_RURAL_NL1,rural,9.6,16.97,6.77,35.45,0.265,8,0,1
SEG_DIST_MZ1,district,13.84,26.71,9.39,35.53,0.963,2,0,0
SEG_HWY_NH27,highway,40.74,10.64,38.96,4.48,4.581,2,0,0
SEG_DIST_AR1,district,10.09,26.32,5.7,32.31,1.023,3,0,0
SEG_RURAL_NL1,rural,18.35,12.97,16.19,45.16,0.226,2,0,1
SEG_STATE_MN2,state,13.78,9.48,12.2,17.7,1.809,7,1,1
SEG_RURAL_NL1,rural,27.99,7.83,26.68,42.19,0.451,2,0,0
SEG_DIST_MZ1,district,4.06,12.4,2.0,20.8,0.66,1,0,0
SEG_DIST_MZ1,district,8.67,20.76,5.21,43.58,0.583,1,0,0
SEG_RURAL_TR1,rural,19.05,21.45,15.48,48.31,0.05,7,0,0
SEG_RURAL_TR1,rural,83.04,5.23,82.17,44.32,0.05,4,0,1
SEG_HWY_NH37,highway,12.37,5.24,11.49,6.7,2.885,2,0,0
SEG_STATE_AS1,state,42.04,23.73,38.09,14.38,1.519,7,0,1
SEG_RURAL_TR1,rural,24.34,8.99,22.84,43.35,0.05,0,1,1
SEG_STATE_AS1,state,9.81,4.42,9.08,16.81,1.225,4,0,1
SEG_STATE_MN2,state,18.49,46.67,10.71,22.63,2.144,4,0,1
SEG_HWY_NH27,highway,10.39,11.18,8.52,10.58,5.035,2,0,0
SEG_DIST_AR1,district,3.08,14.63,0.64,29.08,1.051,0,0,0
SEG_STATE_MN2,state,17.74,1.62,17.47,21.36,2.074,3,0,0
SEG_STATE_AS1,state,4.16,31.14,-1.03,14.85,1.026,1,0,1
SEG_STATE_AS1,state,14.19,26.26,9.81,16.41,1.374,1,0,0
SEG_STATE_AS1,state,25.38,23.44,21.47,16.98,1.489,0,0,0
SEG_DIST_MZ1,district,30.58,39.98,23.91,33.74,1.039,1,0,0
SEG_HWY_NH27,highway,30.95,39.7,24.33,7.74,4.457,5,0,1
SEG_STATE_MN2,state,12.22,8.53,10.8,28.75,1.835,5,0,0
SEG_RURAL_NL1,rural,32.85,42.01,25.85,41.79,0.05,4,0,1
SEG_DIST_MZ1,district,18.71,11.18,16.85,37.23,0.751,0,0,0
SEG_HWY_NH27,highway,25.93,9.46,24.35,3.53,4.327,5,0,0
SEG_RURAL_TR1,rural,50.99,4.88,50.18,43.37,0.205,2,0,0
SEG_RURAL_TR1,rural,60.99,32.17,55.63,32.09,0.17,0,0,0
SEG_RURAL_TR1,rural,34.48,20.92,30.99,43.1,0.05,2,0,0
SEG_STATE_MN2,state,17.94,0.87,17.79,27.43,1.743,5,0,1
SEG_STATE_AS1,state,17.24,6.69,16.13,20.39,1.926,0,0,0
SEG_RURAL_NL1,rural,114.08,14.64,111.64,27.09,0.972,0,0,1
SEG_HWY_NH37,highway,16.78,7.74,15.49,0.0,3.175,1,0,1
SEG_STATE_MN2,state,14.56,18.5,11.48,20.3,1.904,8,0,0
SEG_HWY_NH37,highway,2.77,11.36,0.87,0.0,2.91,0,0,0
SEG_STATE_AS1,state,23.67,28.42,18.93,21.19,1.308,4,0,0
SEG_STATE_AS1,state,33.84,9.33,32.29,20.87,1.967,9,1,1
SEG_STATE_AS1,state,5.93,8.03,4.59,22.3,1.792,5,0,0
SEG_HWY_NH37,highway,16.36,13.02,14.19,0.86,2.875,1,0,1
SEG_STATE_AS1,state,19.44,49.66,11.17,22.89,1.649,3,0,1
SEG_HWY_NH37,highway,12.68,13.66,10.41,12.73,3.012,3,0,1
SEG_STATE_AS1,state,2.38,0.74,2.26,14.14,1.527,3,0,0
SEG_DIST_AR1,district,41.02,14.2,38.66,31.73,0.443,3,0,1
SEG_STATE_AS1,state,60.63,7.92,59.31,11.25,1.265,7,1,1
SEG_RURAL_NL1,rural,7.53,3.31,6.98,42.33,0.05,5,0,0
SEG_HWY_NH37,highway,12.21,3.26,11.66,5.38,2.294,1,0,0
SEG_DIST_AR1,district,21.16,59.22,11.29,30.62,1.332,6,0,0
SEG_HWY_NH27,highway,30.01,6.43,28.93,10.68,4.824,2,0,0
SEG_STATE_MN2,state,55.2,64.02,44.53,29.93,1.544,3,1,1
SEG_RURAL_TR1,rural,11.67,3.69,11.05,48.06,0.294,1,0,1
SEG_RURAL_TR1,rural,16.65,0.53,16.56,46.69,0.491,1,1,0
SEG_RURAL_TR1,rural,6.94,11.71,4.99,44.7,0.05,2,0,1
SEG_STATE_AS1,state,75.34,2.19,74.97,18.51,0.986,5,0,1
SEG_STATE_MN2,state,26.09,14.1,23.74,28.45,2.215,6,0,1
SEG_RURAL_NL1,rural,34.44,6.45,33.37,37.97,0.135,2,0,0
SEG_STATE_AS1,state,28.29,3.03,27.79,23.72,1.213,3,0,0
SEG_STATE_AS1,state,46.97,2.02,46.64,9.39,1.637,4,0,0
SEG_DIST_AR1,district,29.69,28.6,24.92,28.96,1.246,1,0,1
SEG_STATE_AS1,state,32.29,15.51,29.7,20.8,1.562,3,0,0
SEG_DIST_MZ1,district,21.72,36.07,15.71,40.24,0.524,5,0,1
SEG_RURAL_TR1,rural,22.22,22.99,18.39,49.28,0.586,5,0,0
SEG_HWY_NH27,highway,27.56,15.91,24.91,14.01,4.76,4,0,0
SEG_STATE_MN2,state,14.51,1.46,14.27,17.31,2.347,1,0,1
SEG_RURAL_NL1,rural,35.28,0.88,35.13,42.15,0.346,1,1,1
SEG_RURAL_NL1,rural,28.4,34.02,22.73,35.99,0.05,1,0,0
SEG_STATE_AS1,state,17.11,16.39,14.38,11.22,1.399,3,0,0
SEG_HWY_NH27,highway,41.26,8.33,39.87,15.51,5.041,8,0,1
SEG_HWY_NH37,highway,50.97,20.65,47.52,6.35,2.955,6,1,0
SEG_STATE_MN2,state,21.7,6.42,20.63,28.18,1.964,5,0,1
SEG_RURAL_NL1,rural,36.02,7.27,34.81,39.65,0.351,0,0,1
SEG_STATE_AS1,state,9.17,8.09,7.82,9.63,1.507,3,0,0
SEG_HWY_NH27,highway,14.66,32.07,9.31,0.0,5.27,10,0,1
SEG_STATE_AS1,state,40.53,10.23,38.82,9.29,1.857,2,0,1
SEG_RURAL_TR1,rural,29.1,4.01,28.43,55.03,0.596,1,0,0
SEG_HWY_NH37,highway,28.95,12.46,26.88,5.86,3.535,2,0,0
SEG_HWY_NH27,highway,1.82,5.94,0.83,5.62,4.183,0,0,0
SEG_HWY_NH27,highway,52.85,35.59,46.91,8.56,4.748,9,0,0
SEG_RURAL_TR1,rural,36.57,5.43,35.67,44.7,0.772,3,0,1
SEG_STATE_AS1,state,12.23,17.59,9.29,14.05,1.77,1,0,1
SEG_HWY_NH37,highway,10.25,30.73,5.13,0.95,2.339,6,0,0
SEG_RURAL_NL1,rural,52.78,3.81,52.14,34.44,0.604,8,0,0
SEG_RURAL_NL1,rural,15.63,27.63,11.03,40.14,0.05,2,0,1
SEG_DIST_MZ1,district,55.06,24.52,50.97,30.84,0.724,1,0,1
SEG_HWY_NH37,highway,12.38,21.2,8.85,2.51,2.747,1,0,0
SEG_RURAL_NL1,rural,11.82,3.42,11.25,51.03,0.375,2,0,0
SEG_STATE_MN2,state,40.38,12.65,38.27,14.4,2.506,6,0,1
SEG_RURAL_TR1,rural,32.94,35.87,26.96,46.25,0.437,1,0,1
SEG_RURAL_NL1,rural,15.72,3.03,15.22,37.84,0.334,1,1,1
SEG_DIST_MZ1,district,49.55,7.05,48.38,37.31,0.422,5,0,0
SEG_HWY_NH27,highway,69.77,5.49,68.85,4.42,4.771,5,1,0
SEG_RURAL_NL1,rural,18.7,8.89,17.22,43.33,0.753,4,0,0
SEG_STATE_AS1,state,32.91,9.14,31.39,12.03,1.463,2,0,0
SEG_DIST_AR1,district,70.76,4.74,69.97,33.68,0.644,2,0,1
SEG_RURAL_TR1,rural,10.19,4.34,9.47,42.53,0.05,6,1,0
SEG_STATE_MN2,state,6.3,8.64,4.86,18.15,2.1,6,0,0
SEG_HWY_NH27,highway,84.09,13.24,81.89,14.54,4.993,2,1,1
SEG_DIST_AR1,district,26.75,12.3,24.7,36.23,0.385,1,0,1
SEG_RURAL_NL1,rural,25.3,13.44,23.06,32.38,0.128,6,0,0
SEG_DIST_AR1,district,21.13,11.0,19.3,35.43,0.674,1,0,0
SEG_STATE_MN2,state,14.43,3.14,13.91,31.64,2.32,3,0,0
SEG_HWY_NH37,highway,18.33,7.81,17.03,0.0,3.297,3,0,0
SEG_HWY_NH37,highway,22.93,6.45,21.86,6.36,3.402,5,0,0
SEG_HWY_NH27,highway,33.77,5.49,32.86,9.28,5.061,8,0,0
SEG_HWY_NH37,highway,35.05,6.46,33.97,4.53,3.083,2,0,0
SEG_RURAL_NL1,rural,31.87,8.19,30.5,32.23,0.451,2,0,1
SEG_STATE_MN2,state,28.24,20.84,24.77,21.05,2.228,3,1,0
SEG_DIST_MZ1,district,58.2,6.74,57.08,34.56,0.05,5,0,1
SEG_RURAL_NL1,rural,16.44,0.88,16.3,36.1,0.146,4,0,1
SEG_DIST_MZ1,district,26.63,18.3,23.58,42.36,0.639,3,0,1
SEG_HWY_NH27,highway,57.59,63.82,46.95,7.46,5.178,2,1,1
SEG_STATE_AS1,state,26.57,27.92,21.91,15.06,1.519,0,0,0
SEG_RURAL_NL1,rural,50.33,26.81,45.86,34.27,1.1,2,0,0
SEG_DIST_AR1,district,40.45,28.95,35.62,30.96,0.675,2,0,1
SEG_DIST_AR1,district,2.13,20.05,-1.21,31.11,0.544,0,0,1
SEG_RURAL_NL1,rural,27.74,20.38,24.34,45.18,0.195,0,0,1
SEG_DIST_MZ1,district,11.7,6.37,10.63,32.79,0.243,0,0,1
SEG_DIST_AR1,district,15.38,17.86,12.41,23.67,0.747,7,1,0
SEG_RURAL_NL1,rural,23.56,31.43,18.32,42.5,0.779,1,0,0
SEG_STATE_MN2,state,2.28,0.3,2.23,21.53,2.475,3,0,0
SEG_RURAL_NL1,rural,20.52,3.32,19.97,36.82,0.05,5,0,0
SEG_RURAL_TR1,rural,19.18,41.16,12.32,49.52,0.203,1,0,0
SEG_STATE_AS1,state,7.86,8.97,6.36,14.29,1.472,2,0,0
SEG_DIST_MZ1,district,26.16,21.56,22.57,41.76,0.86,1,0,0
SEG_RURAL_TR1,rural,14.54,5.29,13.66,38.93,0.23,1,0,0
SEG_DIST_AR1,district,25.55,3.67,24.94,26.93,0.818,4,0,1
SEG_DIST_AR1,district,3.71,31.89,-1.61,35.12,0.602,7,0,0
SEG_DIST_MZ1,district,15.54,17.26,12.66,37.11,0.343,7,0,0
SEG_RURAL_NL1,rural,30.94,22.81,27.14,46.13,0.05,3,0,1
SEG_STATE_AS1,state,29.56,7.04,28.38,22.69,2.032,4,1,0
SEG_HWY_NH27,highway,26.96,34.61,21.19,8.78,5.239,8,0,0
SEG_STATE_MN2,state,11.44,6.88,10.29,28.24,2.166,2,0,1
SEG_RURAL_TR1,rural,71.09,22.2,67.39,47.56,0.36,3,0,0
SEG_STATE_AS1,state,24.12,3.95,23.46,23.19,1.268,3,0,0
SEG_HWY_NH27,highway,31.77,14.51,29.35,0.0,4.373,1,0,1
SEG_STATE_MN2,state,33.22,16.69,30.44,24.01,2.427,2,0,0
SEG_RURAL_NL1,rural,23.89,25.6,19.62,37.41,0.098,1,0,0
SEG_DIST_MZ1,district,56.51,18.06,53.5,37.02,0.439,2,0,1
SEG_HWY_NH37,highway,26.56,31.22,21.36,0.0,3.174,4,0,0
SEG_STATE_AS1,state,14.56,5.17,13.69,15.23,1.835,0,0,1
SEG_RURAL_NL1,rural,26.53,33.0,21.03,37.84,0.782,2,0,0
SEG_HWY_NH37,highway,17.68,20.72,14.23,6.92,3.011,2,0,0
SEG_HWY_NH27,highway,20.82,4.84,20.01,15.7,4.865,2,0,0
SEG_STATE_AS1,state,21.77,6.46,20.69,13.89,1.476,8,0,0
SEG_RURAL_TR1,rural,19.68,33.81,14.04,49.8,0.188,6,0,0
SEG_RURAL_NL1,rural,30.23,20.66,26.79,41.75,0.2,2,0,0
SEG_HWY_NH27,highway,24.82,4.24,24.11,12.61,4.878,1,0,0
SEG_HWY_NH27,highway,19.23,10.52,17.47,3.91,5.136,2,0,0
SEG_DIST_AR1,district,66.42,15.44,63.85,29.4,0.528,1,0,1
SEG_STATE_MN2,state,27.84,46.26,20.13,28.67,2.105,3,0,1
SEG_DIST_MZ1,district,23.3,22.13,19.61,36.43,1.082,5,0,1
SEG_HWY_NH27,highway,12.22,8.25,10.84,15.84,4.67,2,0,0
SEG_HWY_NH37,highway,17.12,15.27,14.58,3.16,2.716,7,0,0
SEG_RURAL_NL1,rural,8.33,13.91,6.01,33.04,0.728,4,0,0
SEG_RURAL_NL1,rural,65.45,4.21,64.75,33.89,0.058,6,1,1
SEG_DIST_AR1,district,37.56,11.37,35.67,29.06,0.701,3,0,1
SEG_HWY_NH37,highway,10.8,19.43,7.56,17.82,3.066,2,0,0
SEG_STATE_AS1,state,45.74,24.58,41.65,25.98,1.338,6,0,0
SEG_RURAL_TR1,rural,13.46,11.77,11.5,46.9,0.05,5,0,0
SEG_RURAL_TR1,rural,17.32,4.85,16.51,43.66,0.576,0,0,0
SEG_HWY_NH37,highway,10.19,32.51,4.77,2.72,2.471,1,0,0
SEG_STATE_MN2,state,17.7,29.8,12.73,19.39,1.677,1,0,1
SEG_DIST_AR1,district,20.65,14.26,18.27,31.47,0.985,0,0,0
SEG_STATE_MN2,state,17.63,3.25,17.09,19.66,1.286,2,0,0
SEG_HWY_NH37,highway,5.42,8.1,4.07,2.42,3.481,0,0,0
SEG_STATE_MN2,state,13.8,0.79,13.66,18.73,2.179,7,0,0
SEG_STATE_AS1,state,30.31,5.41,29.41,18.79,1.183,3,0,1
SEG_HWY_NH37,highway,73.51,15.37,70.95,3.93,3.354,5,0,0
SEG_DIST_MZ1,district,8.35,8.8,6.88,31.44,0.165,2,0,1
SEG_STATE_MN2,state,23.84,35.21,17.98,18.07,1.935,2,0,0
SEG_HWY_NH37,highway,78.6,21.81,74.97,4.28,2.934,3,0,1
SEG_STATE_AS1,state,1.01,1.2,0.81,8.41,2.04,3,0,0
SEG_HWY_NH27,highway,33.31,15.89,30.66,0.61,4.83,0,0,0
SEG_DIST_AR1,district,23.04,62.46,12.63,36.33,0.915,1,1,1
SEG_RURAL_NL1,rural,29.35,51.61,20.75,46.21,0.05,2,0,1
SEG_DIST_MZ1,district,51.16,9.69,49.55,33.59,0.423,1,0,0
SEG_RURAL_NL1,rural,16.03,12.95,13.87,37.36,0.05,1,0,0
SEG_RURAL_NL1,rural,32.12,24.65,28.01,35.4,0.05,15,0,0
SEG_STATE_MN2,state,39.83,10.14,38.14,22.68,2.12,8,0,1
SEG_HWY_NH37,highway,42.39,15.74,39.76,4.89,3.134,3,0,0
SEG_HWY_NH27,highway,18.19,7.07,17.01,4.97,5.056,6,0,0
SEG_HWY_NH27,highway,63.71,27.6,59.11,9.96,4.809,2,0,0
SEG_DIST_AR1,district,22.54,13.25,20.33,35.93,0.667,1,0,0
SEG_DIST_MZ1,district,30.47,22.95,26.64,32.96,0.565,4,0,1
SEG_DIST_MZ1,district,34.35,4.73,33.56,32.52,0.74,2,0,0
SEG_DIST_AR1,district,12.72,4.97,11.89,35.17,0.545,2,0,1
SEG_STATE_MN2,state,22.95,13.6,20.68,26.04,2.185,0,1,1
SEG_STATE_MN2,state,26.94,8.14,25.59,23.5,1.882,0,0,0
SEG_RURAL_TR1,rural,14.3,6.71,13.18,43.03,0.116,5,0,1
SEG_RURAL_NL1,rural,8.49,24.56,4.4,38.15,0.276,3,0,0
SEG_HWY_NH37,highway,59.73,23.42,55.82,4.33,2.391,2,1,0
SEG_DIST_AR1,district,32.99,5.54,32.07,41.03,0.664,0,0,0
SEG_STATE_AS1,state,9.53,1.57,9.27,21.35,1.231,14,0,1
SEG_RURAL_NL1,rural,15.21,15.11,12.7,34.52,0.05,1,0,0
SEG_HWY_NH27,highway,12.98,13.93,10.66,3.33,5.012,2,0,0
SEG_HWY_NH27,highway,15.63,1.02,15.46,12.56,5.131,2,0,0
SEG_DIST_AR1,district,32.62,6.06,31.61,33.37,1.069,3,0,1
SEG_DIST_MZ1,district,26.33,4.82,25.53,35.39,0.216,8,0,1
SEG_HWY_NH27,highway,28.35,15.31,25.8,9.49,5.236,0,0,0
SEG_DIST_AR1,district,26.16,69.66,14.55,32.1,0.203,0,0,0
SEG_DIST_AR1,district,4.35,9.45,2.77,34.18,0.05,0,0,0
SEG_RURAL_TR1,rural,5.64,15.8,3.01,46.08,0.318,2,0,1
SEG_RURAL_NL1,rural,1.98,6.04,0.97,38.3,0.158,3,1,1
SEG_RURAL_TR1,rural,26.54,24.53,22.45,49.78,0.444,4,0,1
SEG_STATE_MN2,state,16.04,10.84,14.23,22.75,1.795,2,1,1
SEG_DIST_MZ1,district,84.19,6.54,83.1,43.57,0.079,1,0,1
SEG_RURAL_TR1,rural,80.94,18.93,77.79,43.51,0.552,0,1,1
SEG_RURAL_TR1,rural,0.69,11.81,-1.28,43.06,0.664,0,0,0
SEG_HWY_NH37,highway,22.41,29.4,17.51,0.0,3.138,5,0,0
SEG_RURAL_TR1,rural,17.9,8.04,16.56,55.88,0.183,1,0,0
SEG_HWY_NH27,highway,17.13,5.17,16.27,4.51,5.455,5,0,0
SEG_DIST_AR1,district,53.44,22.31,49.73,36.03,0.814,1,0,1
SEG_HWY_NH27,highway,50.47,35.94,44.48,1.89,5.467,0,0,0
SEG_RURAL_NL1,rural,82.45,4.2,81.75,29.1,0.202,0,0,0
SEG_STATE_MN2,state,11.17,5.75,10.21,19.29,2.441,1,0,1
SEG_STATE_MN2,state,10.75,12.87,8.6,24.83,1.768,1,0,0
SEG_DIST_MZ1,district,19.01,47.21,11.14,35.73,0.529,3,0,0
SEG_RURAL_NL1,rural,7.76,49.16,-0.43,38.51,0.502,2,0,0
SEG_DIST_MZ1,district,49.9,17.67,46.96,30.89,0.357,2,0,1
SEG_HWY_NH37,highway,40.78,10.88,38.96,8.5,3.019,7,1,0
SEG_DIST_AR1,district,32.94,15.0,30.44,33.4,0.878,6,0,0
SEG_STATE_MN2,state,21.6,11.35,19.71,20.2,2.451,2,0,0
SEG_DIST_AR1,district,17.79,12.86,15.65,26.84,0.676,3,0,0
SEG_HWY_NH27,highway,14.79,4.48,14.05,10.76,5.231,4,1,1
SEG_RURAL_NL1,rural,67.79,8.99,66.29,38.63,0.462,3,0,0
SEG_DIST_MZ1,district,37.13,18.74,34.01,35.18,0.425,4,0,1
SEG_HWY_NH27,highway,10.71,16.2,8.01,8.72,5.172,3,0,0
SEG_STATE_AS1,state,5.61,0.69,5.5,15.69,1.937,1,0,1
SEG_RURAL_TR1,rural,22.81,35.09,16.96,39.81,0.207,6,0,0
SEG_DIST_MZ1,district,51.07,13.14,48.88,36.29,0.741,3,1,1
SEG_DIST_MZ1,district,3.64,17.39,0.74,36.33,0.483,6,0,0
SEG_STATE_MN2,state,14.76,12.23,12.72,25.66,2.238,2,0,0
SEG_DIST_AR1,district,29.14,9.55,27.54,37.35,0.856,0,0,0
SEG_STATE_AS1,state,6.75,1.36,6.53,9.97,1.393,8,0,0
SEG_STATE_MN2,state,23.69,17.14,20.83,16.33,1.762,2,0,1
SEG_RURAL_TR1,rural,16.98,24.05,12.97,47.09,0.193,4,0,0
SEG_STATE_MN2,state,3.69,30.86,-1.46,19.85,1.908,7,0,0
SEG_STATE_MN2,state,8.83,10.87,7.02,17.87,2.266,8,0,1
SEG_STATE_MN2,state,29.81,17.01,26.98,24.43,2.408,4,0,1
SEG_DIST_AR1,district,86.85,4.28,86.14,24.42,0.803,2,0,0
SEG_STATE_MN2,state,66.15,10.21,64.45,20.72,2.258,2,0,0
SEG_STATE_MN2,state,7.93,7.11,6.75,18.33,1.496,2,0,0
SEG_STATE_MN2,state,1.08,12.55,-1.01,23.99,2.054,4,0,0
SEG_STATE_MN2,state,65.66,11.07,63.82,20.06,1.442,4,0,0
SEG_DIST_MZ1,district,29.94,19.0,26.77,37.05,0.387,0,0,0
SEG_STATE_AS1,state,2.25,22.43,-1.49,8.03,1.368,5,0,0
SEG_HWY_NH27,highway,27.24,8.67,25.79,8.36,5.07,14,0,1
SEG_HWY_NH27,highway,102.88,7.21,101.68,20.57,5.06,0,0,0
SEG_HWY_NH27,highway,1.54,16.59,-1.22,3.76,5.598,0,0,0
SEG_RURAL_TR1,rural,46.6,1.25,46.39,49.43,0.473,1,0,0
SEG_HWY_NH37,highway,8.35,4.13,7.66,4.95,3.503,1,0,0
SEG_HWY_NH37,highway,22.62,17.24,19.75,0.0,2.813,0,1,0
SEG_RURAL_TR1,rural,7.67,28.29,2.95,41.26,0.05,10,0,0
SEG_DIST_MZ1,district,12.88,28.97,8.05,31.16,0.644,7,0,1
SEG_DIST_MZ1,district,45.65,12.05,43.64,51.03,0.326,2,0,1
SEG_RURAL_TR1,rural,24.73,6.92,23.57,46.15,0.05,3,1,1
SEG_DIST_AR1,district,26.14,40.19,19.44,24.71,0.836,1,0,0
SEG_RURAL_TR1,rural,25.69,25.56,21.44,42.39,0.05,3,0,1
SEG_STATE_AS1,state,22.78,5.2,21.91,16.13,1.907,2,0,0
SEG_DIST_AR1,district,37.91,39.41,31.34,31.83,1.403,2,0,1
SEG_RURAL_NL1,rural,25.85,18.31,22.8,35.64,0.346,1,0,1
SEG_STATE_MN2,state,31.32,33.12,25.8,18.35,2.25,13,0,0
SEG_STATE_AS1,state,10.46,44.31,3.08,16.4,1.392,2,0,1
SEG_HWY_NH37,highway,27.81,6.73,26.69,0.03,3.338,1,0,0
SEG_RURAL_NL1,rural,50.55,3.02,50.05,44.17,0.354,6,0,1
SEG_RURAL_TR1,rural,9.81,3.22,9.28,39.48,0.062,1,0,1
SEG_HWY_NH37,highway,42.18,4.89,41.36,11.08,3.38,2,0,0
SEG_DIST_MZ1,district,93.83,4.52,93.08,26.42,0.558,3,1,0
SEG_RURAL_NL1,rural,12.61,8.66,11.16,43.46,0.05,7,0,0
SEG_STATE_AS1,state,21.13,2.08,20.79,24.43,1.457,3,0,0
SEG_RURAL_TR1,rural,27.07,8.88,25.59,44.47,0.267,2,0,0
SEG_HWY_NH27,highway,4.7,11.17,2.84,5.31,5.182,3,0,0
SEG_RURAL_TR1,rural,84.8,13.68,82.52,44.75,0.4,0,0,1
SEG_DIST_MZ1,district,31.17,48.42,23.1,42.2,0.128,3,0,1
SEG_HWY_NH37,highway,17.15,1.65,16.87,0.0,2.942,0,1,0
SEG_HWY_NH37,highway,10.27,7.22,9.06,7.85,3.426,3,0,0
SEG_STATE_MN2,state,49.3,41.1,42.45,24.83,2.188,1,0,0
SEG_RURAL_NL1,rural,22.46,6.49,21.38,36.9,0.482,1,0,0
SEG_HWY_NH27,highway,53.77,13.01,51.6,1.91,5.667,1,0,0
SEG_DIST_MZ1,district,31.95,3.5,31.37,36.79,0.486,4,0,0
SEG_DIST_MZ1,district,15.68,4.84,14.88,34.62,0.609,8,1,1
SEG_DIST_AR1,district,62.06,0.91,61.91,21.22,0.328,0,1,1
SEG_STATE_AS1,state,89.94,16.04,87.26,16.61,1.93,4,1,0
SEG_DIST_AR1,district,17.31,4.84,16.5,38.18,0.853,3,0,0
SEG_STATE_MN2,state,39.69,11.65,37.75,23.93,1.975,6,0,1
SEG_DIST_AR1,district,14.16,22.1,10.48,27.6,0.693,3,0,1
SEG_RURAL_TR1,rural,30.59,10.14,28.9,41.57,0.571,9,0,1
SEG_DIST_MZ1,district,62.8,16.23,60.1,34.95,0.931,1,0,1
SEG_DIST_MZ1,district,21.93,5.12,21.07,38.69,0.712,0,0,0
SEG_STATE_AS1,state,22.02,21.87,18.37,19.36,1.591,8,0,1
SEG_RURAL_TR1,rural,13.9,42.36,6.84,46.14,0.694,1,1,1
SEG_RURAL_NL1,rural,19.99,6.13,18.97,31.91,0.227,5,0,1
SEG_STATE_MN2,state,48.14,23.21,44.27,17.96,1.45,2,0,1
SEG_RURAL_NL1,rural,14.51,7.24,13.3,52.7,1.15,0,0,1
SEG_DIST_MZ1,district,35.1,29.03,30.26,36.93,0.109,0,0,0
SEG_DIST_MZ1,district,10.91,16.15,8.21,40.47,0.628,1,0,1
SEG_RURAL_NL1,rural,22.96,9.74,21.34,41.04,0.184,2,0,0
SEG_DIST_AR1,district,41.53,24.04,37.52,26.64,0.763,1,0,0
SEG_RURAL_TR1,rural,5.33,7.77,4.04,48.08,0.05,1,0,1
SEG_STATE_AS1,state,39.94,2.55,39.52,16.8,1.384,0,0,1
SEG_STATE_AS1,state,13.96,22.02,10.29,18.29,1.371,7,1,1
SEG_STATE_MN2,state,25.72,0.24,25.68,19.73,1.698,0,0,0
SEG_HWY_NH27,highway,5.25,14.64,2.81,18.1,4.718,0,1,0
SEG_DIST_AR1,district,11.22,22.51,7.47,28.35,0.707,1,0,0
SEG_STATE_MN2,state,25.83,62.97,15.34,27.07,2.134,1,1,0
SEG_RURAL_NL1,rural,18.85,0.21,18.82,37.47,0.209,4,0,0
SEG_RURAL_NL1,rural,59.62,1.97,59.29,41.01,0.986,5,0,0
SEG_STATE_MN2,state,40.19,26.7,35.74,21.54,1.614,0,0,0
SEG_STATE_AS1,state,21.9,22.12,18.22,5.48,1.519,9,0,0
SEG_STATE_AS1,state,12.81,20.33,9.43,19.26,1.25,2,0,0
SEG_RURAL_TR1,rural,60.63,2.57,60.2,53.7,0.098,1,1,0
SEG_HWY_NH37,highway,3.78,35.08,-2.06,3.06,2.84,2,0,0
SEG_STATE_AS1,state,12.76,9.2,11.23,14.68,1.33,1,0,0
SEG_RURAL_NL1,rural,39.31,4.38,38.58,34.49,0.238,0,0,0
SEG_RURAL_TR1,rural,52.45,16.84,49.64,44.55,0.479,1,1,1
SEG_STATE_AS1,state,11.17,4.69,10.39,19.65,1.876,3,0,1
SEG_DIST_MZ1,district,9.19,23.04,5.35,36.59,0.431,1,0,0
SEG_RURAL_TR1,rural,22.08,16.74,19.29,50.73,0.05,2,0,0
SEG_DIST_AR1,district,24.36,2.17,24.0,32.19,0.942,2,0,1
SEG_DIST_AR1,district,60.57,2.91,60.09,29.18,1.191,0,1,0
SEG_HWY_NH37,highway,17.6,8.92,16.11,0.82,2.852,5,0,0
SEG_RURAL_NL1,rural,8.45,8.96,6.96,44.29,0.524,7,0,0
SEG_HWY_NH27,highway,33.73,2.78,33.27,8.49,4.711,2,0,0
SEG_STATE_AS1,state,37.37,12.21,35.34,14.55,1.135,3,0,0
SEG_HWY_NH37,highway,36.44,59.2,26.58,0.01,2.323,1,0,0
SEG_STATE_MN2,state,10.04,0.83,9.9,18.02,2.013,2,0,0
SEG_DIST_AR1,district,94.94,10.1,93.26,29.12,0.351,3,1,1
SEG_RURAL_TR1,rural,27.07,29.41,22.17,40.6,0.437,4,0,1
SEG_HWY_NH27,highway,19.31,8.37,17.91,8.89,4.946,4,1,0
SEG_RURAL_TR1,rural,17.35,1.07,17.17,41.81,0.05,4,0,1
SEG_DIST_MZ1,district,25.3,9.47,23.72,35.03,0.612,1,0,0
SEG_DIST_AR1,district,27.0,34.44,21.26,30.13,1.544,2,0,1
SEG_DIST_MZ1,district,11.44,15.99,8.77,39.3,0.881,6,0,0
SEG_DIST_MZ1,district,18.72,24.13,14.69,36.22,0.312,5,0,1
SEG_DIST_AR1,district,29.95,7.31,28.73,29.01,0.244,5,0,0
SEG_DIST_MZ1,district,46.29,8.02,44.96,33.5,0.687,3,1,1
SEG_HWY_NH37,highway,36.46,7.59,35.19,5.2,2.631,0,0,0
SEG_RURAL_NL1,rural,8.2,39.43,1.62,43.48,0.606,10,0,0
SEG_HWY_NH27,highway,55.85,6.5,54.76,2.75,4.699,3,0,0
SEG_DIST_MZ1,district,25.37,23.71,21.42,28.83,0.289,3,0,0
SEG_STATE_MN2,state,51.21,8.62,49.78,28.36,1.806,3,1,1
SEG_STATE_AS1,state,58.41,18.84,55.26,10.1,1.159,9,1,0
SEG_DIST_AR1,district,35.39,5.25,34.52,35.11,0.824,8,0,1
SEG_DIST_MZ1,district,19.55,29.89,14.57,34.56,0.606,0,0,0
SEG_DIST_MZ1,district,5.94,19.09,2.76,25.29,0.463,6,0,1
SEG_RURAL_TR1,rural,18.75,43.67,11.47,46.68,0.436,3,0,1
SEG_RURAL_TR1,rural,21.56,12.59,19.46,45.87,0.193,1,0,1
SEG_HWY_NH27,highway,31.27,2.92,30.78,11.52,4.604,0,0,0
SEG_RURAL_NL1,rural,9.75,11.24,7.88,27.69,0.05,1,1,0
SEG_DIST_AR1,district,21.3,32.63,15.86,34.56,0.638,2,0,0
SEG_RURAL_TR1,rural,17.51,21.8,13.88,46.45,0.846,2,0,0
SEG_STATE_AS1,state,37.94,10.8,36.13,21.13,1.741,1,0,1
SEG_STATE_AS1,state,11.57,13.01,9.41,8.45,1.988,3,0,0
SEG_DIST_MZ1,district,37.03,7.82,35.73,30.84,0.508,10,0,1
SEG_RURAL_NL1,rural,22.15,27.29,17.6,38.12,0.05,3,0,0
SEG_RURAL_NL1,rural,18.25,2.11,17.9,39.07,0.372,5,0,1
SEG_HWY_NH27,highway,31.42,4.74,30.63,14.71,4.943,2,0,0
SEG_HWY_NH27,highway,40.38,41.64,33.44,8.36,4.963,3,0,0
SEG_STATE_AS1,state,23.9,21.99,20.24,22.94,1.861,7,0,0
SEG_DIST_MZ1,district,21.57,13.7,19.28,41.78,0.871,0,0,0
SEG_STATE_MN2,state,48.53,2.34,48.14,24.47,1.866,8,1,1
SEG_DIST_MZ1,district,9.69,12.56,7.59,37.05,0.891,2,0,0
SEG_DIST_MZ1,district,68.11,3.44,67.53,28.77,0.636,3,0,0
SEG_DIST_AR1,district,41.87,21.98,38.21,30.95,0.782,2,0,1
SEG_DIST_AR1,district,17.22,6.67,16.1,35.81,1.057,2,0,1
SEG_RURAL_NL1,rural,16.4,8.09,15.05,42.9,0.087,7,0,1
SEG_DIST_AR1,district,15.4,16.29,12.68,29.21,0.548,7,0,0
SEG_RURAL_TR1,rural,49.69,15.03,47.19,48.4,0.18,1,0,1
SEG_DIST_MZ1,district,27.15,7.86,25.84,36.99,1.059,4,0,0
SEG_RURAL_TR1,rural,46.35,5.52,45.43,35.44,0.234,8,0,0
SEG_RURAL_NL1,rural,36.98,9.64,35.37,40.88,0.269,2,0,1
SEG_STATE_AS1,state,31.06,37.09,24.88,25.1,1.318,1,0,0
SEG_STATE_AS1,state,9.85,10.69,8.07,17.06,1.67,0,0,0
SEG_HWY_NH37,highway,21.95,17.82,18.98,7.5,2.663,6,0,0
SEG_STATE_AS1,state,20.14,8.89,18.66,17.18,1.702,1,0,0
SEG_STATE_MN2,state,15.65,17.58,12.72,14.57,2.012,6,0,1
SEG_DIST_AR1,district,15.05,24.17,11.02,33.49,0.928,3,0,1
SEG_HWY_NH27,highway,18.78,14.04,16.44,0.0,4.739,0,0,0
SEG_STATE_MN2,state,12.56,28.05,7.88,21.75,1.748,2,0,0
SEG_STATE_AS1,state,17.04,19.52,13.79,15.0,0.562,6,0,0
SEG_RURAL_NL1,rural,6.94,28.34,2.22,46.12,0.331,10,0,1
SEG_HWY_NH27,highway,18.1,6.29,17.05,10.97,4.379,6,0,0
SEG_HWY_NH27,highway,21.52,35.67,15.57,7.58,5.295,2,0,0
SEG_HWY_NH27,highway,9.03,24.17,5.01,3.1,4.28,1,0,0
SEG_RURAL_TR1,rural,91.13,20.17,87.77,42.75,0.23,2,0,1
SEG_HWY_NH37,highway,120.09,16.36,117.36,0.0,3.158,1,0,1
SEG_HWY_NH37,highway,13.91,20.73,10.46,3.69,3.002,1,0,0
SEG_RURAL_NL1,rural,55.58,43.29,48.37,41.27,0.491,3,0,1
SEG_HWY_NH27,highway,28.72,29.12,23.87,5.77,5.098,7,0,0
SEG_HWY_NH27,highway,57.48,12.11,55.46,5.85,4.829,3,1,0
SEG_DIST_AR1,district,31.1,4.51,30.35,38.14,0.87,3,0,1
SEG_STATE_AS1,state,54.4,1.63,54.12,26.35,1.366,4,0,0
SEG_HWY_NH27,highway,56.85,6.89,55.7,2.23,4.611,6,0,1
SEG_RURAL_NL1,rural,4.68,31.13,-0.51,39.56,0.247,0,0,0
SEG_DIST_AR1,district,3.93,10.36,2.2,30.03,1.216,5,0,0
SEG_STATE_MN2,state,29.59,14.39,27.19,23.85,1.812,3,0,1
SEG_STATE_MN2,state,26.87,52.79,18.07,15.86,2.202,1,0,0
SEG_DIST_AR1,district,25.87,3.25,25.32,28.04,0.824,7,0,1
SEG_RURAL_TR1,rural,34.82,19.67,31.54,49.43,0.05,1,0,1
SEG_STATE_AS1,state,66.07,16.89,63.26,14.36,1.906,1,1,1
SEG_STATE_AS1,state,28.75,31.33,23.53,14.71,0.891,10,0,1
SEG_STATE_AS1,state,63.98,22.93,60.16,14.37,1.743,4,0,1
SEG_HWY_NH37,highway,19.82,15.61,17.22,7.85,3.144,12,0,1
SEG_HWY_NH37,highway,45.89,14.57,43.47,7.67,2.892,2,0,0
SEG_DIST_MZ1,district,60.8,3.87,60.15,39.45,0.635,2,0,1
SEG_DIST_MZ1,district,22.9,3.49,22.32,43.66,0.455,1,0,0
SEG_RURAL_TR1,rural,42.07,19.15,38.88,34.59,0.05,2,0,1
SEG_RURAL_TR1,rural,32.13,32.37,26.73,48.66,0.05,5,0,1
SEG_DIST_AR1,district,5.58,7.89,4.26,34.95,0.554,8,0,0
SEG_RURAL_TR1,rural,38.95,5.56,38.02,42.31,0.494,3,0,1
SEG_STATE_AS1,state,11.9,16.98,9.07,23.0,1.597,5,0,1
SEG_STATE_AS1,state,33.4,13.36,31.18,20.78,2.047,1,0,1
SEG_RURAL_TR1,rural,37.03,12.91,34.88,42.68,0.687,1,0,1
SEG_RURAL_NL1,rural,12.99,9.64,11.39,25.66,0.628,1,0,0
SEG_DIST_AR1,district,8.95,17.02,6.11,30.95,0.917,5,0,1
SEG_DIST_MZ1,district,10.04,2.29,9.66,33.71,0.77,2,0,0
SEG_RURAL_TR1,rural,28.81,18.33,25.76,51.36,0.05,1,0,1
SEG_STATE_MN2,state,11.26,5.84,10.29,18.9,1.707,1,0,0
SEG_HWY_NH27,highway,7.4,10.13,5.71,10.97,4.838,7,0,0
SEG_RURAL_TR1,rural,9.38,3.89,8.74,52.88,0.31,6,0,1
SEG_DIST_AR1,district,62.47,23.52,58.55,30.88,0.791,4,0,0
SEG_DIST_MZ1,district,15.58,20.14,12.22,34.05,0.834,1,0,0
SEG_RURAL_NL1,rural,9.52,37.76,3.23,38.04,0.521,0,0,0
SEG_DIST_AR1,district,10.48,17.61,7.54,29.44,1.004,4,0,1
SEG_STATE_AS1,state,32.1,13.98,29.78,11.6,1.151,1,0,1
SEG_DIST_AR1,district,15.28,29.04,10.44,34.45,0.442,6,0,0
SEG_HWY_NH37,highway,12.74,13.9,10.42,5.82,3.205,0,0,0
SEG_HWY_NH37,highway,12.83,14.02,10.5,7.54,3.477,1,1,0
SEG_STATE_AS1,state,24.83,25.41,20.6,8.5,1.021,7,0,0
SEG_DIST_MZ1,district,85.89,1.55,85.63,39.1,0.428,3,0,1
SEG_DIST_AR1,district,40.6,13.8,38.3,25.72,0.05,2,0,1
SEG_RURAL_TR1,rural,38.73,13.76,36.44,36.38,0.05,3,0,0
SEG_HWY_NH37,highway,14.02,23.27,10.14,1.18,2.866,6,0,0
SEG_RURAL_TR1,rural,26.6,7.05,25.42,46.63,0.667,1,0,0
SEG_RURAL_TR1,rural,9.81,33.65,4.21,36.66,0.394,2,0,0
SEG_DIST_AR1,district,44.52,1.76,44.23,37.23,0.627,5,0,1
SEG_HWY_NH37,highway,23.51,4.2,22.81,4.31,2.891,2,0,0
SEG_RURAL_NL1,rural,16.87,9.14,15.34,42.41,0.419,0,0,0
SEG_DIST_AR1,district,28.65,12.31,26.6,34.29,0.767,0,0,1
SEG_STATE_MN2,state,9.31,3.1,8.8,20.26,1.602,9,0,1
SEG_HWY_NH37,highway,33.79,10.09,32.11,13.14,3.393,0,0,0
SEG_DIST_MZ1,district,20.49,27.03,15.98,38.69,0.756,3,0,1
SEG_STATE_MN2,state,56.95,10.39,55.22,24.16,2.129,14,0,1
SEG_RURAL_NL1,rural,36.5,37.38,30.27,38.07,0.41,4,0,1
SEG_RURAL_NL1,rural,5.32,17.93,2.33,38.04,0.177,1,0,0
SEG_RURAL_NL1,rural,27.8,0.69,27.68,28.31,0.527,1,0,0
SEG_STATE_MN2,state,21.0,21.34,17.45,21.18,1.837,0,0,0
SEG_STATE_AS1,state,43.68,4.27,42.97,19.76,1.234,4,0,0
SEG_RURAL_NL1,rural,22.44,6.15,21.42,40.76,0.548,3,1,1
SEG_RURAL_NL1,rural,24.21,14.63,21.78,42.09,0.259,7,0,0
SEG_STATE_MN2,state,45.84,0.33,45.79,15.7,1.434,4,0,0
SEG_DIST_AR1,district,17.7,19.99,14.37,33.97,0.589,2,0,0
SEG_HWY_NH27,highway,64.88,10.26,63.17,12.65,4.541,0,0,0
SEG_RURAL_NL1,rural,10.74,27.76,6.11,47.12,0.05,0,0,0
SEG_STATE_MN2,state,57.95,0.68,57.84,14.73,1.419,1,1,1
SEG_DIST_AR1,district,60.13,7.49,58.88,28.22,1.23,0,0,0
SEG_DIST_AR1,district,16.61,23.0,12.77,21.1,0.424,8,0,0
SEG_DIST_AR1,district,28.78,19.6,25.51,25.59,0.673,8,0,0
SEG_RURAL_NL1,rural,11.63,41.07,4.79,37.77,1.131,1,1,0
SEG_STATE_MN2,state,27.24,10.31,25.52,26.89,1.871,1,0,0
SEG_HWY_NH27,highway,13.59,39.62,6.99,7.02,5.096,5,0,0
SEG_STATE_AS1,state,21.04,2.26,20.66,24.29,2.026,0,0,0
SEG_STATE_AS1,state,14.59,16.54,11.83,22.06,1.792,2,0,0
SEG_DIST_AR1,district,4.62,11.24,2.74,30.24,1.224,4,1,0
SEG_HWY_NH27,highway,28.44,17.01,25.61,9.43,5.373,2,0,0
SEG_RURAL_TR1,rural,11.28,42.01,4.28,41.59,0.242,3,0,1
SEG_RURAL_TR1,rural,36.49,13.94,34.17,33.31,0.185,1,0,0
SEG_DIST_AR1,district,21.38,39.22,14.84,30.46,0.531,6,0,0
SEG_RURAL_TR1,rural,8.06,8.07,6.72,40.73,0.923,2,0,1
SEG_STATE_MN2,state,3.89,29.55,-1.03,22.03,1.884,1,0,0
SEG_DIST_MZ1,district,46.59,23.14,42.73,29.5,0.738,2,0,1
SEG_HWY_NH37,highway,34.27,13.46,32.03,2.08,2.765,8,0,0
SEG_STATE_AS1,state,19.17,18.28,16.13,28.03,1.488,1,0,0
SEG_HWY_NH37,highway,63.79,3.19,63.26,18.01,3.001,6,1,1
SEG_HWY_NH37,highway,16.07,18.2,13.03,3.61,2.825,1,0,0
SEG_STATE_AS1,state,11.65,9.94,9.99,21.19,1.204,0,0,0
SEG_HWY_NH27,highway,35.56,6.65,34.45,12.6,4.737,8,0,0
SEG_DIST_AR1,district,12.3,10.99,10.47,31.9,0.971,4,0,0
SEG_DIST_AR1,district,36.24,20.39,32.84,24.25,0.95,5,0,1
SEG_STATE_AS1,state,6.99,2.3,6.61,25.77,0.875,4,0,0
SEG_RURAL_TR1,rural,25.41,15.9,22.76,43.18,0.618,0,0,0
SEG_HWY_NH37,highway,59.94,20.87,56.47,1.07,2.883,0,0,1
SEG_STATE_MN2,state,26.9,15.48,24.32,12.64,1.597,2,0,0
SEG_HWY_NH27,highway,18.57,7.69,17.29,6.19,5.007,6,0,0
SEG_STATE_AS1,state,39.45,10.78,37.65,16.71,1.942,1,0,0
SEG_HWY_NH37,highway,17.81,36.33,11.76,1.11,2.522,12,0,1
SEG_RURAL_TR1,rural,12.29,0.42,12.22,36.57,0.159,2,0,1
SEG_STATE_MN2,state,11.44,11.73,9.48,24.14,1.26,2,0,0
SEG_DIST_MZ1,district,34.24,20.21,30.87,37.46,0.705,0,0,0
SEG_RURAL_NL1,rural,22.22,36.69,16.11,47.6,0.442,1,1,0
SEG_DIST_AR1,district,3.99,18.73,0.86,21.48,0.572,5,0,0
SEG_RURAL_TR1,rural,5.84,19.75,2.55,49.8,0.641,5,0,1
SEG_DIST_MZ1,district,27.93,4.94,27.11,41.01,0.958,0,0,0
SEG_RURAL_TR1,rural,64.15,29.14,59.3,43.72,0.71,4,1,0
SEG_HWY_NH37,highway,33.2,25.01,29.03,8.02,3.07,1,0,1
SEG_DIST_MZ1,district,23.45,1.57,23.19,22.49,0.743,6,0,1
SEG_HWY_NH27,highway,76.93,0.44,76.86,5.79,4.921,3,0,0
SEG_STATE_AS1,state,28.77,12.06,26.76,9.57,1.348,4,0,0
SEG_HWY_NH37,highway,26.71,3.07,26.2,3.78,3.225,1,0,0
SEG_DIST_AR1,district,31.02,32.08,25.67,31.73,0.579,1,0,1
SEG_RURAL_NL1,rural,28.45,2.7,28.0,47.24,0.296,3,0,1
SEG_HWY_NH27,highway,22.91,10.52,21.16,6.54,4.899,0,1,1
SEG_RURAL_TR1,rural,43.66,7.38,42.43,35.29,0.455,6,0,0
SEG_STATE_AS1,state,16.17,1.11,15.98,17.91,1.476,0,0,0
SEG_STATE_MN2,state,97.19,19.28,93.97,28.12,2.118,2,1,1
SEG_DIST_AR1,district,14.49,20.99,10.99,29.73,0.541,7,0,0
SEG_RURAL_NL1,rural,11.71,4.69,10.93,29.68,0.058,4,0,0
SEG_HWY_NH37,highway,43.72,20.69,40.27,3.54,2.951,8,0,0
SEG_HWY_NH27,highway,16.0,24.89,11.86,4.88,5.008,2,0,0
SEG_STATE_MN2,state,70.87,6.49,69.78,28.83,2.178,5,0,0
SEG_RURAL_NL1,rural,11.5,9.61,9.9,42.7,0.237,6,0,1
SEG_RURAL_TR1,rural,53.88,17.11,51.03,33.79,0.363,5,0,1
SEG_STATE_MN2,state,19.32,22.66,15.54,19.93,1.371,1,0,0
SEG_HWY_NH37,highway,9.19,21.92,5.53,0.0,2.497,1,0,0
SEG_STATE_MN2,state,95.34,6.92,94.19,29.5,2.162,1,1,0
SEG_RURAL_TR1,rural,21.4,14.74,18.95,40.66,0.05,2,0,1
SEG_HWY_NH27,highway,8.64,10.28,6.93,0.89,5.001,0,0,0
SEG_STATE_MN2,state,5.98,0.39,5.92,28.98,1.651,6,0,1
SEG_RURAL_TR1,rural,7.83,7.89,6.52,38.78,0.05,4,0,0
SEG_RURAL_NL1,rural,33.32,8.69,31.87,32.43,0.346,0,1,1
SEG_DIST_AR1,district,22.26,0.75,22.13,28.53,0.694,4,0,1
SEG_DIST_MZ1,district,61.15,81.07,47.64,40.74,0.692,4,1,0
SEG_STATE_AS1,state,30.56,10.66,28.78,14.07,1.332,0,1,1
SEG_HWY_NH37,highway,24.26,17.12,21.41,11.22,2.391,2,0,0
SEG_HWY_NH27,highway,58.87,25.88,54.56,14.57,4.772,0,1,1
SEG_DIST_AR1,district,10.22,10.24,8.51,31.59,0.509,0,0,0
SEG_RURAL_TR1,rural,62.19,18.18,59.16,45.93,0.05,10,0,1
SEG_DIST_AR1,district,16.81,10.0,15.15,27.52,0.835,5,0,0
SEG_STATE_MN2,state,12.82,10.91,11.0,19.17,2.072,1,0,0
SEG_DIST_MZ1,district,30.06,2.99,29.56,34.26,0.265,0,0,1
SEG_HWY_NH37,highway,65.09,26.66,60.64,3.25,3.418,3,1,0
SEG_STATE_MN2,state,7.17,11.6,5.24,21.16,1.995,1,0,0
SEG_HWY_NH27,highway,33.99,5.12,33.14,2.62,5.315,1,0,0
SEG_STATE_MN2,state,25.22,8.9,23.74,22.42,1.781,3,0,0
SEG_RURAL_NL1,rural,16.97,21.39,13.41,42.11,0.301,1,1,1
SEG_DIST_MZ1,district,31.48,25.58,27.22,35.37,0.227,2,0,1
SEG_HWY_NH37,highway,31.79,15.91,29.14,0.0,2.387,1,0,0
SEG_STATE_AS1,state,23.0,6.78,21.87,21.43,1.099,1,0,0
SEG_DIST_AR1,district,1.37,20.78,-2.1,40.54,0.669,3,0,1
SEG_HWY_NH27,highway,11.94,46.96,4.11,13.89,5.073,6,0,0
SEG_RURAL_NL1,rural,18.96,25.58,14.7,35.8,0.656,0,0,0
SEG_STATE_MN2,state,41.83,11.22,39.96,25.64,2.056,2,0,1
SEG_HWY_NH37,highway,12.26,1.03,12.09,1.93,3.196,5,1,1
SEG_HWY_NH37,highway,17.63,23.56,13.71,6.61,2.632,11,0,0
SEG_RURAL_TR1,rural,20.16,18.49,17.08,48.76,0.437,0,0,1
SEG_STATE_AS1,state,26.13,11.91,24.15,5.53,1.952,0,0,0
SEG_DIST_MZ1,district,4.26,5.73,3.3,39.42,0.247,3,0,0
SEG_HWY_NH27,highway,70.48,2.61,70.04,3.45,4.922,1,1,1
SEG_STATE_MN2,state,21.8,13.19,19.6,24.48,1.644,1,0,0
SEG_STATE_AS1,state,5.36,21.56,1.77,24.73,2.053,1,0,0
SEG_RURAL_TR1,rural,14.29,9.57,12.69,34.67,0.41,3,0,1
SEG_HWY_NH27,highway,10.15,26.27,5.77,14.35,4.916,0,0,0
SEG_DIST_MZ1,district,7.36,7.28,6.15,35.42,0.15,7,0,0
SEG_HWY_NH37,highway,11.72,31.37,6.49,0.0,3.392,4,0,0
SEG_HWY_NH37,highway,29.55,8.13,28.2,8.13,3.708,0,0,0
SEG_DIST_MZ1,district,30.13,4.48,29.39,30.31,0.329,4,0,0
SEG_STATE_AS1,state,70.89,14.45,68.48,17.15,1.354,6,0,1
SEG_HWY_NH27,highway,23.26,35.54,17.33,7.75,5.219,0,0,0
SEG_STATE_AS1,state,32.62,26.04,28.28,19.12,1.28,7,1,1
SEG_RURAL_TR1,rural,21.19,13.73,18.9,38.63,0.21,2,0,1
SEG_STATE_MN2,state,22.77,8.19,21.4,20.43,1.749,0,0,0
SEG_DIST_MZ1,district,14.7,3.65,14.09,36.85,0.21,6,0,0
SEG_DIST_MZ1,district,16.63,3.53,16.04,44.96,0.399,6,0,0
SEG_RURAL_TR1,rural,16.44,9.53,14.85,45.5,0.05,9,0,0
SEG_STATE_MN2,state,42.02,27.66,37.41,12.61,1.998,2,0,0
SEG_HWY_NH37,highway,30.81,6.78,29.68,0.0,2.575,3,0,0
SEG_RURAL_NL1,rural,48.77,51.93,40.12,39.82,0.492,1,0,0
SEG_DIST_MZ1,district,42.16,39.09,35.65,37.49,0.573,4,0,0
SEG_STATE_AS1,state,9.21,7.03,8.04,21.76,1.282,0,0,0
SEG_DIST_AR1,district,9.71,30.69,4.6,25.57,0.989,4,0,0
SEG_HWY_NH37,highway,2.58,11.13,0.72,5.84,2.87,2,0,0
SEG_RURAL_TR1,rural,25.87,4.69,25.09,39.08,0.05,5,0,0
SEG_RURAL_TR1,rural,12.06,0.42,11.99,45.49,0.381,11,0,1
SEG_DIST_AR1,district,17.05,8.57,15.62,30.18,0.765,3,0,0
SEG_RURAL_TR1,rural,2.95,1.81,2.65,49.2,0.319,2,0,0
SEG_STATE_MN2,state,44.64,21.62,41.03,24.45,2.093,1,0,0
SEG_STATE_AS1,state,43.17,8.21,41.8,12.6,2.304,6,0,0
SEG_DIST_MZ1,district,8.1,16.37,5.37,39.66,0.334,2,1,0
SEG_DIST_MZ1,district,61.76,4.19,61.07,36.4,0.365,0,0,0
SEG_RURAL_TR1,rural,20.87,7.05,19.69,44.06,0.674,4,0,1
SEG_DIST_AR1,district,18.74,17.18,15.88,34.71,0.739,4,0,1
SEG_STATE_AS1,state,14.44,1.58,14.17,22.7,1.88,1,0,1
SEG_HWY_NH27,highway,6.57,13.7,4.28,10.26,5.185,1,1,1
SEG_STATE_AS1,state,21.98,6.82,20.85,15.62,1.54,6,0,0
SEG_RURAL_TR1,rural,6.6,13.76,4.31,58.34,0.05,0,0,1
SEG_DIST_AR1,district,30.72,4.19,30.02,35.13,1.094,3,0,1
SEG_DIST_AR1,district,3.55,23.23,-0.32,32.01,0.385,2,0,1
SEG_DIST_MZ1,district,29.63,10.94,27.81,42.6,0.172,2,0,0
SEG_RURAL_TR1,rural,62.18,4.76,61.38,48.37,0.223,3,0,1
SEG_HWY_NH37,highway,25.67,18.68,22.56,5.67,2.823,2,0,0
SEG_RURAL_NL1,rural,11.92,50.75,3.46,44.74,0.375,1,0,0
SEG_STATE_AS1,state,10.85,11.01,9.01,24.48,1.136,3,0,1
SEG_HWY_NH37,highway,10.75,16.61,7.98,7.25,3.109,2,0,1
SEG_DIST_MZ1,district,24.22,36.41,18.15,39.46,0.532,5,0,1
SEG_STATE_MN2,state,10.01,4.83,9.21,15.29,1.551,2,0,0
SEG_DIST_MZ1,district,20.24,18.63,17.14,40.02,0.761,2,0,1
SEG_HWY_NH27,highway,5.52,3.03,5.02,1.99,5.886,1,1,1
SEG_RURAL_NL1,rural,6.11,5.46,5.2,29.37,0.442,2,0,0
SEG_STATE_MN2,state,21.85,2.72,21.4,23.07,2.492,2,1,0
SEG_RURAL_TR1,rural,49.99,27.31,45.44,43.86,0.284,1,0,1
SEG_STATE_AS1,state,19.18,19.25,15.98,12.79,1.447,0,0,0
SEG_DIST_AR1,district,13.24,22.55,9.48,26.9,0.605,4,0,1
SEG_DIST_MZ1,district,49.45,5.7,48.5,38.53,0.423,0,0,0
SEG_RURAL_NL1,rural,8.93,3.3,8.38,37.6,0.865,3,1,1
SEG_DIST_MZ1,district,37.68,23.64,33.74,35.78,0.563,1,1,1
SEG_HWY_NH27,highway,20.23,4.4,19.5,8.04,5.233,4,0,1
SEG_HWY_NH27,highway,79.44,58.3,69.72,1.49,4.823,1,0,0
SEG_HWY_NH27,highway,85.22,58.76,75.42,0.0,4.642,1,0,0
SEG_HWY_NH37,highway,33.49,0.21,33.46,7.32,2.97,2,0,1
SEG_STATE_AS1,state,42.83,28.08,38.15,16.55,1.345,3,1,0
SEG_STATE_AS1,state,12.33,3.21,11.8,19.7,1.46,1,1,0
SEG_HWY_NH37,highway,34.14,10.72,32.35,0.0,3.119,4,0,0
SEG_STATE_MN2,state,25.67,19.72,22.38,24.46,2.35,0,1,1
SEG_HWY_NH27,highway,7.29,11.47,5.38,5.48,5.365,7,0,0
SEG_RURAL_TR1,rural,30.83,4.34,30.11,34.18,0.639,0,0,0
SEG_STATE_MN2,state,42.28,6.65,41.18,24.9,2.077,11,0,0
SEG_HWY_NH27,highway,41.06,9.94,39.4,9.18,4.853,5,0,0
SEG_HWY_NH37,highway,18.36,18.23,15.33,1.9,3.077,2,0,0
SEG_RURAL_NL1,rural,72.24,16.08,69.56,42.9,0.538,5,1,1
SEG_RURAL_TR1,rural,6.47,2.47,6.05,34.2,0.22,0,0,0
SEG_DIST_AR1,district,57.28,8.54,55.86,29.71,0.824,3,1,0
SEG_HWY_NH37,highway,9.63,8.86,8.15,17.66,3.308,7,0,1
SEG_DIST_MZ1,district,14.85,28.97,10.02,34.86,0.05,1,0,0
SEG_STATE_MN2,state,42.74,1.2,42.54,19.32,1.637,1,1,0
SEG_HWY_NH27,highway,47.77,31.07,42.59,7.32,4.822,1,0,0
SEG_HWY_NH37,highway,47.25,16.02,44.58,13.51,2.95,2,0,1
SEG_STATE_MN2,state,41.19,5.69,40.24,21.15,1.954,1,0,1
SEG_RURAL_TR1,rural,24.67,11.14,22.82,38.25,0.05,4,0,1
SEG_HWY_NH27,highway,52.27,3.72,51.65,9.24,4.69,0,1,0
SEG_RURAL_TR1,rural,6.12,6.61,5.02,45.21,0.061,5,0,0
SEG_HWY_NH37,highway,40.15,10.87,38.34,2.13,2.823,1,0,0
SEG_DIST_MZ1,district,37.75,5.9,36.76,41.01,1.157,2,0,1
SEG_RURAL_NL1,rural,63.52,6.74,62.39,49.28,0.55,4,0,1
SEG_DIST_MZ1,district,54.08,23.67,50.14,32.45,0.343,1,0,0
SEG_HWY_NH37,highway,41.45,3.9,40.8,11.44,3.185,7,0,1
SEG_DIST_AR1,district,7.65,5.6,6.72,30.47,0.411,3,0,0
SEG_HWY_NH37,highway,33.48,2.72,33.03,7.37,3.538,1,0,0
SEG_HWY_NH27,highway,52.41,17.72,49.45,6.78,5.126,0,0,0
SEG_DIST_AR1,district,61.8,29.64,56.86,34.49,1.01,0,0,1
SEG_HWY_NH27,highway,24.07,15.94,21.41,0.0,4.692,8,0,0
SEG_STATE_MN2,state,16.83,4.51,16.08,21.66,1.785,1,0,1
SEG_HWY_NH27,highway,5.17,16.95,2.35,8.87,4.764,7,0,0
SEG_HWY_NH27,highway,41.55,1.91,41.23,11.66,4.937,1,0,0
SEG_STATE_MN2,state,91.32,4.97,90.49,25.9,1.48,0,1,1
SEG_RURAL_NL1,rural,16.75,1.57,16.49,44.19,0.239,5,0,0
SEG_STATE_MN2,state,26.63,1.51,26.38,20.29,2.237,0,0,0
SEG_STATE_MN2,state,33.86,8.47,32.45,19.28,2.541,3,0,0
SEG_STATE_MN2,state,23.13,6.77,22.0,32.29,1.957,0,0,0
SEG_STATE_AS1,state,38.7,13.71,36.41,14.39,1.05,5,0,0
SEG_RURAL_NL1,rural,12.27,3.68,11.66,38.07,0.622,0,0,0
SEG_HWY_NH27,highway,33.69,10.63,31.92,4.54,4.786,2,0,0
SEG_DIST_MZ1,district,32.42,10.11,30.74,42.83,0.721,0,0,0
SEG_RURAL_TR1,rural,31.86,12.27,29.82,48.17,0.05,2,0,0
SEG_RURAL_NL1,rural,9.5,9.53,7.91,31.98,0.05,3,1,1
SEG_HWY_NH27,highway,60.13,17.24,57.26,13.23,5.22,2,0,1
SEG_STATE_AS1,state,2.5,2.63,2.06,22.79,2.177,15,1,0
SEG_STATE_AS1,state,71.33,7.93,70.01,23.27,1.738,0,1,1
SEG_RURAL_NL1,rural,51.08,27.68,46.47,39.55,0.079,3,1,1
SEG_DIST_MZ1,district,37.47,19.13,34.28,37.91,0.764,0,1,1
SEG_STATE_AS1,state,36.51,12.02,34.51,22.3,1.736,1,0,0
SEG_RURAL_TR1,rural,29.14,31.72,23.85,36.38,0.195,2,0,0
SEG_DIST_MZ1,district,23.88,6.47,22.8,38.83,0.247,3,0,0
SEG_DIST_MZ1,district,5.41,14.66,2.97,28.59,0.477,0,1,0
SEG_DIST_MZ1,district,13.39,57.17,3.86,45.72,0.488,4,0,0
SEG_DIST_MZ1,district,13.65,12.63,11.55,40.71,0.761,1,0,0
SEG_RURAL_NL1,rural,67.27,22.23,63.56,37.25,0.724,0,1,0
SEG_RURAL_NL1,rural,111.96,11.25,110.08,39.9,0.787,2,0,1
SEG_DIST_MZ1,district,19.94,17.81,16.97,35.22,0.818,3,0,0
SEG_STATE_MN2,state,6.42,19.14,3.23,22.72,1.615,3,1,0
SEG_STATE_MN2,state,20.09,7.88,18.77,21.66,2.362,7,0,1
SEG_RURAL_NL1,rural,38.09,22.77,34.3,41.4,0.05,5,0,1
SEG_DIST_AR1,district,5.45,19.22,2.24,30.24,0.518,5,0,0
SEG_DIST_MZ1,district,61.65,3.58,61.05,39.28,0.445,0,0,0
SEG_RURAL_TR1,rural,4.43,20.22,1.06,46.83,0.05,6,1,1
SEG_RURAL_TR1,rural,9.45,23.03,5.62,44.92,0.4,0,0,1
SEG_RURAL_NL1,rural,23.66,28.56,18.9,43.61,0.36,4,0,0
SEG_HWY_NH37,highway,22.56,2.76,22.1,4.53,3.703,7,0,0
SEG_HWY_NH37,highway,15.01,18.39,11.95,0.0,3.225,1,0,0
SEG_DIST_AR1,district,20.56,8.26,19.18,31.97,0.628,5,0,0
SEG_HWY_NH37,highway,38.21,19.51,34.96,5.33,3.228,4,0,0
SEG_STATE_AS1,state,28.71,12.05,26.71,15.52,1.61,5,0,0
SEG_DIST_AR1,district,31.08,2.36,30.69,29.85,0.443,3,0,0
SEG_HWY_NH37,highway,20.61,16.55,17.85,8.48,3.139,8,0,1
SEG_DIST_AR1,district,69.85,15.52,67.26,32.32,1.318,4,1,1
SEG_STATE_MN2,state,36.22,14.48,33.8,19.53,2.393,1,0,1
SEG_STATE_MN2,state,34.91,25.29,30.7,22.65,1.326,4,0,0
SEG_DIST_MZ1,district,11.17,10.94,9.35,26.54,0.51,0,0,0
SEG_HWY_NH37,highway,21.85,32.72,16.4,0.9,2.832,1,0,0
SEG_DIST_AR1,district,26.36,9.66,24.75,31.49,0.723,1,1,1
SEG_STATE_AS1,state,79.15,2.65,78.71,22.84,1.475,2,0,1
SEG_HWY_NH27,highway,40.44,18.32,37.39,9.56,5.318,6,0,0
SEG_HWY_NH37,highway,29.67,2.66,29.23,11.45,2.731,3,0,0
SEG_RURAL_TR1,rural,17.96,10.57,16.2,44.36,1.02,0,0,1
SEG_DIST_MZ1,district,83.02,15.68,80.41,32.26,0.56,6,0,1
SEG_STATE_AS1,state,11.94,45.64,4.33,11.82,1.09,3,0,0
SEG_STATE_AS1,state,26.05,10.28,24.34,28.26,1.867,7,0,0
SEG_DIST_AR1,district,89.24,12.32,87.19,29.06,0.488,13,0,1
SEG_DIST_MZ1,district,20.4,2.44,19.99,35.42,0.84,5,1,0
SEG_STATE_MN2,state,62.05,30.03,57.04,23.28,1.97,1,0,1
SEG_STATE_MN2,state,30.02,5.31,29.13,13.74,1.738,7,0,0
SEG_DIST_AR1,district,16.92,3.42,16.35,27.56,0.333,1,1,1
SEG_DIST_AR1,district,13.24,7.42,12.0,25.26,1.438,2,1,1
SEG_HWY_NH27,highway,77.68,5.31,76.79,2.7,5.024,8,0,1
SEG_RURAL_NL1,rural,31.07,7.65,29.79,39.98,0.477,3,0,1
SEG_STATE_MN2,state,18.1,19.0,14.93,29.96,1.822,0,0,0
SEG_HWY_NH27,highway,28.66,12.36,26.6,17.29,4.532,3,0,0
SEG_DIST_MZ1,district,45.66,14.34,43.27,38.17,0.493,7,0,1
SEG_RURAL_TR1,rural,43.14,6.16,42.11,47.05,0.05,3,0,1
SEG_STATE_AS1,state,23.96,8.82,22.49,17.8,1.293,5,0,0
SEG_RURAL_TR1,rural,66.57,14.19,64.2,47.96,0.677,1,0,1
SEG_HWY_NH27,highway,24.83,42.03,17.82,14.18,4.965,3,0,1
SEG_DIST_AR1,district,55.78,11.02,53.94,32.07,1.153,1,0,0
SEG_HWY_NH37,highway,28.52,12.36,26.46,6.12,2.943,4,0,0
SEG_RURAL_NL1,rural,62.51,15.34,59.96,40.41,0.1,10,1,1
SEG_HWY_NH27,highway,22.22,15.16,19.7,4.9,5.62,4,0,0
SEG_HWY_NH37,highway,16.16,10.27,14.45,1.08,2.882,1,0,0
SEG_DIST_MZ1,district,44.99,14.92,42.51,28.11,0.189,3,0,1
SEG_DIST_MZ1,district,16.84,22.83,13.03,38.93,0.05,0,0,0
SEG_RURAL_NL1,rural,59.24,4.63,58.47,34.65,0.667,6,0,1
SEG_RURAL_NL1,rural,28.84,0.84,28.7,35.79,0.443,0,0,0
SEG_HWY_NH27,highway,23.28,19.99,19.94,13.65,5.484,6,1,1
SEG_STATE_MN2,state,10.56,27.71,5.94,18.41,2.214,8,0,0
SEG_HWY_NH37,highway,11.35,9.22,9.81,5.09,3.045,0,0,0
SEG_RURAL_NL1,rural,7.99,22.56,4.23,40.53,0.425,7,1,1
SEG_HWY_NH37,highway,2.08,0.65,1.97,2.34,2.975,0,0,1
SEG_DIST_AR1,district,16.97,7.62,15.7,38.5,0.646,2,0,1
SEG_HWY_NH37,highway,24.09,12.64,21.98,3.15,3.272,1,0,1
SEG_DIST_MZ1,district,56.74,9.99,55.07,37.35,0.384,1,0,1
SEG_STATE_AS1,state,95.91,0.88,95.76,9.47,1.345,15,1,1
SEG_DIST_MZ1,district,37.83,42.37,30.77,45.75,0.352,2,1,0
SEG_STATE_MN2,state,31.15,22.28,27.43,18.48,2.149,1,0,1
SEG_STATE_AS1,state,5.59,23.98,1.6,13.91,0.758,9,0,0
SEG_HWY_NH37,highway,19.93,11.06,18.09,7.07,2.89,1,0,0
SEG_RURAL_NL1,rural,29.29,5.19,28.42,44.21,0.211,8,0,1
SEG_RURAL_TR1,rural,2.68,10.33,0.96,44.62,0.551,1,0,0
SEG_HWY_NH27,highway,38.1,11.89,36.11,5.55,4.992,0,0,0
SEG_STATE_MN2,state,42.04,12.29,39.99,16.87,2.621,3,0,0
SEG_RURAL_NL1,rural,42.48,6.64,41.37,35.69,0.753,5,0,1
SEG_DIST_AR1,district,19.24,5.75,18.28,27.82,0.641,0,0,0
SEG_RURAL_NL1,rural,3.01,12.74,0.89,41.64,0.208,3,0,0
SEG_STATE_AS1,state,18.9,14.33,16.51,9.43,2.417,2,0,0
SEG_STATE_AS1,state,17.57,11.94,15.58,22.95,1.327,2,0,1
SEG_DIST_MZ1,district,44.85,5.6,43.91,37.14,0.492,3,1,1
SEG_HWY_NH27,highway,14.51,5.74,13.55,10.46,4.873,0,0,0
SEG_RURAL_TR1,rural,13.09,1.27,12.87,41.13,0.163,6,0,1
SEG_HWY_NH37,highway,28.86,2.12,28.51,6.85,2.97,4,0,0
SEG_RURAL_NL1,rural,38.82,18.35,35.76,35.2,0.05,4,0,0
SEG_DIST_AR1,district,12.68,29.67,7.73,27.1,0.225,11,0,1
SEG_HWY_NH27,highway,85.33,9.8,83.7,8.35,5.183,5,1,0
SEG_RURAL_NL1,rural,45.49,11.48,43.58,35.68,0.129,3,0,1
SEG_RURAL_NL1,rural,2.92,22.36,-0.81,38.65,0.582,3,0,1
SEG_STATE_AS1,state,80.95,5.47,80.04,25.86,1.387,1,0,1
SEG_STATE_AS1,state,13.07,77.29,0.19,17.89,1.55,1,0,0
SEG_RURAL_TR1,rural,52.59,27.94,47.93,52.0,0.05,3,0,1
SEG_STATE_MN2,state,49.76,30.33,44.71,16.57,2.023,4,0,1
SEG_RURAL_TR1,rural,40.34,7.41,39.11,46.42,0.744,6,0,0
SEG_RURAL_NL1,rural,33.63,19.93,30.31,36.92,0.261,10,0,1
SEG_STATE_MN2,state,4.94,10.62,3.17,18.98,2.16,0,0,0
SEG_STATE_MN2,state,17.67,25.96,13.35,21.84,1.747,3,0,0
SEG_STATE_MN2,state,11.93,3.76,11.3,28.98,1.932,3,1,0
SEG_HWY_NH27,highway,4.45,5.54,3.53,11.25,5.027,6,0,0
SEG_DIST_AR1,district,23.41,14.5,20.99,25.58,0.745,0,0,0
SEG_RURAL_NL1,rural,40.71,4.04,40.04,39.02,0.471,2,0,0
SEG_DIST_MZ1,district,24.74,20.15,21.38,30.06,0.627,0,1,1
SEG_HWY_NH27,highway,8.98,5.8,8.02,5.32,5.698,0,0,0
SEG_HWY_NH27,highway,9.44,12.58,7.34,3.67,5.103,8,0,0
SEG_RURAL_NL1,rural,10.51,10.33,8.79,47.24,0.157,3,1,1
SEG_RURAL_NL1,rural,52.84,11.53,50.92,50.06,0.358,0,1,1
SEG_DIST_MZ1,district,51.43,7.53,50.18,43.78,0.903,5,0,1
SEG_DIST_MZ1,district,6.89,5.14,6.03,31.08,0.738,4,0,0
SEG_STATE_MN2,state,32.71,3.85,32.07,8.21,2.002,0,0,0
SEG_DIST_MZ1,district,5.78,26.99,1.28,33.84,0.287,0,0,0
SEG_DIST_MZ1,district,27.57,8.19,26.21,41.43,0.556,6,0,0
SEG_HWY_NH37,highway,76.87,17.19,74.01,2.22,3.499,1,1,1
SEG_DIST_AR1,district,9.03,20.9,5.55,29.04,0.601,1,0,0
SEG_STATE_AS1,state,8.03,12.6,5.93,20.23,1.905,0,0,1
SEG_DIST_MZ1,district,15.34,25.17,11.14,36.95,0.308,1,0,1
SEG_RURAL_TR1,rural,28.74,19.65,25.47,37.92,0.152,3,0,0
SEG_STATE_AS1,state,48.49,1.91,48.17,26.98,1.626,0,1,1
SEG_RURAL_TR1,rural,20.56,3.25,20.02,40.86,0.05,0,0,1
SEG_HWY_NH37,highway,11.22,11.57,9.29,7.27,2.834,0,1,0
SEG_STATE_MN2,state,16.56,6.41,15.49,21.31,2.43,5,0,0
SEG_STATE_MN2,state,32.3,15.65,29.69,26.98,1.817,1,0,1
SEG_DIST_MZ1,district,76.17,7.83,74.86,26.76,0.813,2,1,0
SEG_STATE_AS1,state,27.52,6.9,26.37,2.42,1.405,0,0,0
SEG_HWY_NH27,highway,31.74,5.61,30.8,3.41,5.445,2,0,0
SEG_HWY_NH27,highway,19.47,20.51,16.05,3.3,5.096,2,0,0
SEG_HWY_NH37,highway,12.86,18.96,9.7,0.42,3.687,2,0,0
SEG_STATE_MN2,state,11.2,15.49,8.61,29.19,1.643,7,0,1
SEG_STATE_AS1,state,12.5,22.8,8.7,18.43,1.79,1,0,0
SEG_DIST_AR1,district,29.64,14.57,27.22,29.49,0.971,0,0,0
SEG_HWY_NH37,highway,22.99,9.7,21.37,0.0,2.922,3,0,1
SEG_DIST_MZ1,district,52.81,11.67,50.87,33.56,0.1,8,1,1
SEG_HWY_NH27,highway,36.55,10.8,34.75,11.32,5.062,1,0,0
SEG_DIST_AR1,district,18.37,10.72,16.58,21.62,1.087,4,0,1
SEG_RURAL_TR1,rural,24.05,10.65,22.28,53.11,0.553,7,0,1
SEG_RURAL_TR1,rural,2.86,2.72,2.4,47.55,0.05,7,0,1
SEG_HWY_NH37,highway,21.52,14.81,19.05,3.0,3.576,0,0,0
SEG_DIST_MZ1,district,24.41,8.72,22.95,44.08,0.077,1,0,1
SEG_STATE_MN2,state,33.44,6.38,32.38,19.04,1.707,2,0,1
SEG_STATE_MN2,state,23.59,8.15,22.23,28.91,1.946,3,0,1
SEG_STATE_MN2,state,33.02,13.66,30.74,17.58,2.157,3,1,1
SEG_DIST_AR1,district,39.76,3.23,39.22,28.85,0.826,7,0,0
SEG_RURAL_TR1,rural,31.84,7.02,30.68,41.74,0.05,0,0,0
SEG_STATE_AS1,state,34.27,33.68,28.66,18.68,1.031,1,0,0
SEG_HWY_NH37,highway,18.98,21.15,15.45,6.46,3.288,6,0,1
SEG_RURAL_NL1,rural,35.07,23.42,31.16,42.9,0.433,0,1,0
SEG_HWY_NH37,highway,27.84,22.5,24.09,8.58,2.773,5,1,1
SEG_DIST_AR1,district,26.37,6.23,25.33,38.97,0.05,3,0,1
SEG_STATE_AS1,state,23.25,17.48,20.34,18.27,1.025,0,0,0
SEG_HWY_NH37,highway,44.78,6.95,43.62,4.91,3.114,2,1,0
SEG_DIST_AR1,district,16.32,21.91,12.66,34.81,1.423,6,1,1
SEG_STATE_MN2,state,14.31,5.06,13.47,15.28,1.699,1,0,1
SEG_DIST_AR1,district,11.76,24.53,7.67,29.06,0.211,4,0,1
SEG_HWY_NH37,highway,11.9,7.42,10.66,12.37,3.057,1,0,0
SEG_RURAL_TR1,rural,12.63,34.73,6.84,37.9,0.307,0,0,0
SEG_HWY_NH37,highway,8.41,13.85,6.1,16.48,2.483,4,0,0
SEG_HWY_NH27,highway,47.98,9.65,46.37,13.44,5.167,4,0,0
SEG_RURAL_NL1,rural,13.13,0.23,13.09,27.83,0.05,1,0,0
SEG_DIST_AR1,district,73.44,4.09,72.76,22.08,0.234,6,0,0
SEG_DIST_MZ1,district,34.43,1.71,34.14,39.04,0.596,2,1,0
SEG_HWY_NH27,highway,67.42,18.04,64.42,6.5,4.934,7,1,1
SEG_HWY_NH37,highway,10.79,2.64,10.34,7.85,3.379,1,0,0
SEG_DIST_AR1,district,45.51,6.16,44.48,22.16,0.853,4,1,1
SEG_RURAL_NL1,rural,29.34,2.83,28.86,43.88,0.134,1,0,0
SEG_STATE_MN2,state,12.6,40.25,5.9,19.01,1.862,3,0,0
SEG_RURAL_NL1,rural,22.6,13.31,20.38,39.99,0.168,0,0,0
SEG_HWY_NH27,highway,39.33,20.24,35.96,9.88,5.013,1,0,0
SEG_DIST_MZ1,district,9.45,5.65,8.5,34.71,0.338,9,0,0
SEG_RURAL_TR1,rural,19.39,1.75,19.1,38.64,0.366,0,0,0
SEG_HWY_NH27,highway,20.42,24.92,16.27,8.22,5.31,4,0,0
SEG_STATE_AS1,state,23.04,6.73,21.91,14.17,1.373,2,0,0
SEG_STATE_MN2,state,12.91,18.59,9.81,27.87,2.289,1,0,0
SEG_RURAL_TR1,rural,28.27,29.51,23.35,38.38,0.05,3,0,0
SEG_HWY_NH37,highway,40.9,14.83,38.43,7.58,2.992,0,0,1
SEG_HWY_NH37,highway,42.83,10.99,41.0,9.38,3.564,7,0,1
SEG_STATE_MN2,state,15.15,2.55,14.72,18.37,1.559,5,0,0
SEG_DIST_AR1,district,15.8,1.89,15.49,39.02,0.807,4,0,0
SEG_DIST_MZ1,district,40.05,0.75,39.93,27.35,0.05,1,0,0
SEG_RURAL_TR1,rural,19.34,11.47,17.43,43.27,0.21,2,0,0
SEG_RURAL_NL1,rural,83.81,13.41,81.57,38.51,0.426,4,0,1
SEG_STATE_AS1,state,41.78,21.51,38.2,16.76,1.489,2,0,0
SEG_HWY_NH37,highway,12.93,31.38,7.7,6.53,2.762,6,0,0
SEG_DIST_MZ1,district,40.01,6.08,38.99,36.69,0.36,1,0,0
SEG_DIST_MZ1,district,29.98,13.39,27.75,30.86,0.623,2,0,0
SEG_DIST_MZ1,district,18.36,15.16,15.83,43.46,0.477,5,0,1
SEG_DIST_AR1,district,13.48,11.29,11.6,36.34,1.191,10,0,0
SEG_STATE_MN2,state,31.06,7.9,29.74,24.17,2.173,4,0,1
SEG_DIST_AR1,district,40.15,2.45,39.74,28.69,1.242,3,0,1
SEG_HWY_NH37,highway,44.92,23.26,41.04,8.18,2.935,3,0,0
SEG_DIST_AR1,district,40.17,1.31,39.95,36.16,0.882,0,0,0
SEG_RURAL_NL1,rural,38.08,20.18,34.72,47.11,0.15,0,0,1
SEG_HWY_NH37,highway,24.01,9.57,22.42,3.49,3.383,2,0,1
SEG_DIST_AR1,district,30.52,10.22,28.82,30.44,0.812,6,0,0
SEG_STATE_MN2,state,49.6,19.84,46.3,22.02,1.547,1,0,0
SEG_STATE_AS1,state,14.22,17.47,11.31,14.83,1.713,1,0,1
SEG_DIST_MZ1,district,72.48,3.65,71.87,43.56,0.449,9,0,0
SEG_RURAL_NL1,rural,20.92,16.71,18.14,40.25,0.215,1,0,0
SEG_STATE_AS1,state,41.97,5.96,40.97,11.21,1.139,2,0,0
SEG_HWY_NH27,highway,14.08,8.67,12.64,3.22,4.658,4,0,0
SEG_RURAL_NL1,rural,2.48,14.58,0.05,42.21,0.465,1,0,0
SEG_STATE_MN2,state,17.96,28.49,13.21,23.54,1.959,2,1,0
SEG_RURAL_NL1,rural,44.8,16.12,42.11,46.66,0.349,2,0,1
SEG_STATE_MN2,state,2.3,11.22,0.43,23.18,2.314,4,0,0
SEG_STATE_AS1,state,10.11,17.37,7.22,22.76,1.553,2,0,1
SEG_RURAL_NL1,rural,18.05,4.98,17.22,52.96,0.898,0,0,0
SEG_DIST_AR1,district,51.39,23.81,47.42,26.34,0.407,0,1,1
SEG_DIST_MZ1,district,2.4,14.72,-0.06,27.78,1.135,2,0,0
SEG_RURAL_TR1,rural,32.66,2.16,32.3,46.2,0.05,1,0,0
SEG_STATE_AS1,state,9.19,25.57,4.93,16.17,1.438,7,0,0
SEG_STATE_MN2,state,42.12,15.95,39.46,20.65,2.336,9,0,0
SEG_STATE_AS1,state,5.17,1.14,4.98,14.18,0.875,4,0,0
SEG_STATE_MN2,state,39.75,19.52,36.49,18.36,1.781,3,0,1
SEG_STATE_AS1,state,38.82,8.51,37.41,20.38,1.083,0,0,0
SEG_DIST_AR1,district,4.8,29.78,-0.17,30.45,0.429,1,0,1
SEG_STATE_AS1,state,20.66,8.55,19.23,13.28,1.08,3,0,1
SEG_RURAL_NL1,rural,16.63,12.98,14.47,41.07,0.05,0,0,0
SEG_STATE_AS1,state,12.36,19.27,9.14,23.12,1.316,2,0,1
SEG_STATE_AS1,state,59.16,13.81,56.86,5.47,1.53,2,0,0
SEG_DIST_MZ1,district,0.47,24.17,-3.56,35.89,0.465,5,0,0
SEG_HWY_NH27,highway,31.02,9.36,29.46,14.1,4.763,1,0,0
SEG_HWY_NH27,highway,22.47,3.79,21.84,12.55,4.761,3,0,0
SEG_STATE_AS1,state,33.09,5.68,32.14,19.89,1.638,5,0,0
SEG_DIST_MZ1,district,11.2,1.87,10.89,37.31,0.434,5,0,0
SEG_STATE_AS1,state,11.46,4.5,10.71,16.78,1.493,6,0,0
SEG_HWY_NH37,highway,48.55,25.16,44.35,0.24,3.018,1,1,0
SEG_DIST_MZ1,district,21.79,47.59,13.86,34.11,0.34,2,0,1
SEG_RURAL_NL1,rural,81.2,4.11,80.51,45.62,0.278,13,0,1
SEG_RURAL_NL1,rural,21.11,10.24,19.4,36.75,0.388,0,0,0
SEG_DIST_AR1,district,17.44,3.28,16.9,32.16,0.706,4,0,0
SEG_RURAL_TR1,rural,45.78,15.51,43.2,44.75,0.501,5,0,0
SEG_DIST_AR1,district,16.85,14.67,14.4,28.03,0.435,6,0,0
SEG_STATE_AS1,state,24.15,14.72,21.7,16.59,1.052,1,0,0
SEG_STATE_MN2,state,19.86,14.97,17.37,23.0,2.115,9,0,1
SEG_HWY_NH27,highway,5.81,3.21,5.28,18.32,5.151,2,0,1
SEG_STATE_AS1,state,4.35,1.7,4.07,16.46,1.64,4,0,0
SEG_STATE_AS1,state,4.88,4.72,4.09,17.57,1.804,5,0,0
SEG_HWY_NH37,highway,13.72,26.2,9.35,7.7,2.349,3,0,0
SEG_DIST_AR1,district,18.39,4.83,17.58,27.61,0.559,4,0,1
SEG_STATE_MN2,state,27.07,20.33,23.68,30.36,2.08,2,1,1
SEG_STATE_MN2,state,17.89,4.81,17.09,27.53,1.826,1,0,1
SEG_STATE_MN2,state,37.25,4.15,36.56,21.03,1.978,3,0,0
SEG_HWY_NH37,highway,7.0,9.4,5.43,0.0,3.172,13,0,0
SEG_DIST_MZ1,district,11.92,3.92,11.27,36.44,0.119,1,0,0
SEG_HWY_NH27,highway,5.09,4.15,4.4,0.0,5.368,1,0,0
SEG_RURAL_TR1,rural,57.25,10.91,55.43,45.74,0.148,2,0,0
SEG_STATE_AS1,state,24.71,19.42,21.48,17.97,1.395,2,0,0
SEG_RURAL_TR1,rural,7.39,16.45,4.65,40.34,0.054,3,0,1
SEG_DIST_MZ1,district,1.99,19.32,-1.23,27.16,0.952,1,0,1
SEG_STATE_AS1,state,47.23,5.43,46.32,25.14,1.544,0,0,0
SEG_RURAL_NL1,rural,32.65,33.21,27.11,39.2,0.05,10,0,0
SEG_RURAL_TR1,rural,13.83,6.98,12.66,42.12,0.05,2,0,1
SEG_RURAL_TR1,rural,43.96,7.32,42.74,42.73,0.05,3,0,1
SEG_STATE_AS1,state,35.53,18.17,32.5,31.55,1.143,8,0,1
SEG_STATE_AS1,state,77.14,6.62,76.03,23.61,1.388,3,1,1
SEG_STATE_MN2,state,29.38,28.95,24.56,19.73,1.944,6,0,0
SEG_STATE_MN2,state,52.14,13.63,49.87,25.79,1.945,7,0,1
SEG_HWY_NH37,highway,10.98,1.47,10.74,7.8,3.169,4,0,1
SEG_RURAL_NL1,rural,53.36,2.03,53.02,44.4,0.479,3,0,1
SEG_HWY_NH37,highway,43.09,7.41,41.86,0.74,3.06,2,0,0
SEG_DIST_AR1,district,27.3,8.91,25.82,21.81,0.903,2,0,0
SEG_RURAL_NL1,rural,26.85,14.57,24.42,37.13,0.569,1,1,0
SEG_STATE_MN2,state,56.32,31.9,51.0,20.87,1.929,7,1,1
SEG_STATE_MN2,state,27.34,53.84,18.37,35.15,2.234,3,0,1
SEG_STATE_MN2,state,37.99,25.13,33.81,23.34,1.9,0,0,0
SEG_HWY_NH27,highway,16.22,2.41,15.82,10.96,5.257,1,0,0
SEG_STATE_AS1,state,10.03,5.14,9.18,12.0,1.212,1,0,0
SEG_RURAL_TR1,rural,45.58,9.6,43.98,50.71,0.05,0,1,1
SEG_RURAL_TR1,rural,4.19,5.64,3.25,41.99,0.05,1,0,0
SEG_DIST_MZ1,district,56.07,0.83,55.93,35.46,1.254,0,1,1
SEG_RURAL_TR1,rural,28.78,11.33,26.89,47.79,0.451,2,0,0
SEG_STATE_MN2,state,42.85,33.46,37.27,26.25,1.879,1,1,0
SEG_RURAL_NL1,rural,0.29,4.98,-0.54,42.97,0.05,5,0,1
SEG_RURAL_NL1,rural,43.16,28.49,38.41,41.85,0.482,4,1,1
SEG_HWY_NH37,highway,25.85,38.0,19.51,1.47,2.701,0,0,1
SEG_RURAL_NL1,rural,8.71,9.13,7.19,37.51,0.237,1,0,0
SEG_DIST_MZ1,district,9.95,17.67,7.0,44.11,0.612,2,0,0
SEG_RURAL_NL1,rural,40.53,2.91,40.04,38.83,0.085,8,1,1
SEG_HWY_NH37,highway,13.2,11.33,11.32,0.0,2.777,1,0,0
SEG_HWY_NH27,highway,14.23,9.39,12.67,0.11,5.543,0,0,0
SEG_RURAL_TR1,rural,12.47,11.13,10.61,41.92,0.153,1,0,0
SEG_RURAL_TR1,rural,2.92,5.66,1.98,46.56,0.237,1,1,1
SEG_HWY_NH37,highway,15.67,40.67,8.89,5.73,3.127,0,0,0
SEG_STATE_MN2,state,32.57,4.85,31.77,22.72,2.321,0,0,0
SEG_RURAL_NL1,rural,29.27,1.08,29.09,41.09,0.05,4,0,0
SEG_HWY_NH37,highway,17.71,5.39,16.81,9.6,3.864,3,0,0
SEG_RURAL_NL1,rural,43.12,14.86,40.64,51.16,0.139,0,0,0
SEG_HWY_NH37,highway,53.31,9.29,51.76,4.64,3.384,4,0,0
SEG_STATE_MN2,state,15.59,1.17,15.4,20.99,2.067,3,0,0
SEG_DIST_AR1,district,60.45,5.26,59.57,24.5,0.845,6,0,0
SEG_RURAL_TR1,rural,8.98,4.29,8.27,48.91,0.05,1,0,0
SEG_RURAL_NL1,rural,73.41,4.42,72.67,35.6,0.228,15,0,1
SEG_DIST_AR1,district,44.85,36.67,38.74,28.93,1.185,0,0,1
SEG_DIST_AR1,district,28.87,14.7,26.42,18.32,0.846,3,0,0
SEG_RURAL_TR1,rural,17.08,10.03,15.4,40.42,0.05,1,1,0
SEG_STATE_AS1,state,21.44,33.0,15.94,12.65,1.426,4,0,0
SEG_RURAL_NL1,rural,8.42,30.78,3.29,40.28,0.374,1,0,1
SEG_DIST_AR1,district,22.17,19.23,18.96,22.55,1.034,7,0,1
SEG_HWY_NH37,highway,11.5,23.15,7.64,0.0,2.6,1,0,0
SEG_STATE_AS1,state,64.27,3.04,63.77,14.85,1.764,2,1,1
SEG_RURAL_TR1,rural,8.37,14.58,5.94,44.07,0.453,1,0,1
SEG_RURAL_TR1,rural,12.77,18.67,9.66,37.8,0.761,6,0,0
SEG_HWY_NH27,highway,6.81,15.34,4.25,2.6,5.339,2,0,0
SEG_HWY_NH27,highway,19.55,1.3,19.33,8.69,4.999,1,0,0
SEG_STATE_AS1,state,63.37,32.02,58.03,13.32,2.124,0,1,1
SEG_STATE_AS1,state,88.47,8.1,87.12,8.94,1.063,5,0,1
SEG_RURAL_NL1,rural,36.89,11.27,35.01,40.98,0.5,3,0,0
SEG_RURAL_NL1,rural,25.91,7.06,24.74,43.12,0.096,0,0,0
SEG_DIST_MZ1,district,39.29,12.24,37.25,35.5,0.973,3,0,0
SEG_RURAL_TR1,rural,37.12,22.58,33.36,56.25,0.097,1,0,0
SEG_HWY_NH37,highway,29.83,34.05,24.15,8.83,2.624,2,0,0
SEG_STATE_AS1,state,27.54,5.08,26.69,13.72,1.405,3,0,0
SEG_RURAL_TR1,rural,23.4,30.32,18.35,44.47,0.627,3,0,0
SEG_STATE_MN2,state,28.49,19.06,25.31,15.77,1.948,3,0,0
SEG_RURAL_TR1,rural,1.25,16.48,-1.5,45.81,0.313,0,0,0
SEG_HWY_NH27,highway,64.8,8.47,63.39,5.15,4.838,3,1,0
SEG_DIST_AR1,district,12.75,1.33,12.53,28.36,0.19,3,0,1
SEG_DIST_MZ1,district,29.66,1.31,29.44,30.5,0.654,6,0,0
SEG_STATE_AS1,state,11.18,14.78,8.72,11.78,1.548,7,0,0
SEG_HWY_NH27,highway,5.61,6.65,4.5,9.42,4.625,1,0,0
SEG_HWY_NH27,highway,22.18,1.17,21.98,0.39,4.871,0,1,1
SEG_HWY_NH27,highway,49.39,7.91,48.07,4.25,4.998,0,0,0
SEG_RURAL_TR1,rural,7.43,6.85,6.28,42.2,0.233,2,0,1
SEG_DIST_MZ1,district,0.77,12.59,-1.33,23.91,0.456,1,0,1
SEG_HWY_NH27,highway,27.12,10.78,25.32,7.6,5.446,1,0,0
SEG_RURAL_NL1,rural,18.51,21.26,14.97,42.27,0.323,4,1,1
SEG_STATE_AS1,state,43.03,24.15,39.0,27.96,1.895,7,0,0
SEG_RURAL_NL1,rural,29.28,4.09,28.6,48.45,0.098,3,1,1
SEG_RURAL_NL1,rural,77.59,18.16,74.56,37.76,0.361,1,1,1
SEG_HWY_NH37,highway,16.81,54.21,7.78,5.59,3.204,1,0,0
SEG_STATE_AS1,state,54.61,12.32,52.56,14.92,1.428,1,1,0
SEG_DIST_MZ1,district,16.83,20.36,13.44,37.07,0.489,1,0,1
SEG_STATE_AS1,state,25.3,8.54,23.87,19.85,1.329,4,0,0
SEG_STATE_AS1,state,33.47,23.76,29.51,21.99,1.765,2,0,0
SEG_STATE_AS1,state,34.63,17.36,31.73,27.46,1.494,11,0,1
SEG_STATE_AS1,state,9.2,10.43,7.46,22.18,1.423,5,0,1
SEG_HWY_NH37,highway,9.87,27.15,5.35,2.68,2.979,7,0,1
SEG_RURAL_NL1,rural,16.17,55.26,6.96,39.08,0.05,4,0,1
SEG_DIST_AR1,district,45.78,3.64,45.17,24.76,1.02,0,0,0
SEG_DIST_AR1,district,22.91,31.59,17.64,38.21,0.277,0,0,1
SEG_RURAL_TR1,rural,3.43,10.47,1.68,45.57,0.087,2,0,0
SEG_DIST_AR1,district,51.55,1.92,51.23,29.22,0.949,2,0,1
SEG_STATE_AS1,state,13.5,2.46,13.09,13.05,1.168,1,0,1
SEG_HWY_NH27,highway,12.69,14.77,10.23,8.84,4.596,7,0,0
SEG_STATE_AS1,state,34.99,1.46,34.75,13.84,1.672,2,1,1
SEG_STATE_MN2,state,29.89,2.94,29.4,19.1,1.776,1,0,0
SEG_HWY_NH37,highway,39.19,12.33,37.13,0.0,3.645,5,0,0
SEG_DIST_AR1,district,39.36,2.41,38.96,25.78,0.881,3,0,0
SEG_HWY_NH37,highway,47.61,31.14,42.42,2.67,3.268,2,0,1
SEG_RURAL_TR1,rural,21.1,20.46,17.69,31.45,0.73,6,0,0
SEG_RURAL_TR1,rural,47.71,8.87,46.23,51.54,0.465,2,0,0
SEG_RURAL_TR1,rural,3.55,8.95,2.06,49.15,0.441,0,0,0
SEG_HWY_NH37,highway,9.32,30.42,4.25,0.52,2.682,0,1,0
SEG_RURAL_TR1,rural,21.59,29.13,16.73,46.02,0.05,3,0,0
SEG_STATE_MN2,state,16.78,1.12,16.6,29.2,2.022,1,0,1
SEG_STATE_MN2,state,1.01,44.57,-6.41,29.6,1.57,1,0,0
SEG_RURAL_TR1,rural,33.26,16.77,30.47,43.32,0.765,1,0,1
SEG_RURAL_TR1,rural,14.4,5.17,13.54,48.39,0.175,3,0,0
SEG_RURAL_NL1,rural,58.38,5.0,57.55,41.51,0.112,3,0,0
SEG_RURAL_TR1,rural,26.9,10.98,25.07,37.59,0.432,0,0,1
SEG_HWY_NH27,highway,35.25,4.98,34.42,5.55,5.618,1,0,0
SEG_HWY_NH37,highway,52.39,14.26,50.01,4.53,2.604,5,0,0
SEG_STATE_MN2,state,81.32,8.91,79.84,12.91,2.24,0,0,1
SEG_DIST_AR1,district,21.59,5.9,20.61,27.65,1.291,4,0,1
SEG_STATE_MN2,state,45.36,26.98,40.86,24.17,1.949,2,0,1
SEG_HWY_NH37,highway,38.9,7.32,37.68,2.29,3.27,5,0,0
SEG_STATE_AS1,state,23.37,3.27,22.83,15.11,1.618,2,0,0
SEG_STATE_AS1,state,70.63,7.56,69.37,19.74,1.566,0,1,1
SEG_HWY_NH37,highway,46.29,2.37,45.89,14.26,2.873,4,0,1
SEG_DIST_MZ1,district,68.62,21.37,65.06,32.24,0.247,9,1,1
SEG_HWY_NH37,highway,20.84,17.61,17.91,3.31,2.589,2,0,0
SEG_STATE_AS1,state,26.36,8.52,24.94,15.34,1.539,2,0,0
SEG_HWY_NH37,highway,5.68,7.74,4.39,0.0,3.044,0,0,0
SEG_DIST_AR1,district,41.08,20.38,37.68,26.46,1.381,1,0,0
SEG_DIST_MZ1,district,24.63,14.79,22.16,39.86,0.171,5,0,1
SEG_HWY_NH27,highway,43.68,1.54,43.42,4.82,4.525,1,0,0
SEG_HWY_NH37,highway,25.74,21.75,22.11,11.9,3.103,1,0,0
SEG_HWY_NH27,highway,14.17,28.02,9.5,8.0,4.954,1,0,0
SEG_RURAL_NL1,rural,58.11,17.9,55.13,39.04,0.05,3,0,1
SEG_STATE_AS1,state,20.36,6.43,19.29,26.21,1.321,3,0,0
SEG_STATE_AS1,state,18.14,6.95,16.98,20.53,1.802,0,0,0
SEG_DIST_AR1,district,44.89,20.72,41.43,32.88,0.772,0,0,0
SEG_STATE_AS1,state,14.5,22.9,10.68,10.9,1.922,3,0,0
SEG_RURAL_TR1,rural,16.97,25.38,12.74,40.76,0.734,0,0,0
SEG_DIST_MZ1,district,43.93,8.57,42.51,41.92,0.754,0,0,0
SEG_HWY_NH37,highway,1.97,12.61,-0.13,5.18,2.932,1,0,0
SEG_HWY_NH27,highway,5.58,11.92,3.59,9.69,4.768,2,0,0
SEG_DIST_AR1,district,13.68,18.96,10.52,24.94,0.709,5,0,1
SEG_DIST_MZ1,district,47.45,0.02,47.45,31.91,0.557,0,0,1
SEG_DIST_MZ1,district,12.11,23.51,8.19,31.01,0.572,3,0,0
SEG_RURAL_NL1,rural,32.71,30.6,27.61,44.54,0.05,4,0,0
SEG_HWY_NH27,highway,47.46,14.5,45.04,11.81,4.979,0,1,1
SEG_RURAL_NL1,rural,54.77,1.01,54.6,47.3,0.427,5,0,1
SEG_HWY_NH27,highway,44.43,3.54,43.84,8.11,5.674,3,0,0
SEG_DIST_AR1,district,25.38,9.18,23.85,37.61,0.313,12,1,1
SEG_RURAL_TR1,rural,41.49,8.03,40.15,48.65,0.05,8,0,0
SEG_STATE_AS1,state,13.34,39.66,6.73,22.73,1.237,1,0,0
SEG_HWY_NH27,highway,16.42,8.41,15.01,12.4,5.569,0,1,0
SEG_DIST_AR1,district,4.91,7.91,3.59,25.22,0.815,2,0,1
SEG_DIST_MZ1,district,42.35,0.24,42.32,41.03,0.129,3,0,0
SEG_RURAL_NL1,rural,52.56,10.08,50.87,39.07,0.881,1,0,1
SEG_STATE_MN2,state,35.43,1.13,35.24,28.67,1.951,3,0,0
SEG_STATE_MN2,state,17.57,37.06,11.39,9.72,1.712,2,0,1
SEG_HWY_NH37,highway,19.84,6.48,18.76,6.46,3.106,2,0,0
SEG_HWY_NH27,highway,24.04,24.18,20.01,9.93,4.64,0,1,0
SEG_HWY_NH27,highway,13.24,12.38,11.18,11.68,4.854,5,0,0
SEG_RURAL_TR1,rural,1.28,9.57,-0.32,52.3,0.248,5,0,0
SEG_DIST_AR1,district,59.24,16.86,56.43,21.98,0.523,0,0,1
SEG_RURAL_NL1,rural,11.94,13.77,9.64,46.03,0.184,3,0,1
SEG_DIST_MZ1,district,30.98,44.45,23.57,27.32,0.642,2,0,0
SEG_DIST_AR1,district,15.48,30.18,10.45,32.73,0.631,9,0,0
SEG_DIST_MZ1,district,41.84,41.46,34.93,33.13,0.262,0,0,0
SEG_STATE_AS1,state,2.71,14.17,0.35,15.95,1.05,1,0,1
SEG_RURAL_TR1,rural,9.73,6.59,8.63,45.66,0.05,5,0,0
SEG_RURAL_TR1,rural,3.9,2.51,3.48,54.28,0.316,2,0,1
SEG_RURAL_TR1,rural,34.88,11.67,32.94,41.54,0.522,0,0,0
SEG_STATE_AS1,state,73.34,13.67,71.06,13.17,1.51,2,1,1
SEG_STATE_MN2,state,7.54,17.3,4.66,26.48,2.361,1,0,0
SEG_DIST_AR1,district,38.83,11.33,36.94,39.08,1.392,4,0,1
SEG_STATE_MN2,state,60.0,35.43,54.09,20.31,2.487,0,0,0
SEG_HWY_NH37,highway,34.04,4.45,33.3,0.0,3.025,3,0,0
SEG_HWY_NH27,highway,71.38,14.96,68.89,4.48,4.858,1,0,0
SEG_HWY_NH37,highway,8.66,11.36,6.77,7.8,3.543,0,0,0
SEG_RURAL_TR1,rural,31.68,16.89,28.87,48.38,0.123,3,0,1
SEG_HWY_NH27,highway,8.27,9.28,6.72,6.72,5.193,3,1,1
SEG_STATE_MN2,state,5.28,6.22,4.24,21.62,2.281,3,0,0
SEG_RURAL_NL1,rural,24.95,7.9,23.63,32.42,0.581,1,0,0
SEG_RURAL_NL1,rural,60.45,8.0,59.12,45.03,0.05,3,0,1
SEG_HWY_NH37,highway,16.83,7.89,15.52,6.96,3.264,1,0,0
SEG_DIST_MZ1,district,31.67,8.57,30.24,40.65,0.186,1,0,0
SEG_DIST_MZ1,district,28.59,26.13,24.23,31.46,0.231,6,0,1
SEG_STATE_MN2,state,42.53,16.58,39.77,18.45,2.232,4,0,1
SEG_HWY_NH37,highway,16.36,21.96,12.7,2.5,2.947,3,0,0
SEG_STATE_MN2,state,34.53,9.33,32.97,16.49,1.681,0,0,1
SEG_DIST_AR1,district,33.61,15.83,30.98,33.87,0.984,7,0,0
SEG_DIST_AR1,district,51.31,50.33,42.93,38.81,1.067,2,0,0
SEG_HWY_NH27,highway,41.24,47.88,33.26,11.47,5.174,0,0,0
SEG_DIST_AR1,district,45.74,10.27,44.02,23.74,0.622,1,0,0
SEG_DIST_AR1,district,28.71,5.59,27.78,32.42,0.786,0,0,0
SEG_DIST_MZ1,district,11.46,6.25,10.42,40.2,0.201,7,0,0
SEG_HWY_NH37,highway,15.19,14.25,12.82,0.0,3.359,2,0,0
SEG_HWY_NH27,highway,32.24,8.02,30.9,10.66,5.116,0,0,0
SEG_DIST_MZ1,district,24.61,18.26,21.57,35.1,0.409,3,0,1
SEG_DIST_MZ1,district,33.63,4.98,32.8,36.74,0.371,0,0,0
SEG_RURAL_NL1,rural,59.67,5.49,58.76,33.79,0.691,4,0,1
SEG_HWY_NH37,highway,62.28,0.29,62.23,4.09,2.848,0,0,1
SEG_STATE_AS1,state,27.28,6.47,26.2,19.03,1.399,7,0,0
SEG_STATE_MN2,state,16.95,8.81,15.48,24.15,2.395,2,0,1
SEG_DIST_MZ1,district,32.24,9.66,30.63,33.35,0.495,1,0,0
SEG_DIST_MZ1,district,75.07,2.4,74.67,31.77,0.65,4,0,1
SEG_RURAL_TR1,rural,24.8,0.4,24.74,43.37,0.081,2,0,1
SEG_RURAL_TR1,rural,24.07,68.34,12.68,42.25,0.05,1,0,0
SEG_HWY_NH37,highway,54.55,6.58,53.45,1.01,2.656,1,0,1
SEG_STATE_AS1,state,32.65,18.43,29.58,18.68,1.21,2,0,0
SEG_RURAL_TR1,rural,22.4,23.28,18.52,47.08,0.179,1,0,1
SEG_STATE_AS1,state,15.64,18.17,12.61,11.77,1.426,3,0,0
SEG_RURAL_TR1,rural,8.74,3.26,8.19,43.97,0.164,2,0,0
SEG_DIST_MZ1,district,35.98,33.7,30.36,30.69,0.898,2,0,0
SEG_RURAL_TR1,rural,26.57,11.48,24.66,44.78,0.445,3,0,1
SEG_RURAL_NL1,rural,4.3,8.8,2.83,42.99,0.189,4,0,0
SEG_HWY_NH37,highway,47.34,31.24,42.13,4.37,3.524,5,0,1
SEG_DIST_AR1,district,18.28,40.25,11.58,28.2,0.731,0,0,1
SEG_DIST_MZ1,district,11.2,24.5,7.12,38.31,0.833,1,0,0
SEG_HWY_NH37,highway,70.57,11.35,68.68,1.48,2.96,3,1,0
SEG_STATE_MN2,state,23.78,8.28,22.4,25.08,1.927,3,0,0
SEG_DIST_MZ1,district,13.39,5.93,12.4,31.74,0.766,0,0,1
SEG_DIST_MZ1,district,39.28,9.7,37.66,34.21,0.232,5,0,0
SEG_HWY_NH27,highway,75.46,27.63,70.85,7.02,5.153,5,1,0
